MemberID,MemberName,Gender,Age,Occupation,RegistrationDate,MembershipPlan,MembershipFee,PersonalTraining,PTFee,PaymentMode,Trainer,GymShift,CardioUser,LeadSource,BMI,WeightKg,Status,AreaSqFt,GymBranch
PFG20240348,Akash Mishra,Male,29,Housewife,2024-04-08,Monthly,900,No,0,UPI,Shubham Kale,Morning,No,Walk-in,25.9,99,Active,2000,"Prolift Fitness Gym, Wadi, Nagpur"
PFG20240422,Siddharth Chaudhary,Male,24,Working Professional,2024-02-06,Monthly,900,Yes,2500,UPI,Akshay Deshmukh,Morning,No,Google,24.5,74,Active,2000,"Prolift Fitness Gym, Wadi, Nagpur"
PFG20240131,Yash Joshi,Male,30,Student,2024-03-12,Monthly,900,No,0,Cash,Aman Sharma,Morning,Yes,Banner,24.1,89,Active,2000,"Prolift Fitness Gym, Wadi, Nagpur"
PFG20240509,Sakshi Sharma,Female,20,Student,2024-10-26,Quarterly,3000,No,0,UPI,Aman Sharma,Evening,No,Existing Member,26.3,77,Inactive,2000,"Prolift Fitness Gym, Wadi, Nagpur"
PFG20240436,Arjun Tiwari,Male,20,Working Professional,2024-12-24,Half Yearly,5000,No,0,Card,Rohit Patil,Morning,Yes,Walk-in,30.2,62,Active,2000,"Prolift Fitness Gym, Wadi, Nagpur"
PFG20240242,Akash Gupta,Male,28,Business,2024-10-04,Monthly,900,No,0,Card,Aman Sharma,Morning,Yes,Instagram,27.4,48,Active,2000,"Prolift Fitness Gym, Wadi, Nagpur"
PFG20240241,Priya Joshi,Female,28,Working Professional,2024-06-18,Monthly,900,No,0,Cash,Aman Sharma,Evening,Yes,Instagram,31.7,89,Active,2000,"Prolift Fitness Gym, Wadi, Nagpur"
PFG20240465,Vedant Thakur,Male,23,Working Professional,2024-01-11,Half Yearly,5000,No,0,UPI,Aman Sharma,Morning,No,Google,25.9,61,Active,2000,"Prolift Fitness Gym, Wadi, Nagpur"
PFG20240291,Rahul Tiwari,Male,25,Working Professional,2024-10-10,Monthly,900,No,0,Cash,Shubham Kale,Morning,Yes,Existing Member,19.1,86,Active,2000,"Prolift Fitness Gym, Wadi, Nagpur"
PFG20240108,Rahul Sharma,Male,27,Working Professional,2024-01-02,Monthly,900,No,0,Cash,Aman Sharma,Evening,No,Existing Member,32.5,69,Active,2000,"Prolift Fitness Gym, Wadi, Nagpur"
PFG20240468,Nikhil Chaudhary,Male,18,Business,2024-11-11,Monthly,900,Yes,2500,UPI,Aman Sharma,Evening,Yes,Banner,26.8,96,Active,2000,"Prolift Fitness Gym, Wadi, Nagpur"
PFG20240031,Akash Thakur,Male,19,Student,2024-02-18,Yearly,8000,Yes,3000,Cash,Aman Sharma,Evening,Yes,Friend Referral,30.6,97,Active,2000,"Prolift Fitness Gym, Wadi, Nagpur"
PFG20240439,Shubham Patel,Male,30,Student,2024-02-03,Yearly,8000,Yes,3000,UPI,Shubham Kale,Morning,Yes,Google,23.0,65,Active,2000,"Prolift Fitness Gym, Wadi, Nagpur"
PFG20240063,Om Patel,Male,18,Working Professional,2024-06-15,Yearly,8000,Yes,3000,Card,Rohit Patil,Evening,Yes,Friend Referral,18.3,95,Active,2000,"Prolift Fitness Gym, Wadi, Nagpur"
PFG20240451,Krishna Tiwari,Male,23,Business,2024-04-26,Quarterly,3000,No,0,UPI,Aman Sharma,Morning,Yes,Walk-in,18.7,83,Active,2000,"Prolift Fitness Gym, Wadi, Nagpur"
PFG20240345,Pranav Rao,Male,19,Business,2024-02-14,Quarterly,3000,No,0,UPI,Rohit Patil,Morning,Yes,Friend Referral,31.8,63,Active,2000,"Prolift Fitness Gym, Wadi, Nagpur"
PFG20240043,Tanvi Rao,Female,30,Business,2024-03-09,Monthly,900,No,0,UPI,Shubham Kale,Morning,Yes,Instagram,22.5,85,Active,2000,"Prolift Fitness Gym, Wadi, Nagpur"
PFG20240369,Yash Tiwari,Male,26,Freelancer,2024-09-04,Quarterly,3000,No,0,UPI,Akshay Deshmukh,Evening,No,Instagram,25.1,71,Active,2000,"Prolift Fitness Gym, Wadi, Nagpur"
PFG20240430,Arjun Verma,Male,21,Freelancer,2024-12-12,Quarterly,3000,Yes,4000,UPI,Akshay Deshmukh,Morning,Yes,Friend Referral,27.7,61,Active,2000,"Prolift Fitness Gym, Wadi, Nagpur"
PFG20240253,Vivaan Deshmukh,Male,22,Student,2024-11-27,Monthly,900,No,0,UPI,Akshay Deshmukh,Evening,Yes,Walk-in,25.8,78,Active,2000,"Prolift Fitness Gym, Wadi, Nagpur"
PFG20240070,Ankit Kale,Male,20,Housewife,2024-09-13,Quarterly,3000,No,0,UPI,Rohit Patil,Evening,Yes,Walk-in,29.6,104,Active,2000,"Prolift Fitness Gym, Wadi, Nagpur"
PFG20240095,Harsh Deshmukh,Male,24,Housewife,2024-02-01,Monthly,900,Yes,2500,Cash,Aman Sharma,Evening,Yes,Instagram,30.0,56,Active,2000,"Prolift Fitness Gym, Wadi, Nagpur"
PFG20240289,Atharva Patil,Male,19,Freelancer,2024-10-06,Monthly,900,No,0,UPI,Shubham Kale,Morning,Yes,Friend Referral,30.5,99,Active,2000,"Prolift Fitness Gym, Wadi, Nagpur"
PFG20240090,Vivaan Wankhede,Male,23,Student,2024-01-23,Quarterly,3000,No,0,UPI,Aman Sharma,Morning,No,Friend Referral,21.2,78,Active,2000,"Prolift Fitness Gym, Wadi, Nagpur"
PFG20240329,Ankit Borkar,Male,20,Government Employee,2024-01-08,Yearly,8000,No,0,Card,Shubham Kale,Morning,No,Instagram,24.2,77,Active,2000,"Prolift Fitness Gym, Wadi, Nagpur"
PFG20240096,Akash Thakur,Male,22,Freelancer,2024-05-22,Monthly,900,No,0,UPI,Akshay Deshmukh,Morning,Yes,Friend Referral,21.8,96,Active,2000,"Prolift Fitness Gym, Wadi, Nagpur"
PFG20240308,Sakshi Jain,Female,30,Government Employee,2024-01-05,Monthly,900,No,0,Cash,Aman Sharma,Morning,Yes,Walk-in,32.3,68,Active,2000,"Prolift Fitness Gym, Wadi, Nagpur"
PFG20240079,Vivaan Borkar,Male,24,Housewife,2024-01-03,Yearly,8000,No,0,UPI,Akshay Deshmukh,Evening,Yes,Google,30.4,91,Active,2000,"Prolift Fitness Gym, Wadi, Nagpur"
PFG20240014,Aditi Kulkarni,Female,27,Business,2024-03-20,Monthly,900,No,0,UPI,Akshay Deshmukh,Evening,Yes,Instagram,25.9,68,Active,2000,"Prolift Fitness Gym, Wadi, Nagpur"
PFG20240473,Ankit Jain,Male,28,Business,2024-12-06,Half Yearly,5000,No,0,Cash,Shubham Kale,Morning,No,Instagram,31.6,83,Active,2000,"Prolift Fitness Gym, Wadi, Nagpur"
PFG20240523,Arjun Mishra,Male,26,Housewife,2024-10-12,Monthly,900,No,0,UPI,Aman Sharma,Evening,Yes,Walk-in,21.7,87,Active,2000,"Prolift Fitness Gym, Wadi, Nagpur"
PFG20240239,Nikhil Mishra,Male,22,Housewife,2024-10-24,Monthly,900,Yes,4000,Cash,Shubham Kale,Evening,Yes,Banner,20.2,62,Active,2000,"Prolift Fitness Gym, Wadi, Nagpur"
PFG20240313,Vivaan Sharma,Male,27,Business,2024-01-12,Quarterly,3000,No,0,UPI,Shubham Kale,Morning,Yes,Friend Referral,25.5,56,Active,2000,"Prolift Fitness Gym, Wadi, Nagpur"
PFG20240395,Muskan Gupta,Female,25,Student,2024-09-28,Quarterly,3000,No,0,Cash,Rohit Patil,Morning,Yes,Banner,31.9,86,Active,2000,"Prolift Fitness Gym, Wadi, Nagpur"
PFG20240007,Nikhil Wankhede,Male,21,Working Professional,2024-01-18,Monthly,900,No,0,UPI,Rohit Patil,Morning,Yes,Friend Referral,32.6,57,Active,2000,"Prolift Fitness Gym, Wadi, Nagpur"
PFG20240042,Atharva Borkar,Male,28,Housewife,2024-11-06,Quarterly,3000,Yes,4000,UPI,Aman Sharma,Evening,No,Walk-in,31.1,95,Inactive,2000,"Prolift Fitness Gym, Wadi, Nagpur"
PFG20240489,Atharva Chaudhary,Male,20,Working Professional,2024-03-21,Monthly,900,No,0,Cash,Rohit Patil,Evening,No,Instagram,26.7,75,Active,2000,"Prolift Fitness Gym, Wadi, Nagpur"
PFG20240154,Priya Yadav,Female,28,Working Professional,2024-12-01,Monthly,900,No,0,Cash,Rohit Patil,Morning,No,Google,23.2,104,Active,2000,"Prolift Fitness Gym, Wadi, Nagpur"
PFG20240090,Vivaan Wankhede,Male,23,Student,2024-08-13,Yearly,8000,No,0,Cash,Aman Sharma,Evening,Yes,Friend Referral,18.3,49,Active,2000,"Prolift Fitness Gym, Wadi, Nagpur"
PFG20240252,Ritesh Yadav,Male,30,Working Professional,2024-08-03,Quarterly,3000,Yes,2500,UPI,Aman Sharma,Morning,No,Walk-in,33.2,92,Active,2000,"Prolift Fitness Gym, Wadi, Nagpur"
PFG20240499,Atharva Verma,Male,29,Student,2024-01-19,Half Yearly,5000,No,0,Card,Rohit Patil,Morning,No,Google,29.1,72,Active,2000,"Prolift Fitness Gym, Wadi, Nagpur"
PFG20240381,Arjun Verma,Male,18,Housewife,2024-11-21,Quarterly,3000,No,0,UPI,Rohit Patil,Morning,Yes,Instagram,22.2,70,Active,2000,"Prolift Fitness Gym, Wadi, Nagpur"
PFG20240025,Harsh Joshi,Male,30,Freelancer,2024-11-20,Half Yearly,5000,No,0,UPI,Aman Sharma,Morning,Yes,Google,26.4,61,Active,2000,"Prolift Fitness Gym, Wadi, Nagpur"
PFG20240497,Simran Yadav,Female,20,Government Employee,2024-06-10,Half Yearly,5000,No,0,UPI,Rohit Patil,Evening,Yes,Friend Referral,30.8,79,Active,2000,"Prolift Fitness Gym, Wadi, Nagpur"
PFG20240212,Ishita Mishra,Female,27,Working Professional,2024-11-23,Monthly,900,Yes,4000,Cash,Shubham Kale,Evening,No,Friend Referral,30.2,88,Active,2000,"Prolift Fitness Gym, Wadi, Nagpur"
PFG20240336,Ankit Patel,Male,24,Housewife,2024-04-10,Monthly,900,No,0,UPI,Rohit Patil,Evening,No,Friend Referral,32.6,56,Active,2000,"Prolift Fitness Gym, Wadi, Nagpur"
PFG20240267,Om Verma,Male,23,Freelancer,2024-06-28,Half Yearly,5000,No,0,Cash,Shubham Kale,Morning,Yes,Friend Referral,22.1,62,Active,2000,"Prolift Fitness Gym, Wadi, Nagpur"
PFG20240327,Karan Borkar,Male,21,Business,2024-10-27,Half Yearly,5000,Yes,2500,Card,Shubham Kale,Evening,Yes,Instagram,21.8,60,Active,2000,"Prolift Fitness Gym, Wadi, Nagpur"
PFG20240255,Aditi Jain,Female,28,Student,2024-04-05,Half Yearly,5000,No,0,UPI,Akshay Deshmukh,Morning,Yes,Existing Member,22.5,104,Active,2000,"Prolift Fitness Gym, Wadi, Nagpur"
PFG20240203,Ankit Thakur,Male,29,Working Professional,2024-05-05,Monthly,900,No,0,UPI,Shubham Kale,Morning,No,Friend Referral,27.0,95,Active,2000,"Prolift Fitness Gym, Wadi, Nagpur"
PFG20240331,Tanvi Tiwari,Female,28,Working Professional,2024-05-11,Monthly,900,No,0,Card,Rohit Patil,Morning,No,Google,27.8,64,Active,2000,"Prolift Fitness Gym, Wadi, Nagpur"
PFG20240121,Aarav Thakur,Male,26,Housewife,2024-12-11,Half Yearly,5000,No,0,UPI,Akshay Deshmukh,Morning,Yes,Friend Referral,20.7,98,Inactive,2000,"Prolift Fitness Gym, Wadi, Nagpur"
PFG20240510,Harsh Rao,Male,27,Government Employee,2024-10-17,Monthly,900,No,0,UPI,Akshay Deshmukh,Evening,Yes,Existing Member,21.4,91,Active,2000,"Prolift Fitness Gym, Wadi, Nagpur"
PFG20240304,Arjun Kulkarni,Male,28,Student,2024-03-13,Monthly,900,Yes,3000,Cash,Shubham Kale,Evening,Yes,Walk-in,22.8,73,Inactive,2000,"Prolift Fitness Gym, Wadi, Nagpur"
PFG20240219,Karan Patil,Male,25,Working Professional,2024-01-25,Monthly,900,No,0,UPI,Akshay Deshmukh,Morning,No,Walk-in,28.4,101,Active,2000,"Prolift Fitness Gym, Wadi, Nagpur"
PFG20240194,Neha Yadav,Female,30,Freelancer,2024-11-16,Monthly,900,No,0,UPI,Akshay Deshmukh,Evening,No,Existing Member,28.6,78,Active,2000,"Prolift Fitness Gym, Wadi, Nagpur"
PFG20240319,Yash Kulkarni,Male,21,Housewife,2024-03-16,Monthly,900,No,0,Cash,Shubham Kale,Evening,Yes,Instagram,24.1,53,Active,2000,"Prolift Fitness Gym, Wadi, Nagpur"
PFG20240369,Yash Tiwari,Male,26,Freelancer,2024-12-26,Yearly,8000,Yes,3000,Cash,Akshay Deshmukh,Morning,No,Instagram,19.3,66,Active,2000,"Prolift Fitness Gym, Wadi, Nagpur"
PFG20240434,Krishna Tiwari,Male,20,Government Employee,2024-11-07,Yearly,8000,Yes,4000,Cash,Shubham Kale,Morning,No,Banner,30.3,101,Active,2000,"Prolift Fitness Gym, Wadi, Nagpur"
PFG20240173,Rahul Borkar,Male,19,Housewife,2024-09-04,Quarterly,3000,No,0,UPI,Aman Sharma,Morning,Yes,Friend Referral,25.6,105,Active,2000,"Prolift Fitness Gym, Wadi, Nagpur"
PFG20240082,Aman Jain,Male,26,Freelancer,2024-02-11,Quarterly,3000,No,0,Cash,Rohit Patil,Evening,Yes,Friend Referral,32.9,52,Active,2000,"Prolift Fitness Gym, Wadi, Nagpur"
PFG20240292,Atharva Sharma,Male,18,Freelancer,2024-09-11,Half Yearly,5000,Yes,3000,UPI,Rohit Patil,Morning,Yes,Google,27.8,69,Active,2000,"Prolift Fitness Gym, Wadi, Nagpur"
PFG20240195,Siddharth Wankhede,Male,30,Freelancer,2024-03-11,Monthly,900,No,0,Cash,Akshay Deshmukh,Evening,Yes,Friend Referral,23.3,65,Inactive,2000,"Prolift Fitness Gym, Wadi, Nagpur"
PFG20240393,Rahul Wankhede,Male,30,Student,2024-02-23,Monthly,900,No,0,Cash,Shubham Kale,Morning,Yes,Friend Referral,24.4,84,Active,2000,"Prolift Fitness Gym, Wadi, Nagpur"
PFG20240045,Aarav Verma,Male,21,Government Employee,2024-11-18,Quarterly,3000,No,0,Cash,Rohit Patil,Morning,Yes,Friend Referral,25.2,96,Active,2000,"Prolift Fitness Gym, Wadi, Nagpur"
PFG20240427,Vivaan Thakur,Male,30,Student,2024-04-27,Monthly,900,No,0,Cash,Rohit Patil,Evening,Yes,Walk-in,18.5,84,Active,2000,"Prolift Fitness Gym, Wadi, Nagpur"
PFG20240120,Ananya Wankhede,Female,27,Freelancer,2024-11-25,Half Yearly,5000,No,0,Card,Rohit Patil,Evening,Yes,Friend Referral,27.3,90,Inactive,2000,"Prolift Fitness Gym, Wadi, Nagpur"
PFG20240520,Pranav Kale,Male,19,Student,2024-02-05,Quarterly,3000,No,0,UPI,Aman Sharma,Morning,No,Banner,21.5,55,Active,2000,"Prolift Fitness Gym, Wadi, Nagpur"
PFG20240286,Ritesh Tiwari,Male,25,Housewife,2024-12-12,Half Yearly,5000,No,0,Card,Akshay Deshmukh,Morning,Yes,Friend Referral,25.8,90,Inactive,2000,"Prolift Fitness Gym, Wadi, Nagpur"
PFG20240253,Vivaan Deshmukh,Male,22,Student,2024-02-02,Half Yearly,5000,Yes,2500,Card,Akshay Deshmukh,Morning,Yes,Instagram,27.4,103,Active,2000,"Prolift Fitness Gym, Wadi, Nagpur"
PFG20240076,Siddharth Kulkarni,Male,27,Housewife,2024-05-06,Monthly,900,No,0,UPI,Aman Sharma,Morning,No,Friend Referral,24.1,98,Active,2000,"Prolift Fitness Gym, Wadi, Nagpur"
PFG20240361,Ritesh Joshi,Male,22,Business,2024-08-21,Half Yearly,5000,No,0,UPI,Rohit Patil,Morning,No,Friend Referral,22.9,75,Inactive,2000,"Prolift Fitness Gym, Wadi, Nagpur"
PFG20240354,Ankit Patil,Male,27,Working Professional,2024-03-01,Monthly,900,No,0,UPI,Aman Sharma,Morning,Yes,Walk-in,31.8,84,Active,2000,"Prolift Fitness Gym, Wadi, Nagpur"
PFG20240004,Nikita Kale,Female,28,Government Employee,2024-07-18,Quarterly,3000,No,0,UPI,Shubham Kale,Morning,Yes,Walk-in,24.3,93,Active,2000,"Prolift Fitness Gym, Wadi, Nagpur"
PFG20240407,Aarav Patil,Male,25,Freelancer,2024-07-12,Half Yearly,5000,No,0,UPI,Rohit Patil,Evening,No,Friend Referral,25.5,85,Active,2000,"Prolift Fitness Gym, Wadi, Nagpur"
PFG20240532,Aditya Jain,Male,30,Housewife,2024-04-19,Monthly,900,No,0,Card,Shubham Kale,Morning,Yes,Existing Member,23.9,54,Active,2000,"Prolift Fitness Gym, Wadi, Nagpur"
PFG20240228,Aditya Gupta,Male,23,Freelancer,2024-04-17,Quarterly,3000,Yes,2500,Card,Rohit Patil,Evening,Yes,Instagram,32.4,65,Active,2000,"Prolift Fitness Gym, Wadi, Nagpur"
PFG20240192,Nikita Gupta,Female,22,Student,2024-02-06,Monthly,900,Yes,2500,UPI,Shubham Kale,Evening,Yes,Banner,31.9,103,Active,2000,"Prolift Fitness Gym, Wadi, Nagpur"
PFG20240256,Arjun Patel,Male,22,Business,2024-09-22,Quarterly,3000,No,0,Cash,Akshay Deshmukh,Evening,No,Existing Member,21.6,50,Inactive,2000,"Prolift Fitness Gym, Wadi, Nagpur"
PFG20240446,Ananya Kale,Female,18,Student,2024-11-23,Half Yearly,5000,No,0,UPI,Shubham Kale,Morning,Yes,Google,32.6,91,Active,2000,"Prolift Fitness Gym, Wadi, Nagpur"
PFG20240504,Shubham Rao,Male,25,Business,2024-02-04,Monthly,900,No,0,UPI,Shubham Kale,Morning,No,Banner,25.4,60,Active,2000,"Prolift Fitness Gym, Wadi, Nagpur"
PFG20240181,Karan Patel,Male,27,Business,2024-11-04,Yearly,8000,Yes,2500,Cash,Akshay Deshmukh,Evening,No,Instagram,21.8,55,Active,2000,"Prolift Fitness Gym, Wadi, Nagpur"
PFG20240081,Karan Verma,Male,20,Housewife,2024-07-05,Monthly,900,Yes,3000,UPI,Aman Sharma,Morning,Yes,Friend Referral,22.7,99,Active,2000,"Prolift Fitness Gym, Wadi, Nagpur"
PFG20240281,Siddharth Chaudhary,Male,25,Student,2024-12-02,Quarterly,3000,No,0,Card,Akshay Deshmukh,Evening,No,Walk-in,29.7,71,Active,2000,"Prolift Fitness Gym, Wadi, Nagpur"
PFG20240303,Karan Tiwari,Male,19,Government Employee,2024-05-06,Monthly,900,No,0,UPI,Shubham Kale,Morning,Yes,Friend Referral,26.0,76,Active,2000,"Prolift Fitness Gym, Wadi, Nagpur"
PFG20240238,Ishita Yadav,Female,20,Business,2024-01-14,Monthly,900,No,0,UPI,Aman Sharma,Morning,Yes,Instagram,20.9,86,Active,2000,"Prolift Fitness Gym, Wadi, Nagpur"
PFG20240034,Om Wankhede,Male,30,Business,2024-02-20,Quarterly,3000,No,0,UPI,Akshay Deshmukh,Evening,Yes,Walk-in,29.4,74,Active,2000,"Prolift Fitness Gym, Wadi, Nagpur"
PFG20240433,Ishita Kulkarni,Female,23,Business,2024-01-14,Yearly,8000,Yes,4000,UPI,Aman Sharma,Morning,Yes,Existing Member,18.8,92,Active,2000,"Prolift Fitness Gym, Wadi, Nagpur"
PFG20240295,Aarav Kulkarni,Male,26,Government Employee,2024-01-23,Monthly,900,No,0,Card,Rohit Patil,Evening,Yes,Banner,22.7,54,Inactive,2000,"Prolift Fitness Gym, Wadi, Nagpur"
PFG20240177,Nikhil Sharma,Male,26,Freelancer,2024-01-03,Monthly,900,No,0,UPI,Akshay Deshmukh,Evening,Yes,Existing Member,18.5,92,Active,2000,"Prolift Fitness Gym, Wadi, Nagpur"
PFG20240075,Om Chaudhary,Male,26,Working Professional,2024-01-28,Monthly,900,Yes,3000,UPI,Aman Sharma,Evening,Yes,Google,19.9,55,Active,2000,"Prolift Fitness Gym, Wadi, Nagpur"
PFG20240242,Akash Gupta,Male,28,Business,2024-01-19,Monthly,900,No,0,Cash,Aman Sharma,Evening,No,Walk-in,30.8,88,Active,2000,"Prolift Fitness Gym, Wadi, Nagpur"
PFG20240249,Om Borkar,Male,18,Government Employee,2024-11-11,Monthly,900,No,0,Cash,Rohit Patil,Evening,No,Banner,19.0,81,Active,2000,"Prolift Fitness Gym, Wadi, Nagpur"
PFG20240442,Harsh Tiwari,Male,24,Housewife,2024-04-17,Monthly,900,No,0,UPI,Rohit Patil,Morning,Yes,Friend Referral,24.3,77,Active,2000,"Prolift Fitness Gym, Wadi, Nagpur"
PFG20240050,Shruti Verma,Female,18,Housewife,2024-12-20,Monthly,900,No,0,Card,Shubham Kale,Morning,Yes,Friend Referral,24.8,50,Active,2000,"Prolift Fitness Gym, Wadi, Nagpur"
PFG20240307,Atharva Jain,Male,19,Student,2024-01-19,Quarterly,3000,Yes,2500,UPI,Shubham Kale,Evening,No,Friend Referral,22.4,95,Active,2000,"Prolift Fitness Gym, Wadi, Nagpur"
PFG20240360,Shubham Tiwari,Male,28,Government Employee,2024-07-12,Quarterly,3000,No,0,Cash,Akshay Deshmukh,Evening,No,Walk-in,23.3,60,Active,2000,"Prolift Fitness Gym, Wadi, Nagpur"
PFG20240147,Ritesh Patil,Male,18,Business,2024-11-08,Monthly,900,No,0,UPI,Akshay Deshmukh,Morning,Yes,Google,20.6,52,Active,2000,"Prolift Fitness Gym, Wadi, Nagpur"
PFG20240330,Vedant Verma,Male,26,Government Employee,2024-04-25,Monthly,900,No,0,Card,Aman Sharma,Morning,Yes,Friend Referral,20.3,60,Active,2000,"Prolift Fitness Gym, Wadi, Nagpur"
PFG20240321,Sakshi Borkar,Female,19,Housewife,2024-03-21,Half Yearly,5000,No,0,UPI,Aman Sharma,Morning,Yes,Google,27.2,79,Active,2000,"Prolift Fitness Gym, Wadi, Nagpur"
PFG20240305,Sneha Thakur,Female,30,Business,2024-04-15,Quarterly,3000,No,0,UPI,Rohit Patil,Evening,Yes,Friend Referral,24.1,68,Active,2000,"Prolift Fitness Gym, Wadi, Nagpur"
PFG20240479,Aman Patil,Male,25,Business,2024-07-26,Monthly,900,No,0,UPI,Akshay Deshmukh,Morning,No,Instagram,33.0,86,Active,2000,"Prolift Fitness Gym, Wadi, Nagpur"
PFG20240144,Pooja Thakur,Female,18,Student,2024-02-16,Monthly,900,No,0,UPI,Rohit Patil,Evening,Yes,Friend Referral,28.7,72,Active,2000,"Prolift Fitness Gym, Wadi, Nagpur"
PFG20240171,Vedant Kulkarni,Male,25,Student,2024-06-04,Monthly,900,No,0,Cash,Rohit Patil,Morning,No,Existing Member,25.6,76,Active,2000,"Prolift Fitness Gym, Wadi, Nagpur"
PFG20240206,Simran Joshi,Female,29,Freelancer,2024-02-11,Monthly,900,Yes,3000,UPI,Rohit Patil,Morning,No,Instagram,23.5,80,Inactive,2000,"Prolift Fitness Gym, Wadi, Nagpur"
PFG20240310,Rohan Borkar,Male,22,Freelancer,2024-06-07,Monthly,900,Yes,4000,Cash,Akshay Deshmukh,Evening,Yes,Friend Referral,29.3,92,Active,2000,"Prolift Fitness Gym, Wadi, Nagpur"
PFG20240397,Akash Kale,Male,18,Business,2024-11-19,Monthly,900,Yes,2500,UPI,Aman Sharma,Evening,No,Banner,26.1,57,Active,2000,"Prolift Fitness Gym, Wadi, Nagpur"
PFG20240016,Arjun Gupta,Male,20,Freelancer,2024-01-03,Monthly,900,No,0,Cash,Rohit Patil,Evening,No,Walk-in,18.4,97,Active,2000,"Prolift Fitness Gym, Wadi, Nagpur"
PFG20240099,Karan Kulkarni,Male,22,Working Professional,2024-03-04,Yearly,8000,Yes,2500,UPI,Rohit Patil,Evening,Yes,Instagram,24.3,96,Inactive,2000,"Prolift Fitness Gym, Wadi, Nagpur"
PFG20240278,Om Tiwari,Male,21,Working Professional,2024-02-19,Yearly,8000,Yes,3000,UPI,Rohit Patil,Evening,No,Friend Referral,32.7,63,Active,2000,"Prolift Fitness Gym, Wadi, Nagpur"
PFG20240112,Ritesh Tiwari,Male,24,Business,2024-12-16,Monthly,900,No,0,UPI,Aman Sharma,Morning,Yes,Instagram,33.1,66,Active,2000,"Prolift Fitness Gym, Wadi, Nagpur"
PFG20240435,Siddharth Kale,Male,24,Business,2024-09-04,Monthly,900,No,0,UPI,Aman Sharma,Evening,Yes,Instagram,21.8,50,Active,2000,"Prolift Fitness Gym, Wadi, Nagpur"
PFG20240286,Ritesh Tiwari,Male,25,Housewife,2024-01-26,Monthly,900,No,0,UPI,Akshay Deshmukh,Evening,Yes,Google,26.7,77,Active,2000,"Prolift Fitness Gym, Wadi, Nagpur"
PFG20240315,Sneha Kulkarni,Female,23,Working Professional,2024-04-19,Monthly,900,No,0,UPI,Aman Sharma,Morning,No,Friend Referral,32.6,64,Active,2000,"Prolift Fitness Gym, Wadi, Nagpur"
PFG20240091,Harsh Kale,Male,21,Government Employee,2024-01-25,Monthly,900,No,0,UPI,Akshay Deshmukh,Evening,No,Google,18.6,93,Active,2000,"Prolift Fitness Gym, Wadi, Nagpur"
PFG20240375,Ankit Patel,Male,29,Working Professional,2024-03-22,Yearly,8000,Yes,3000,Cash,Akshay Deshmukh,Evening,Yes,Google,19.5,66,Active,2000,"Prolift Fitness Gym, Wadi, Nagpur"
PFG20240413,Akash Kulkarni,Male,24,Government Employee,2024-12-06,Monthly,900,No,0,Cash,Akshay Deshmukh,Evening,No,Walk-in,29.0,77,Active,2000,"Prolift Fitness Gym, Wadi, Nagpur"
PFG20240530,Riya Rao,Female,20,Business,2024-03-20,Half Yearly,5000,No,0,UPI,Rohit Patil,Morning,Yes,Friend Referral,29.8,57,Active,2000,"Prolift Fitness Gym, Wadi, Nagpur"
PFG20240271,Akash Jain,Male,27,Working Professional,2024-10-09,Yearly,8000,No,0,Card,Aman Sharma,Morning,No,Google,22.6,50,Inactive,2000,"Prolift Fitness Gym, Wadi, Nagpur"
PFG20240195,Siddharth Wankhede,Male,30,Freelancer,2024-08-23,Monthly,900,No,0,UPI,Akshay Deshmukh,Evening,Yes,Existing Member,29.7,53,Active,2000,"Prolift Fitness Gym, Wadi, Nagpur"
PFG20240347,Om Tiwari,Male,22,Freelancer,2024-04-14,Monthly,900,No,0,UPI,Rohit Patil,Evening,Yes,Friend Referral,21.4,91,Active,2000,"Prolift Fitness Gym, Wadi, Nagpur"
PFG20240039,Sneha Wankhede,Female,30,Working Professional,2024-12-27,Half Yearly,5000,No,0,UPI,Rohit Patil,Morning,Yes,Instagram,19.1,70,Active,2000,"Prolift Fitness Gym, Wadi, Nagpur"
PFG20240455,Atharva Yadav,Male,20,Working Professional,2024-09-08,Half Yearly,5000,Yes,4000,UPI,Aman Sharma,Evening,No,Walk-in,29.0,85,Active,2000,"Prolift Fitness Gym, Wadi, Nagpur"
PFG20240394,Arjun Kale,Male,24,Working Professional,2024-08-15,Half Yearly,5000,No,0,UPI,Akshay Deshmukh,Evening,Yes,Friend Referral,18.9,105,Active,2000,"Prolift Fitness Gym, Wadi, Nagpur"
PFG20240404,Akash Chaudhary,Male,19,Working Professional,2024-05-19,Monthly,900,Yes,2500,UPI,Shubham Kale,Evening,No,Google,19.5,93,Active,2000,"Prolift Fitness Gym, Wadi, Nagpur"
PFG20240493,Yash Rao,Male,28,Government Employee,2024-06-26,Quarterly,3000,Yes,2500,Cash,Aman Sharma,Evening,No,Walk-in,29.6,49,Active,2000,"Prolift Fitness Gym, Wadi, Nagpur"
PFG20240225,Priya Kulkarni,Female,20,Housewife,2024-01-24,Half Yearly,5000,No,0,UPI,Akshay Deshmukh,Morning,No,Instagram,21.7,56,Active,2000,"Prolift Fitness Gym, Wadi, Nagpur"
PFG20240366,Yash Tiwari,Male,18,Student,2024-07-21,Yearly,8000,No,0,UPI,Rohit Patil,Morning,Yes,Friend Referral,20.6,67,Active,2000,"Prolift Fitness Gym, Wadi, Nagpur"
PFG20240240,Krishna Tiwari,Male,20,Working Professional,2024-09-13,Monthly,900,Yes,3000,UPI,Aman Sharma,Morning,No,Walk-in,31.1,102,Active,2000,"Prolift Fitness Gym, Wadi, Nagpur"
PFG20240066,Krishna Yadav,Male,19,Housewife,2024-06-14,Yearly,8000,Yes,2500,Cash,Rohit Patil,Morning,No,Walk-in,22.7,76,Active,2000,"Prolift Fitness Gym, Wadi, Nagpur"
PFG20240462,Ritesh Deshmukh,Male,25,Student,2024-06-14,Yearly,8000,No,0,Card,Shubham Kale,Morning,No,Walk-in,28.5,86,Active,2000,"Prolift Fitness Gym, Wadi, Nagpur"
PFG20240191,Pranav Kulkarni,Male,25,Housewife,2024-03-11,Quarterly,3000,No,0,Cash,Akshay Deshmukh,Morning,No,Friend Referral,19.5,90,Active,2000,"Prolift Fitness Gym, Wadi, Nagpur"
PFG20240363,Pranav Kulkarni,Male,26,Working Professional,2024-04-04,Monthly,900,No,0,UPI,Aman Sharma,Morning,Yes,Banner,28.1,60,Active,2000,"Prolift Fitness Gym, Wadi, Nagpur"
PFG20240357,Aman Tiwari,Male,26,Government Employee,2024-07-23,Monthly,900,No,0,UPI,Akshay Deshmukh,Morning,No,Friend Referral,30.4,56,Inactive,2000,"Prolift Fitness Gym, Wadi, Nagpur"
PFG20240190,Arjun Borkar,Male,19,Government Employee,2024-07-07,Quarterly,3000,No,0,UPI,Aman Sharma,Morning,Yes,Walk-in,18.8,92,Active,2000,"Prolift Fitness Gym, Wadi, Nagpur"
PFG20240399,Akash Rao,Male,29,Working Professional,2024-12-03,Quarterly,3000,No,0,UPI,Aman Sharma,Evening,Yes,Google,23.4,96,Active,2000,"Prolift Fitness Gym, Wadi, Nagpur"
PFG20240441,Yash Rao,Male,21,Business,2024-10-02,Half Yearly,5000,No,0,UPI,Shubham Kale,Evening,No,Walk-in,32.4,91,Active,2000,"Prolift Fitness Gym, Wadi, Nagpur"
PFG20240198,Shubham Sharma,Male,27,Government Employee,2024-11-16,Monthly,900,No,0,UPI,Rohit Patil,Evening,No,Friend Referral,31.0,85,Inactive,2000,"Prolift Fitness Gym, Wadi, Nagpur"
PFG20240317,Yash Chaudhary,Male,18,Student,2024-12-16,Quarterly,3000,No,0,Cash,Shubham Kale,Morning,Yes,Friend Referral,28.1,86,Active,2000,"Prolift Fitness Gym, Wadi, Nagpur"
PFG20240403,Rohan Chaudhary,Male,24,Working Professional,2024-04-17,Monthly,900,No,0,UPI,Rohit Patil,Morning,Yes,Google,29.3,69,Active,2000,"Prolift Fitness Gym, Wadi, Nagpur"
PFG20240277,Harsh Joshi,Male,18,Business,2024-03-01,Monthly,900,No,0,Cash,Aman Sharma,Morning,No,Walk-in,24.1,52,Active,2000,"Prolift Fitness Gym, Wadi, Nagpur"
PFG20240244,Ritesh Borkar,Male,27,Working Professional,2024-12-25,Monthly,900,No,0,UPI,Rohit Patil,Morning,Yes,Instagram,30.4,103,Active,2000,"Prolift Fitness Gym, Wadi, Nagpur"
PFG20240053,Aditya Yadav,Male,30,Business,2024-06-21,Monthly,900,No,0,Cash,Shubham Kale,Evening,Yes,Instagram,23.1,98,Active,2000,"Prolift Fitness Gym, Wadi, Nagpur"
PFG20240061,Karan Tiwari,Male,23,Working Professional,2024-02-28,Quarterly,3000,No,0,UPI,Akshay Deshmukh,Evening,No,Friend Referral,20.4,94,Active,2000,"Prolift Fitness Gym, Wadi, Nagpur"
PFG20240408,Sahil Joshi,Male,19,Working Professional,2024-08-10,Quarterly,3000,No,0,UPI,Rohit Patil,Evening,No,Existing Member,31.0,68,Inactive,2000,"Prolift Fitness Gym, Wadi, Nagpur"
PFG20240020,Yash Kale,Male,18,Working Professional,2024-02-01,Monthly,900,No,0,UPI,Shubham Kale,Evening,No,Friend Referral,21.2,94,Active,2000,"Prolift Fitness Gym, Wadi, Nagpur"
PFG20240065,Vivaan Patel,Male,19,Freelancer,2024-10-01,Monthly,900,No,0,Card,Shubham Kale,Evening,No,Instagram,23.2,95,Active,2000,"Prolift Fitness Gym, Wadi, Nagpur"
PFG20240323,Om Joshi,Male,20,Student,2024-11-03,Quarterly,3000,No,0,UPI,Aman Sharma,Evening,Yes,Friend Referral,18.4,68,Active,2000,"Prolift Fitness Gym, Wadi, Nagpur"
PFG20240017,Ananya Thakur,Female,27,Housewife,2024-02-01,Monthly,900,Yes,2500,UPI,Shubham Kale,Evening,Yes,Friend Referral,27.2,83,Active,2000,"Prolift Fitness Gym, Wadi, Nagpur"
PFG20240503,Simran Joshi,Female,21,Housewife,2024-11-16,Half Yearly,5000,No,0,UPI,Shubham Kale,Evening,Yes,Instagram,26.3,65,Active,2000,"Prolift Fitness Gym, Wadi, Nagpur"
PFG20240224,Aman Rao,Male,28,Business,2024-12-08,Monthly,900,No,0,Card,Akshay Deshmukh,Morning,Yes,Friend Referral,21.3,97,Active,2000,"Prolift Fitness Gym, Wadi, Nagpur"
PFG20240318,Riya Gupta,Female,20,Housewife,2024-06-12,Half Yearly,5000,No,0,Card,Akshay Deshmukh,Evening,Yes,Existing Member,32.0,72,Active,2000,"Prolift Fitness Gym, Wadi, Nagpur"
PFG20240231,Aarav Rao,Male,28,Housewife,2024-01-21,Yearly,8000,No,0,UPI,Rohit Patil,Evening,Yes,Existing Member,32.7,88,Inactive,2000,"Prolift Fitness Gym, Wadi, Nagpur"
PFG20240018,Aarav Mishra,Male,29,Government Employee,2024-02-07,Monthly,900,No,0,UPI,Akshay Deshmukh,Evening,Yes,Friend Referral,20.6,103,Inactive,2000,"Prolift Fitness Gym, Wadi, Nagpur"
PFG20240117,Krishna Yadav,Male,22,Student,2024-01-28,Yearly,8000,Yes,4000,Cash,Shubham Kale,Evening,Yes,Walk-in,30.2,102,Inactive,2000,"Prolift Fitness Gym, Wadi, Nagpur"
PFG20240237,Shubham Jain,Male,24,Working Professional,2024-09-26,Monthly,900,No,0,UPI,Shubham Kale,Evening,Yes,Google,19.7,58,Active,2000,"Prolift Fitness Gym, Wadi, Nagpur"
PFG20240223,Pranav Joshi,Male,28,Housewife,2024-12-02,Quarterly,3000,No,0,Cash,Aman Sharma,Morning,Yes,Friend Referral,21.7,75,Active,2000,"Prolift Fitness Gym, Wadi, Nagpur"
PFG20240509,Sakshi Sharma,Female,20,Student,2024-10-02,Yearly,8000,Yes,2500,UPI,Aman Sharma,Evening,No,Friend Referral,18.2,62,Active,2000,"Prolift Fitness Gym, Wadi, Nagpur"
PFG20240032,Sahil Borkar,Male,19,Freelancer,2024-11-03,Monthly,900,No,0,Card,Shubham Kale,Morning,No,Instagram,20.9,64,Active,2000,"Prolift Fitness Gym, Wadi, Nagpur"
PFG20240137,Pooja Borkar,Female,18,Government Employee,2024-03-11,Quarterly,3000,No,0,UPI,Shubham Kale,Evening,No,Existing Member,31.6,93,Active,2000,"Prolift Fitness Gym, Wadi, Nagpur"
PFG20240179,Sahil Thakur,Male,24,Working Professional,2024-10-14,Half Yearly,5000,No,0,Cash,Aman Sharma,Morning,Yes,Existing Member,22.1,87,Active,2000,"Prolift Fitness Gym, Wadi, Nagpur"
PFG20240187,Sakshi Deshmukh,Female,28,Student,2024-11-26,Monthly,900,No,0,UPI,Rohit Patil,Evening,No,Friend Referral,28.4,77,Inactive,2000,"Prolift Fitness Gym, Wadi, Nagpur"
PFG20240013,Atharva Wankhede,Male,26,Business,2024-02-21,Half Yearly,5000,No,0,UPI,Aman Sharma,Morning,Yes,Friend Referral,27.6,91,Active,2000,"Prolift Fitness Gym, Wadi, Nagpur"
PFG20240401,Sahil Tiwari,Male,27,Business,2024-12-16,Yearly,8000,Yes,4000,UPI,Shubham Kale,Morning,No,Walk-in,29.8,71,Active,2000,"Prolift Fitness Gym, Wadi, Nagpur"
PFG20240116,Harsh Tiwari,Male,28,Working Professional,2024-11-15,Monthly,900,No,0,Card,Akshay Deshmukh,Morning,Yes,Instagram,31.4,75,Active,2000,"Prolift Fitness Gym, Wadi, Nagpur"
PFG20240097,Yash Patil,Male,19,Business,2024-09-17,Quarterly,3000,No,0,UPI,Shubham Kale,Evening,Yes,Friend Referral,19.9,88,Active,2000,"Prolift Fitness Gym, Wadi, Nagpur"
PFG20240471,Nikhil Gupta,Male,18,Housewife,2024-04-17,Quarterly,3000,No,0,UPI,Akshay Deshmukh,Evening,Yes,Friend Referral,18.2,64,Active,2000,"Prolift Fitness Gym, Wadi, Nagpur"
PFG20240309,Sahil Mishra,Male,23,Business,2024-03-15,Monthly,900,No,0,Card,Akshay Deshmukh,Morning,Yes,Existing Member,22.6,97,Active,2000,"Prolift Fitness Gym, Wadi, Nagpur"
PFG20240378,Shubham Patil,Male,23,Student,2024-12-14,Quarterly,3000,No,0,UPI,Shubham Kale,Evening,No,Walk-in,27.7,102,Active,2000,"Prolift Fitness Gym, Wadi, Nagpur"
PFG20240326,Vedant Deshmukh,Male,23,Student,2024-10-13,Monthly,900,No,0,Card,Rohit Patil,Morning,Yes,Friend Referral,32.5,92,Active,2000,"Prolift Fitness Gym, Wadi, Nagpur"
PFG20240480,Aman Jain,Male,19,Government Employee,2024-06-17,Half Yearly,5000,Yes,2500,Cash,Aman Sharma,Evening,Yes,Existing Member,22.7,69,Active,2000,"Prolift Fitness Gym, Wadi, Nagpur"
PFG20240487,Arjun Patel,Male,21,Student,2024-01-03,Half Yearly,5000,No,0,UPI,Rohit Patil,Morning,No,Friend Referral,19.0,92,Active,2000,"Prolift Fitness Gym, Wadi, Nagpur"
PFG20240364,Sneha Thakur,Female,18,Housewife,2024-03-07,Quarterly,3000,Yes,4000,UPI,Akshay Deshmukh,Evening,Yes,Friend Referral,28.4,67,Active,2000,"Prolift Fitness Gym, Wadi, Nagpur"
PFG20240059,Pranav Verma,Male,22,Business,2024-11-26,Monthly,900,No,0,UPI,Akshay Deshmukh,Morning,Yes,Friend Referral,23.9,77,Active,2000,"Prolift Fitness Gym, Wadi, Nagpur"
PFG20240192,Nikita Gupta,Female,22,Student,2024-10-05,Monthly,900,No,0,UPI,Shubham Kale,Morning,No,Walk-in,19.2,84,Active,2000,"Prolift Fitness Gym, Wadi, Nagpur"
PFG20240081,Karan Verma,Male,20,Housewife,2024-01-08,Half Yearly,5000,No,0,Cash,Aman Sharma,Evening,Yes,Google,21.3,61,Active,2000,"Prolift Fitness Gym, Wadi, Nagpur"
PFG20240209,Atharva Rao,Male,18,Working Professional,2024-11-16,Monthly,900,No,0,UPI,Rohit Patil,Morning,Yes,Friend Referral,28.5,66,Active,2000,"Prolift Fitness Gym, Wadi, Nagpur"
PFG20240276,Rohan Gupta,Male,30,Housewife,2024-06-15,Monthly,900,No,0,Card,Akshay Deshmukh,Evening,Yes,Banner,29.0,76,Active,2000,"Prolift Fitness Gym, Wadi, Nagpur"
PFG20240005,Vivaan Gupta,Male,18,Working Professional,2024-03-08,Yearly,8000,No,0,Cash,Aman Sharma,Evening,No,Instagram,31.1,57,Inactive,2000,"Prolift Fitness Gym, Wadi, Nagpur"
PFG20240146,Karan Patil,Male,18,Business,2024-02-10,Monthly,900,No,0,UPI,Aman Sharma,Evening,Yes,Instagram,23.3,73,Active,2000,"Prolift Fitness Gym, Wadi, Nagpur"
PFG20240189,Aditi Deshmukh,Female,28,Freelancer,2024-03-12,Monthly,900,No,0,Card,Rohit Patil,Morning,Yes,Instagram,22.8,85,Active,2000,"Prolift Fitness Gym, Wadi, Nagpur"
PFG20240439,Shubham Patel,Male,30,Student,2024-01-05,Quarterly,3000,No,0,Cash,Shubham Kale,Morning,Yes,Instagram,27.1,54,Inactive,2000,"Prolift Fitness Gym, Wadi, Nagpur"
PFG20240036,Krishna Yadav,Male,18,Working Professional,2024-04-16,Monthly,900,No,0,UPI,Shubham Kale,Evening,No,Google,25.2,95,Active,2000,"Prolift Fitness Gym, Wadi, Nagpur"
PFG20240417,Om Patil,Male,25,Student,2024-01-19,Monthly,900,No,0,UPI,Rohit Patil,Evening,Yes,Google,29.4,71,Active,2000,"Prolift Fitness Gym, Wadi, Nagpur"
PFG20240180,Riya Sharma,Female,28,Government Employee,2024-01-04,Monthly,900,No,0,UPI,Shubham Kale,Evening,Yes,Walk-in,25.4,58,Active,2000,"Prolift Fitness Gym, Wadi, Nagpur"
PFG20240110,Yash Kulkarni,Male,21,Business,2024-07-05,Yearly,8000,No,0,UPI,Aman Sharma,Morning,Yes,Existing Member,25.7,98,Active,2000,"Prolift Fitness Gym, Wadi, Nagpur"
PFG20240161,Karan Patel,Male,30,Working Professional,2024-11-01,Monthly,900,No,0,UPI,Akshay Deshmukh,Morning,Yes,Friend Referral,21.8,86,Active,2000,"Prolift Fitness Gym, Wadi, Nagpur"
PFG20240132,Vivaan Tiwari,Male,19,Freelancer,2024-12-02,Monthly,900,No,0,UPI,Shubham Kale,Evening,Yes,Google,25.3,59,Active,2000,"Prolift Fitness Gym, Wadi, Nagpur"
PFG20240392,Kavya Thakur,Female,18,Student,2024-01-17,Quarterly,3000,Yes,3000,Cash,Akshay Deshmukh,Morning,Yes,Instagram,23.3,52,Inactive,2000,"Prolift Fitness Gym, Wadi, Nagpur"
PFG20240012,Aman Verma,Male,25,Freelancer,2024-12-25,Quarterly,3000,Yes,4000,UPI,Shubham Kale,Evening,No,Walk-in,29.2,70,Active,2000,"Prolift Fitness Gym, Wadi, Nagpur"
PFG20240335,Neha Wankhede,Female,20,Business,2024-12-24,Quarterly,3000,No,0,Cash,Shubham Kale,Morning,Yes,Banner,30.2,103,Active,2000,"Prolift Fitness Gym, Wadi, Nagpur"
PFG20240165,Ritesh Kale,Male,28,Housewife,2024-01-26,Half Yearly,5000,No,0,Cash,Rohit Patil,Morning,Yes,Friend Referral,26.8,104,Active,2000,"Prolift Fitness Gym, Wadi, Nagpur"
PFG20240159,Tanvi Verma,Female,24,Housewife,2024-11-22,Half Yearly,5000,No,0,UPI,Aman Sharma,Morning,Yes,Friend Referral,30.3,90,Active,2000,"Prolift Fitness Gym, Wadi, Nagpur"
PFG20240186,Nikita Yadav,Female,18,Business,2024-08-04,Yearly,8000,Yes,3000,Cash,Aman Sharma,Evening,Yes,Friend Referral,19.5,73,Active,2000,"Prolift Fitness Gym, Wadi, Nagpur"
PFG20240474,Akash Joshi,Male,19,Business,2024-10-15,Monthly,900,No,0,UPI,Akshay Deshmukh,Morning,No,Walk-in,30.8,59,Active,2000,"Prolift Fitness Gym, Wadi, Nagpur"
PFG20240039,Sneha Wankhede,Female,30,Working Professional,2024-03-05,Monthly,900,No,0,Card,Rohit Patil,Evening,Yes,Instagram,31.6,98,Inactive,2000,"Prolift Fitness Gym, Wadi, Nagpur"
PFG20240508,Rohan Patil,Male,26,Student,2024-11-04,Yearly,8000,Yes,4000,UPI,Rohit Patil,Evening,No,Existing Member,29.4,96,Active,2000,"Prolift Fitness Gym, Wadi, Nagpur"
PFG20240185,Yash Thakur,Male,19,Freelancer,2024-05-10,Monthly,900,No,0,Cash,Shubham Kale,Evening,No,Google,19.1,89,Active,2000,"Prolift Fitness Gym, Wadi, Nagpur"
PFG20240168,Aarav Verma,Male,28,Student,2024-05-25,Quarterly,3000,Yes,4000,Cash,Aman Sharma,Morning,No,Friend Referral,18.3,105,Active,2000,"Prolift Fitness Gym, Wadi, Nagpur"
PFG20240504,Shubham Rao,Male,25,Business,2024-02-19,Quarterly,3000,No,0,UPI,Shubham Kale,Evening,No,Instagram,30.0,49,Active,2000,"Prolift Fitness Gym, Wadi, Nagpur"
PFG20240100,Tanvi Patel,Female,30,Housewife,2024-06-23,Monthly,900,No,0,UPI,Aman Sharma,Evening,No,Google,23.5,56,Active,2000,"Prolift Fitness Gym, Wadi, Nagpur"
PFG20240465,Vedant Thakur,Male,23,Working Professional,2024-11-02,Monthly,900,No,0,UPI,Aman Sharma,Evening,No,Friend Referral,33.1,97,Inactive,2000,"Prolift Fitness Gym, Wadi, Nagpur"
PFG20240498,Sneha Mishra,Female,22,Government Employee,2024-08-15,Monthly,900,No,0,UPI,Akshay Deshmukh,Evening,Yes,Existing Member,22.3,61,Inactive,2000,"Prolift Fitness Gym, Wadi, Nagpur"
PFG20240184,Nikhil Thakur,Male,28,Working Professional,2024-01-09,Half Yearly,5000,No,0,UPI,Shubham Kale,Evening,No,Instagram,23.7,73,Active,2000,"Prolift Fitness Gym, Wadi, Nagpur"
PFG20240169,Atharva Rao,Male,22,Government Employee,2024-01-27,Quarterly,3000,No,0,Cash,Rohit Patil,Evening,Yes,Instagram,19.3,83,Active,2000,"Prolift Fitness Gym, Wadi, Nagpur"
PFG20240040,Pranav Rao,Male,22,Working Professional,2024-12-21,Half Yearly,5000,Yes,3000,UPI,Akshay Deshmukh,Evening,Yes,Friend Referral,23.4,103,Active,2000,"Prolift Fitness Gym, Wadi, Nagpur"
PFG20240193,Ishita Borkar,Female,24,Housewife,2024-01-11,Quarterly,3000,No,0,UPI,Shubham Kale,Morning,No,Friend Referral,27.0,73,Active,2000,"Prolift Fitness Gym, Wadi, Nagpur"
PFG20240332,Vedant Gupta,Male,20,Working Professional,2024-06-10,Yearly,8000,No,0,Cash,Akshay Deshmukh,Evening,Yes,Google,29.0,87,Inactive,2000,"Prolift Fitness Gym, Wadi, Nagpur"
PFG20240530,Riya Rao,Female,20,Business,2024-10-25,Quarterly,3000,No,0,UPI,Rohit Patil,Morning,No,Instagram,23.7,84,Inactive,2000,"Prolift Fitness Gym, Wadi, Nagpur"
PFG20240234,Riya Sharma,Female,29,Freelancer,2024-01-11,Monthly,900,No,0,Cash,Rohit Patil,Evening,Yes,Walk-in,25.0,83,Active,2000,"Prolift Fitness Gym, Wadi, Nagpur"
PFG20240060,Sahil Chaudhary,Male,19,Government Employee,2024-03-11,Yearly,8000,Yes,2500,UPI,Akshay Deshmukh,Morning,Yes,Existing Member,27.0,93,Active,2000,"Prolift Fitness Gym, Wadi, Nagpur"
PFG20240416,Aarav Borkar,Male,22,Government Employee,2024-01-21,Monthly,900,Yes,2500,UPI,Shubham Kale,Evening,Yes,Banner,33.4,99,Active,2000,"Prolift Fitness Gym, Wadi, Nagpur"
PFG20240488,Vedant Mishra,Male,19,Housewife,2024-07-14,Quarterly,3000,No,0,Cash,Aman Sharma,Evening,Yes,Friend Referral,19.9,58,Active,2000,"Prolift Fitness Gym, Wadi, Nagpur"
PFG20240154,Priya Yadav,Female,28,Working Professional,2024-02-24,Yearly,8000,Yes,2500,Cash,Rohit Patil,Morning,No,Instagram,29.8,101,Inactive,2000,"Prolift Fitness Gym, Wadi, Nagpur"
PFG20240322,Aarav Sharma,Male,19,Business,2024-05-27,Yearly,8000,No,0,UPI,Akshay Deshmukh,Evening,No,Friend Referral,23.0,70,Active,2000,"Prolift Fitness Gym, Wadi, Nagpur"
PFG20240380,Rohan Kulkarni,Male,24,Student,2024-11-11,Monthly,900,Yes,3000,UPI,Aman Sharma,Morning,No,Google,25.5,100,Inactive,2000,"Prolift Fitness Gym, Wadi, Nagpur"
PFG20240011,Ishita Mishra,Female,26,Government Employee,2024-04-22,Monthly,900,No,0,Cash,Akshay Deshmukh,Evening,No,Google,20.7,105,Active,2000,"Prolift Fitness Gym, Wadi, Nagpur"
PFG20240517,Aarav Rao,Male,21,Housewife,2024-01-27,Half Yearly,5000,No,0,UPI,Aman Sharma,Morning,Yes,Friend Referral,32.2,102,Active,2000,"Prolift Fitness Gym, Wadi, Nagpur"
PFG20240437,Shubham Wankhede,Male,30,Housewife,2024-01-07,Yearly,8000,Yes,2500,UPI,Akshay Deshmukh,Morning,No,Friend Referral,27.0,88,Active,2000,"Prolift Fitness Gym, Wadi, Nagpur"
PFG20240426,Nikita Patel,Female,27,Housewife,2024-11-06,Monthly,900,No,0,Cash,Rohit Patil,Morning,No,Friend Referral,31.7,86,Active,2000,"Prolift Fitness Gym, Wadi, Nagpur"
PFG20240316,Simran Patil,Female,19,Housewife,2024-11-08,Monthly,900,No,0,Cash,Akshay Deshmukh,Morning,No,Google,18.8,54,Inactive,2000,"Prolift Fitness Gym, Wadi, Nagpur"
PFG20240521,Aarav Verma,Male,25,Student,2024-02-08,Half Yearly,5000,Yes,4000,Cash,Aman Sharma,Evening,Yes,Walk-in,18.5,96,Inactive,2000,"Prolift Fitness Gym, Wadi, Nagpur"
PFG20240391,Arjun Jain,Male,20,Freelancer,2024-08-11,Monthly,900,No,0,Card,Akshay Deshmukh,Morning,Yes,Walk-in,28.1,53,Active,2000,"Prolift Fitness Gym, Wadi, Nagpur"
PFG20240301,Om Kale,Male,19,Housewife,2024-09-20,Monthly,900,No,0,UPI,Rohit Patil,Morning,Yes,Banner,30.6,77,Active,2000,"Prolift Fitness Gym, Wadi, Nagpur"
PFG20240308,Sakshi Jain,Female,30,Government Employee,2024-10-24,Monthly,900,No,0,UPI,Aman Sharma,Morning,Yes,Instagram,19.6,94,Active,2000,"Prolift Fitness Gym, Wadi, Nagpur"
PFG20240292,Atharva Sharma,Male,18,Freelancer,2024-12-04,Monthly,900,No,0,UPI,Rohit Patil,Evening,Yes,Friend Referral,33.2,97,Active,2000,"Prolift Fitness Gym, Wadi, Nagpur"
PFG20240405,Vivaan Rao,Male,28,Housewife,2024-06-15,Yearly,8000,No,0,UPI,Akshay Deshmukh,Morning,No,Banner,29.2,49,Active,2000,"Prolift Fitness Gym, Wadi, Nagpur"
PFG20240197,Pranav Verma,Male,20,Freelancer,2024-05-23,Monthly,900,No,0,Cash,Shubham Kale,Morning,Yes,Walk-in,25.0,89,Active,2000,"Prolift Fitness Gym, Wadi, Nagpur"
PFG20240052,Om Joshi,Male,22,Working Professional,2024-05-01,Monthly,900,No,0,UPI,Rohit Patil,Evening,Yes,Google,21.9,69,Active,2000,"Prolift Fitness Gym, Wadi, Nagpur"
PFG20240020,Yash Kale,Male,18,Working Professional,2024-07-04,Monthly,900,No,0,UPI,Shubham Kale,Evening,Yes,Friend Referral,33.0,58,Active,2000,"Prolift Fitness Gym, Wadi, Nagpur"
PFG20240296,Vedant Kale,Male,21,Government Employee,2024-09-07,Monthly,900,No,0,UPI,Rohit Patil,Evening,Yes,Walk-in,32.7,87,Active,2000,"Prolift Fitness Gym, Wadi, Nagpur"
PFG20240432,Akash Patil,Male,21,Business,2024-12-03,Quarterly,3000,No,0,UPI,Shubham Kale,Morning,No,Friend Referral,28.8,67,Active,2000,"Prolift Fitness Gym, Wadi, Nagpur"
PFG20240122,Sahil Sharma,Male,19,Business,2024-01-04,Half Yearly,5000,No,0,UPI,Rohit Patil,Evening,No,Friend Referral,32.0,64,Active,2000,"Prolift Fitness Gym, Wadi, Nagpur"
PFG20240315,Sneha Kulkarni,Female,23,Working Professional,2024-04-23,Monthly,900,No,0,Card,Aman Sharma,Evening,Yes,Banner,18.7,101,Active,2000,"Prolift Fitness Gym, Wadi, Nagpur"
PFG20240290,Rahul Kulkarni,Male,28,Business,2024-08-28,Monthly,900,No,0,UPI,Shubham Kale,Evening,No,Instagram,20.4,54,Active,2000,"Prolift Fitness Gym, Wadi, Nagpur"
PFG20240086,Yash Patel,Male,27,Freelancer,2024-01-10,Monthly,900,No,0,UPI,Akshay Deshmukh,Evening,Yes,Google,20.3,98,Active,2000,"Prolift Fitness Gym, Wadi, Nagpur"
PFG20240251,Rohan Borkar,Male,28,Student,2024-12-06,Monthly,900,No,0,Cash,Akshay Deshmukh,Morning,No,Banner,29.9,102,Active,2000,"Prolift Fitness Gym, Wadi, Nagpur"
PFG20240047,Aman Mishra,Male,18,Student,2024-09-27,Monthly,900,No,0,UPI,Rohit Patil,Evening,Yes,Friend Referral,29.1,53,Active,2000,"Prolift Fitness Gym, Wadi, Nagpur"
PFG20240389,Rohan Tiwari,Male,24,Government Employee,2024-01-03,Monthly,900,No,0,UPI,Rohit Patil,Evening,Yes,Walk-in,21.6,95,Active,2000,"Prolift Fitness Gym, Wadi, Nagpur"
PFG20240056,Ankit Rao,Male,18,Government Employee,2024-02-06,Quarterly,3000,No,0,UPI,Rohit Patil,Evening,Yes,Existing Member,25.3,94,Active,2000,"Prolift Fitness Gym, Wadi, Nagpur"
PFG20240275,Tanvi Joshi,Female,19,Working Professional,2024-09-12,Monthly,900,No,0,UPI,Shubham Kale,Evening,Yes,Walk-in,28.2,80,Inactive,2000,"Prolift Fitness Gym, Wadi, Nagpur"
PFG20240082,Aman Jain,Male,26,Freelancer,2024-09-22,Half Yearly,5000,No,0,UPI,Rohit Patil,Evening,No,Walk-in,23.8,72,Active,2000,"Prolift Fitness Gym, Wadi, Nagpur"
PFG20240333,Muskan Verma,Female,23,Housewife,2024-10-01,Quarterly,3000,No,0,UPI,Akshay Deshmukh,Morning,No,Instagram,33.1,101,Active,2000,"Prolift Fitness Gym, Wadi, Nagpur"
PFG20240324,Ritesh Deshmukh,Male,19,Government Employee,2024-09-01,Monthly,900,No,0,UPI,Rohit Patil,Evening,Yes,Existing Member,25.7,61,Active,2000,"Prolift Fitness Gym, Wadi, Nagpur"
PFG20240328,Aman Deshmukh,Male,22,Government Employee,2024-02-25,Monthly,900,No,0,UPI,Shubham Kale,Morning,Yes,Google,21.8,101,Active,2000,"Prolift Fitness Gym, Wadi, Nagpur"
PFG20240141,Yash Chaudhary,Male,25,Freelancer,2024-01-08,Quarterly,3000,No,0,UPI,Aman Sharma,Morning,No,Walk-in,23.1,96,Active,2000,"Prolift Fitness Gym, Wadi, Nagpur"
PFG20240085,Rohan Patel,Male,27,Government Employee,2024-02-19,Quarterly,3000,No,0,Card,Aman Sharma,Evening,No,Google,19.7,75,Inactive,2000,"Prolift Fitness Gym, Wadi, Nagpur"
PFG20240513,Aarav Yadav,Male,19,Business,2024-12-14,Monthly,900,No,0,UPI,Akshay Deshmukh,Morning,Yes,Friend Referral,26.3,91,Active,2000,"Prolift Fitness Gym, Wadi, Nagpur"
PFG20240337,Ishita Deshmukh,Female,24,Student,2024-07-06,Yearly,8000,No,0,UPI,Shubham Kale,Evening,No,Walk-in,29.5,87,Active,2000,"Prolift Fitness Gym, Wadi, Nagpur"
PFG20240507,Siddharth Sharma,Male,25,Government Employee,2024-09-23,Yearly,8000,No,0,UPI,Shubham Kale,Morning,No,Walk-in,33.1,82,Active,2000,"Prolift Fitness Gym, Wadi, Nagpur"
PFG20240472,Shruti Tiwari,Female,23,Housewife,2024-04-16,Half Yearly,5000,Yes,2500,Cash,Shubham Kale,Evening,Yes,Friend Referral,31.7,87,Active,2000,"Prolift Fitness Gym, Wadi, Nagpur"
PFG20240388,Ritesh Chaudhary,Male,23,Freelancer,2024-04-25,Monthly,900,Yes,3000,Cash,Shubham Kale,Morning,Yes,Walk-in,27.8,66,Active,2000,"Prolift Fitness Gym, Wadi, Nagpur"
PFG20240003,Atharva Tiwari,Male,29,Freelancer,2024-04-28,Monthly,900,No,0,Cash,Akshay Deshmukh,Evening,No,Banner,27.2,60,Inactive,2000,"Prolift Fitness Gym, Wadi, Nagpur"
PFG20240041,Pranav Kale,Male,22,Student,2024-11-27,Monthly,900,No,0,UPI,Rohit Patil,Morning,Yes,Existing Member,30.2,63,Active,2000,"Prolift Fitness Gym, Wadi, Nagpur"
PFG20240377,Aditya Deshmukh,Male,20,Government Employee,2024-01-12,Monthly,900,No,0,UPI,Shubham Kale,Evening,Yes,Existing Member,22.2,64,Active,2000,"Prolift Fitness Gym, Wadi, Nagpur"
PFG20240236,Yash Gupta,Male,30,Housewife,2024-04-16,Monthly,900,No,0,Card,Shubham Kale,Morning,No,Banner,24.7,66,Active,2000,"Prolift Fitness Gym, Wadi, Nagpur"
PFG20240448,Aditya Wankhede,Male,19,Student,2024-02-23,Quarterly,3000,No,0,Cash,Akshay Deshmukh,Morning,No,Friend Referral,24.9,48,Active,2000,"Prolift Fitness Gym, Wadi, Nagpur"
PFG20240371,Arjun Chaudhary,Male,21,Business,2024-06-11,Half Yearly,5000,Yes,4000,UPI,Aman Sharma,Evening,Yes,Google,25.1,60,Inactive,2000,"Prolift Fitness Gym, Wadi, Nagpur"
PFG20240125,Akash Mishra,Male,20,Working Professional,2024-02-25,Monthly,900,No,0,Cash,Rohit Patil,Evening,Yes,Friend Referral,22.9,97,Active,2000,"Prolift Fitness Gym, Wadi, Nagpur"
PFG20240145,Vivaan Joshi,Male,26,Working Professional,2024-02-21,Yearly,8000,Yes,2500,UPI,Akshay Deshmukh,Evening,No,Friend Referral,23.0,52,Active,2000,"Prolift Fitness Gym, Wadi, Nagpur"
PFG20240282,Ankit Thakur,Male,25,Student,2024-11-17,Monthly,900,No,0,UPI,Shubham Kale,Evening,No,Instagram,25.0,94,Inactive,2000,"Prolift Fitness Gym, Wadi, Nagpur"
PFG20240224,Aman Rao,Male,28,Business,2024-08-04,Half Yearly,5000,Yes,3000,UPI,Akshay Deshmukh,Morning,Yes,Friend Referral,18.7,90,Active,2000,"Prolift Fitness Gym, Wadi, Nagpur"
PFG20240357,Aman Tiwari,Male,26,Government Employee,2024-10-25,Monthly,900,No,0,UPI,Akshay Deshmukh,Morning,No,Google,18.7,97,Active,2000,"Prolift Fitness Gym, Wadi, Nagpur"
PFG20240518,Aditya Joshi,Male,20,Freelancer,2024-02-06,Monthly,900,No,0,Cash,Aman Sharma,Evening,Yes,Instagram,33.1,55,Active,2000,"Prolift Fitness Gym, Wadi, Nagpur"
PFG20240521,Aarav Verma,Male,25,Student,2024-12-24,Yearly,8000,Yes,2500,Cash,Aman Sharma,Evening,No,Friend Referral,21.3,98,Active,2000,"Prolift Fitness Gym, Wadi, Nagpur"
PFG20240385,Aman Rao,Male,26,Business,2024-01-17,Quarterly,3000,No,0,UPI,Akshay Deshmukh,Evening,Yes,Google,31.2,91,Active,2000,"Prolift Fitness Gym, Wadi, Nagpur"
PFG20240173,Rahul Borkar,Male,19,Housewife,2024-05-27,Monthly,900,No,0,UPI,Aman Sharma,Evening,Yes,Banner,32.8,68,Active,2000,"Prolift Fitness Gym, Wadi, Nagpur"
PFG20240037,Yash Kulkarni,Male,22,Business,2024-04-10,Monthly,900,No,0,Card,Shubham Kale,Evening,No,Google,26.9,63,Active,2000,"Prolift Fitness Gym, Wadi, Nagpur"
PFG20240294,Vivaan Jain,Male,30,Working Professional,2024-02-21,Monthly,900,No,0,UPI,Shubham Kale,Morning,Yes,Instagram,30.8,70,Inactive,2000,"Prolift Fitness Gym, Wadi, Nagpur"
PFG20240472,Shruti Tiwari,Female,23,Housewife,2024-02-11,Yearly,8000,Yes,4000,Card,Shubham Kale,Morning,No,Banner,33.2,69,Active,2000,"Prolift Fitness Gym, Wadi, Nagpur"
PFG20240467,Rahul Joshi,Male,23,Working Professional,2024-01-11,Yearly,8000,Yes,3000,UPI,Rohit Patil,Morning,Yes,Walk-in,31.4,88,Active,2000,"Prolift Fitness Gym, Wadi, Nagpur"
PFG20240298,Kavya Yadav,Female,28,Housewife,2024-03-12,Half Yearly,5000,No,0,Card,Aman Sharma,Morning,Yes,Existing Member,31.9,52,Active,2000,"Prolift Fitness Gym, Wadi, Nagpur"
PFG20240124,Vedant Tiwari,Male,21,Working Professional,2024-07-22,Quarterly,3000,Yes,4000,UPI,Shubham Kale,Evening,Yes,Walk-in,33.5,59,Active,2000,"Prolift Fitness Gym, Wadi, Nagpur"
PFG20240072,Nikita Kulkarni,Female,19,Working Professional,2024-02-24,Monthly,900,No,0,Cash,Rohit Patil,Evening,Yes,Instagram,23.2,94,Inactive,2000,"Prolift Fitness Gym, Wadi, Nagpur"
PFG20240102,Nikhil Sharma,Male,28,Working Professional,2024-12-18,Yearly,8000,Yes,2500,Card,Aman Sharma,Morning,No,Instagram,32.3,61,Active,2000,"Prolift Fitness Gym, Wadi, Nagpur"
PFG20240176,Sakshi Deshmukh,Female,26,Government Employee,2024-07-05,Monthly,900,No,0,UPI,Akshay Deshmukh,Morning,Yes,Instagram,22.4,74,Active,2000,"Prolift Fitness Gym, Wadi, Nagpur"
PFG20240528,Vivaan Patel,Male,30,Student,2024-12-06,Half Yearly,5000,No,0,UPI,Shubham Kale,Morning,Yes,Walk-in,31.5,85,Active,2000,"Prolift Fitness Gym, Wadi, Nagpur"
PFG20240111,Shubham Deshmukh,Male,22,Government Employee,2024-06-01,Monthly,900,Yes,2500,Card,Rohit Patil,Evening,Yes,Friend Referral,28.0,82,Active,2000,"Prolift Fitness Gym, Wadi, Nagpur"
PFG20240158,Karan Deshmukh,Male,21,Working Professional,2024-04-14,Monthly,900,Yes,2500,UPI,Aman Sharma,Morning,Yes,Instagram,25.9,59,Active,2000,"Prolift Fitness Gym, Wadi, Nagpur"
PFG20240429,Nikita Wankhede,Female,25,Business,2024-06-16,Quarterly,3000,Yes,2500,UPI,Aman Sharma,Evening,No,Existing Member,24.4,70,Active,2000,"Prolift Fitness Gym, Wadi, Nagpur"
PFG20240458,Ankit Gupta,Male,25,Freelancer,2024-01-26,Half Yearly,5000,No,0,Cash,Rohit Patil,Evening,No,Friend Referral,20.6,89,Active,2000,"Prolift Fitness Gym, Wadi, Nagpur"
PFG20240280,Vedant Gupta,Male,28,Business,2024-11-19,Quarterly,3000,No,0,Cash,Aman Sharma,Morning,Yes,Friend Referral,21.0,55,Active,2000,"Prolift Fitness Gym, Wadi, Nagpur"
PFG20240389,Rohan Tiwari,Male,24,Government Employee,2024-12-01,Quarterly,3000,No,0,UPI,Rohit Patil,Evening,Yes,Banner,23.6,82,Active,2000,"Prolift Fitness Gym, Wadi, Nagpur"
PFG20240222,Aman Rao,Male,23,Business,2024-08-19,Half Yearly,5000,No,0,UPI,Aman Sharma,Evening,Yes,Google,27.8,48,Active,2000,"Prolift Fitness Gym, Wadi, Nagpur"
PFG20240459,Aman Jain,Male,29,Government Employee,2024-01-07,Monthly,900,No,0,UPI,Rohit Patil,Morning,Yes,Friend Referral,20.1,94,Inactive,2000,"Prolift Fitness Gym, Wadi, Nagpur"
PFG20240302,Krishna Kale,Male,26,Student,2024-05-07,Monthly,900,No,0,Cash,Akshay Deshmukh,Evening,Yes,Banner,29.7,86,Active,2000,"Prolift Fitness Gym, Wadi, Nagpur"
PFG20240063,Om Patel,Male,18,Working Professional,2024-03-03,Monthly,900,Yes,2500,UPI,Rohit Patil,Morning,Yes,Walk-in,21.0,86,Active,2000,"Prolift Fitness Gym, Wadi, Nagpur"
PFG20240244,Ritesh Borkar,Male,27,Working Professional,2024-12-07,Monthly,900,No,0,UPI,Rohit Patil,Evening,Yes,Friend Referral,25.6,49,Inactive,2000,"Prolift Fitness Gym, Wadi, Nagpur"
PFG20240431,Rohan Jain,Male,20,Working Professional,2024-08-21,Monthly,900,No,0,Cash,Shubham Kale,Morning,No,Friend Referral,31.7,48,Active,2000,"Prolift Fitness Gym, Wadi, Nagpur"
PFG20240454,Simran Joshi,Female,28,Government Employee,2024-11-26,Quarterly,3000,Yes,2500,Cash,Akshay Deshmukh,Morning,No,Walk-in,30.5,98,Active,2000,"Prolift Fitness Gym, Wadi, Nagpur"
PFG20240283,Sakshi Kulkarni,Female,24,Housewife,2024-07-24,Quarterly,3000,No,0,UPI,Akshay Deshmukh,Morning,Yes,Instagram,22.3,105,Active,2000,"Prolift Fitness Gym, Wadi, Nagpur"
PFG20240440,Om Sharma,Male,27,Housewife,2024-03-25,Quarterly,3000,No,0,UPI,Shubham Kale,Evening,No,Banner,33.3,79,Inactive,2000,"Prolift Fitness Gym, Wadi, Nagpur"
PFG20240297,Krishna Thakur,Male,30,Student,2024-12-19,Quarterly,3000,No,0,UPI,Aman Sharma,Morning,Yes,Instagram,19.9,103,Active,2000,"Prolift Fitness Gym, Wadi, Nagpur"
PFG20240008,Nikita Mishra,Female,19,Housewife,2024-09-04,Monthly,900,No,0,UPI,Aman Sharma,Morning,No,Instagram,23.9,80,Inactive,2000,"Prolift Fitness Gym, Wadi, Nagpur"
PFG20240019,Kavya Mishra,Female,25,Housewife,2024-04-23,Quarterly,3000,Yes,4000,Cash,Shubham Kale,Evening,Yes,Existing Member,26.5,95,Inactive,2000,"Prolift Fitness Gym, Wadi, Nagpur"
PFG20240129,Ankit Tiwari,Male,22,Freelancer,2024-05-01,Monthly,900,No,0,Card,Rohit Patil,Morning,Yes,Friend Referral,31.6,53,Active,2000,"Prolift Fitness Gym, Wadi, Nagpur"
PFG20240368,Om Jain,Male,20,Housewife,2024-09-27,Quarterly,3000,No,0,UPI,Rohit Patil,Morning,Yes,Google,22.0,51,Active,2000,"Prolift Fitness Gym, Wadi, Nagpur"
PFG20240178,Simran Yadav,Female,30,Student,2024-07-28,Yearly,8000,Yes,3000,Card,Aman Sharma,Evening,No,Google,21.8,77,Active,2000,"Prolift Fitness Gym, Wadi, Nagpur"
PFG20240352,Rahul Mishra,Male,20,Freelancer,2024-07-13,Yearly,8000,No,0,UPI,Rohit Patil,Evening,Yes,Walk-in,25.8,85,Active,2000,"Prolift Fitness Gym, Wadi, Nagpur"
PFG20240092,Arjun Kulkarni,Male,24,Student,2024-06-10,Yearly,8000,Yes,4000,UPI,Akshay Deshmukh,Morning,Yes,Friend Referral,32.8,77,Active,2000,"Prolift Fitness Gym, Wadi, Nagpur"
PFG20240506,Vedant Kulkarni,Male,25,Housewife,2024-07-28,Quarterly,3000,Yes,2500,Cash,Akshay Deshmukh,Evening,Yes,Google,29.1,85,Active,2000,"Prolift Fitness Gym, Wadi, Nagpur"
PFG20240280,Vedant Gupta,Male,28,Business,2024-01-18,Monthly,900,No,0,Cash,Aman Sharma,Morning,No,Friend Referral,32.4,60,Active,2000,"Prolift Fitness Gym, Wadi, Nagpur"
PFG20240149,Aarav Mishra,Male,18,Government Employee,2024-12-11,Yearly,8000,No,0,UPI,Rohit Patil,Morning,Yes,Instagram,20.9,101,Active,2000,"Prolift Fitness Gym, Wadi, Nagpur"
PFG20240523,Arjun Mishra,Male,26,Housewife,2024-02-04,Monthly,900,No,0,UPI,Aman Sharma,Evening,No,Friend Referral,33.4,49,Active,2000,"Prolift Fitness Gym, Wadi, Nagpur"
PFG20240464,Kavya Rao,Female,29,Business,2024-05-28,Quarterly,3000,No,0,Card,Akshay Deshmukh,Evening,No,Friend Referral,20.7,94,Active,2000,"Prolift Fitness Gym, Wadi, Nagpur"
PFG20240157,Harsh Mishra,Male,26,Working Professional,2024-02-05,Monthly,900,No,0,UPI,Akshay Deshmukh,Evening,Yes,Friend Referral,26.8,74,Active,2000,"Prolift Fitness Gym, Wadi, Nagpur"
PFG20240527,Vivaan Tiwari,Male,24,Working Professional,2024-12-01,Monthly,900,No,0,UPI,Akshay Deshmukh,Morning,No,Friend Referral,24.8,78,Active,2000,"Prolift Fitness Gym, Wadi, Nagpur"
PFG20240423,Vedant Verma,Male,25,Freelancer,2024-12-20,Yearly,8000,Yes,3000,UPI,Akshay Deshmukh,Evening,No,Instagram,19.4,96,Active,2000,"Prolift Fitness Gym, Wadi, Nagpur"
PFG20240149,Aarav Mishra,Male,18,Government Employee,2024-06-15,Monthly,900,Yes,3000,UPI,Rohit Patil,Morning,No,Friend Referral,20.7,50,Active,2000,"Prolift Fitness Gym, Wadi, Nagpur"
PFG20240026,Muskan Jain,Female,28,Student,2024-06-11,Monthly,900,No,0,Cash,Shubham Kale,Morning,Yes,Walk-in,28.4,75,Active,2000,"Prolift Fitness Gym, Wadi, Nagpur"
PFG20240526,Karan Chaudhary,Male,18,Housewife,2024-09-04,Monthly,900,Yes,4000,UPI,Akshay Deshmukh,Evening,Yes,Instagram,28.5,62,Active,2000,"Prolift Fitness Gym, Wadi, Nagpur"
PFG20240387,Pranav Patel,Male,20,Student,2024-01-07,Yearly,8000,Yes,4000,Cash,Rohit Patil,Evening,Yes,Friend Referral,25.8,99,Active,2000,"Prolift Fitness Gym, Wadi, Nagpur"
PFG20240057,Ritesh Wankhede,Male,20,Working Professional,2024-06-05,Quarterly,3000,Yes,2500,UPI,Rohit Patil,Morning,No,Google,19.3,99,Active,2000,"Prolift Fitness Gym, Wadi, Nagpur"
PFG20240066,Krishna Yadav,Male,19,Housewife,2024-01-19,Yearly,8000,Yes,2500,Cash,Rohit Patil,Evening,Yes,Banner,20.7,76,Active,2000,"Prolift Fitness Gym, Wadi, Nagpur"
PFG20240270,Aditya Kale,Male,29,Government Employee,2024-09-05,Quarterly,3000,No,0,UPI,Akshay Deshmukh,Evening,Yes,Instagram,20.5,103,Active,2000,"Prolift Fitness Gym, Wadi, Nagpur"
PFG20240023,Simran Joshi,Female,29,Freelancer,2024-12-21,Half Yearly,5000,No,0,UPI,Aman Sharma,Evening,Yes,Friend Referral,23.4,71,Active,2000,"Prolift Fitness Gym, Wadi, Nagpur"
PFG20240374,Karan Mishra,Male,28,Freelancer,2024-06-14,Monthly,900,No,0,UPI,Akshay Deshmukh,Evening,Yes,Google,29.0,97,Active,2000,"Prolift Fitness Gym, Wadi, Nagpur"
PFG20240512,Nikhil Kale,Male,24,Freelancer,2024-03-27,Half Yearly,5000,No,0,UPI,Shubham Kale,Morning,No,Banner,29.1,77,Active,2000,"Prolift Fitness Gym, Wadi, Nagpur"
PFG20240420,Atharva Deshmukh,Male,21,Government Employee,2024-09-23,Monthly,900,No,0,UPI,Shubham Kale,Evening,Yes,Existing Member,26.2,90,Inactive,2000,"Prolift Fitness Gym, Wadi, Nagpur"
PFG20240471,Nikhil Gupta,Male,18,Housewife,2024-03-26,Monthly,900,No,0,UPI,Akshay Deshmukh,Morning,Yes,Instagram,22.3,79,Active,2000,"Prolift Fitness Gym, Wadi, Nagpur"
PFG20240069,Siddharth Thakur,Male,25,Business,2024-02-05,Yearly,8000,Yes,2500,UPI,Aman Sharma,Morning,No,Banner,23.3,102,Active,2000,"Prolift Fitness Gym, Wadi, Nagpur"
PFG20240006,Pranav Deshmukh,Male,20,Business,2024-01-09,Monthly,900,No,0,UPI,Rohit Patil,Evening,No,Friend Referral,21.0,98,Active,2000,"Prolift Fitness Gym, Wadi, Nagpur"
PFG20240077,Siddharth Joshi,Male,20,Housewife,2024-08-07,Monthly,900,No,0,UPI,Rohit Patil,Morning,Yes,Instagram,31.3,63,Active,2000,"Prolift Fitness Gym, Wadi, Nagpur"
PFG20240031,Akash Thakur,Male,19,Student,2024-08-19,Yearly,8000,Yes,4000,UPI,Aman Sharma,Morning,Yes,Walk-in,21.5,67,Inactive,2000,"Prolift Fitness Gym, Wadi, Nagpur"
PFG20240132,Vivaan Tiwari,Male,19,Freelancer,2024-12-01,Yearly,8000,Yes,3000,UPI,Shubham Kale,Evening,Yes,Friend Referral,24.0,50,Active,2000,"Prolift Fitness Gym, Wadi, Nagpur"
PFG20240035,Akash Mishra,Male,25,Housewife,2024-05-01,Monthly,900,No,0,UPI,Aman Sharma,Morning,No,Banner,26.6,72,Active,2000,"Prolift Fitness Gym, Wadi, Nagpur"
PFG20240114,Priya Chaudhary,Female,19,Business,2024-12-23,Monthly,900,Yes,2500,UPI,Aman Sharma,Morning,Yes,Friend Referral,22.6,92,Active,2000,"Prolift Fitness Gym, Wadi, Nagpur"
PFG20240480,Aman Jain,Male,19,Government Employee,2024-04-23,Monthly,900,No,0,UPI,Aman Sharma,Evening,Yes,Friend Referral,21.6,72,Active,2000,"Prolift Fitness Gym, Wadi, Nagpur"
PFG20240043,Tanvi Rao,Female,30,Business,2024-03-20,Quarterly,3000,No,0,Cash,Shubham Kale,Evening,No,Instagram,33.3,89,Active,2000,"Prolift Fitness Gym, Wadi, Nagpur"
PFG20240134,Arjun Joshi,Male,20,Government Employee,2024-12-12,Monthly,900,Yes,4000,UPI,Rohit Patil,Evening,Yes,Instagram,20.8,93,Active,2000,"Prolift Fitness Gym, Wadi, Nagpur"
PFG20240247,Riya Verma,Female,18,Government Employee,2024-12-11,Quarterly,3000,No,0,UPI,Akshay Deshmukh,Evening,No,Friend Referral,19.2,59,Active,2000,"Prolift Fitness Gym, Wadi, Nagpur"
PFG20240325,Atharva Borkar,Male,20,Housewife,2024-09-28,Monthly,900,No,0,UPI,Akshay Deshmukh,Evening,No,Walk-in,22.4,67,Active,2000,"Prolift Fitness Gym, Wadi, Nagpur"
PFG20240009,Om Tiwari,Male,28,Government Employee,2024-07-25,Yearly,8000,Yes,4000,Card,Shubham Kale,Morning,No,Walk-in,27.6,50,Active,2000,"Prolift Fitness Gym, Wadi, Nagpur"
PFG20240138,Nikhil Gupta,Male,22,Student,2024-12-17,Monthly,900,No,0,UPI,Akshay Deshmukh,Morning,No,Friend Referral,26.4,103,Active,2000,"Prolift Fitness Gym, Wadi, Nagpur"
PFG20240373,Atharva Joshi,Male,27,Student,2024-03-03,Yearly,8000,Yes,4000,UPI,Akshay Deshmukh,Morning,No,Friend Referral,22.8,95,Inactive,2000,"Prolift Fitness Gym, Wadi, Nagpur"
PFG20240516,Neha Mishra,Female,26,Student,2024-10-08,Monthly,900,No,0,Cash,Rohit Patil,Evening,Yes,Banner,20.4,92,Active,2000,"Prolift Fitness Gym, Wadi, Nagpur"
PFG20240481,Shubham Deshmukh,Male,21,Business,2024-10-27,Quarterly,3000,Yes,3000,UPI,Shubham Kale,Morning,Yes,Friend Referral,30.3,77,Active,2000,"Prolift Fitness Gym, Wadi, Nagpur"
PFG20240456,Aarav Kulkarni,Male,24,Working Professional,2024-04-24,Yearly,8000,Yes,2500,UPI,Akshay Deshmukh,Morning,Yes,Friend Referral,30.2,60,Active,2000,"Prolift Fitness Gym, Wadi, Nagpur"
PFG20240522,Ritesh Rao,Male,22,Business,2024-09-16,Monthly,900,No,0,Cash,Shubham Kale,Evening,Yes,Walk-in,30.4,64,Active,2000,"Prolift Fitness Gym, Wadi, Nagpur"
PFG20240046,Sahil Gupta,Male,29,Working Professional,2024-09-04,Half Yearly,5000,No,0,Cash,Shubham Kale,Evening,No,Google,24.9,102,Active,2000,"Prolift Fitness Gym, Wadi, Nagpur"
PFG20240168,Aarav Verma,Male,28,Student,2024-05-17,Yearly,8000,Yes,4000,Card,Aman Sharma,Evening,Yes,Walk-in,29.2,101,Active,2000,"Prolift Fitness Gym, Wadi, Nagpur"
PFG20240254,Sahil Deshmukh,Male,25,Housewife,2024-11-01,Yearly,8000,No,0,Card,Aman Sharma,Morning,Yes,Instagram,30.2,67,Active,2000,"Prolift Fitness Gym, Wadi, Nagpur"
PFG20240293,Ritesh Jain,Male,28,Business,2024-01-26,Monthly,900,No,0,Cash,Shubham Kale,Morning,Yes,Google,30.5,51,Active,2000,"Prolift Fitness Gym, Wadi, Nagpur"
PFG20240384,Ananya Deshmukh,Female,21,Working Professional,2024-02-27,Monthly,900,No,0,UPI,Rohit Patil,Evening,No,Instagram,21.9,104,Active,2000,"Prolift Fitness Gym, Wadi, Nagpur"
PFG20240275,Tanvi Joshi,Female,19,Working Professional,2024-01-08,Yearly,8000,Yes,4000,UPI,Shubham Kale,Evening,No,Existing Member,21.4,50,Active,2000,"Prolift Fitness Gym, Wadi, Nagpur"
PFG20240476,Atharva Kale,Male,24,Working Professional,2024-05-20,Yearly,8000,Yes,3000,Cash,Shubham Kale,Evening,Yes,Banner,32.1,100,Active,2000,"Prolift Fitness Gym, Wadi, Nagpur"
PFG20240208,Sahil Deshmukh,Male,25,Freelancer,2024-12-17,Yearly,8000,Yes,3000,Card,Akshay Deshmukh,Evening,No,Walk-in,27.8,88,Active,2000,"Prolift Fitness Gym, Wadi, Nagpur"
PFG20240425,Krishna Yadav,Male,24,Housewife,2024-01-13,Quarterly,3000,No,0,UPI,Akshay Deshmukh,Evening,No,Friend Referral,21.7,52,Active,2000,"Prolift Fitness Gym, Wadi, Nagpur"
PFG20240347,Om Tiwari,Male,22,Freelancer,2024-09-10,Monthly,900,No,0,Cash,Rohit Patil,Morning,Yes,Google,19.2,67,Active,2000,"Prolift Fitness Gym, Wadi, Nagpur"
PFG20240519,Harsh Jain,Male,27,Government Employee,2024-12-04,Quarterly,3000,No,0,Card,Aman Sharma,Evening,Yes,Existing Member,24.0,60,Active,2000,"Prolift Fitness Gym, Wadi, Nagpur"
PFG20240049,Ankit Patil,Male,26,Freelancer,2024-11-19,Monthly,900,No,0,Card,Shubham Kale,Morning,Yes,Friend Referral,27.5,71,Active,2000,"Prolift Fitness Gym, Wadi, Nagpur"
PFG20240139,Pranav Gupta,Male,22,Working Professional,2024-07-14,Monthly,900,No,0,Cash,Rohit Patil,Evening,No,Friend Referral,29.9,54,Inactive,2000,"Prolift Fitness Gym, Wadi, Nagpur"
PFG20240093,Akash Borkar,Male,29,Student,2024-04-26,Quarterly,3000,Yes,2500,UPI,Aman Sharma,Morning,No,Friend Referral,27.4,52,Active,2000,"Prolift Fitness Gym, Wadi, Nagpur"
PFG20240021,Kavya Chaudhary,Female,22,Freelancer,2024-03-02,Quarterly,3000,No,0,UPI,Akshay Deshmukh,Evening,Yes,Walk-in,19.9,75,Active,2000,"Prolift Fitness Gym, Wadi, Nagpur"
PFG20240140,Ritesh Mishra,Male,28,Government Employee,2024-02-14,Monthly,900,No,0,UPI,Shubham Kale,Evening,No,Friend Referral,19.6,81,Active,2000,"Prolift Fitness Gym, Wadi, Nagpur"
PFG20240136,Arjun Joshi,Male,26,Freelancer,2024-10-12,Monthly,900,No,0,UPI,Shubham Kale,Morning,No,Existing Member,22.1,100,Active,2000,"Prolift Fitness Gym, Wadi, Nagpur"
PFG20240044,Sneha Kale,Female,28,Working Professional,2024-01-28,Half Yearly,5000,No,0,Cash,Rohit Patil,Morning,Yes,Walk-in,28.2,67,Active,2000,"Prolift Fitness Gym, Wadi, Nagpur"
PFG20240081,Karan Verma,Male,20,Housewife,2024-01-16,Quarterly,3000,No,0,UPI,Aman Sharma,Morning,No,Friend Referral,28.7,60,Active,2000,"Prolift Fitness Gym, Wadi, Nagpur"
PFG20240118,Atharva Yadav,Male,24,Housewife,2024-06-07,Monthly,900,Yes,4000,Cash,Aman Sharma,Evening,Yes,Walk-in,28.7,52,Active,2000,"Prolift Fitness Gym, Wadi, Nagpur"
PFG20240058,Sakshi Kulkarni,Female,30,Business,2024-06-10,Quarterly,3000,No,0,Card,Aman Sharma,Morning,No,Friend Referral,20.8,57,Inactive,2000,"Prolift Fitness Gym, Wadi, Nagpur"
PFG20240444,Aman Joshi,Male,19,Freelancer,2024-01-18,Monthly,900,No,0,UPI,Akshay Deshmukh,Evening,Yes,Instagram,24.2,48,Inactive,2000,"Prolift Fitness Gym, Wadi, Nagpur"
PFG20240438,Shubham Sharma,Male,25,Housewife,2024-11-04,Yearly,8000,Yes,3000,UPI,Aman Sharma,Morning,Yes,Friend Referral,28.4,53,Active,2000,"Prolift Fitness Gym, Wadi, Nagpur"
PFG20240152,Vivaan Kulkarni,Male,27,Student,2024-10-19,Monthly,900,No,0,Cash,Rohit Patil,Evening,Yes,Google,20.6,82,Active,2000,"Prolift Fitness Gym, Wadi, Nagpur"
PFG20240152,Vivaan Kulkarni,Male,27,Student,2024-04-06,Monthly,900,No,0,UPI,Rohit Patil,Evening,Yes,Existing Member,30.6,84,Active,2000,"Prolift Fitness Gym, Wadi, Nagpur"
PFG20240206,Simran Joshi,Female,29,Freelancer,2024-01-17,Monthly,900,Yes,3000,UPI,Rohit Patil,Evening,No,Existing Member,30.1,76,Active,2000,"Prolift Fitness Gym, Wadi, Nagpur"
PFG20240170,Ritesh Joshi,Male,19,Housewife,2024-11-08,Half Yearly,5000,No,0,Cash,Akshay Deshmukh,Morning,Yes,Friend Referral,23.3,69,Inactive,2000,"Prolift Fitness Gym, Wadi, Nagpur"
PFG20240197,Pranav Verma,Male,20,Freelancer,2024-05-26,Monthly,900,No,0,Cash,Shubham Kale,Morning,Yes,Walk-in,25.1,49,Inactive,2000,"Prolift Fitness Gym, Wadi, Nagpur"
PFG20240097,Yash Patil,Male,19,Business,2024-10-17,Yearly,8000,Yes,2500,Cash,Shubham Kale,Evening,Yes,Instagram,25.7,73,Active,2000,"Prolift Fitness Gym, Wadi, Nagpur"
PFG20240361,Ritesh Joshi,Male,22,Business,2024-12-01,Monthly,900,No,0,Card,Rohit Patil,Morning,Yes,Existing Member,18.6,101,Active,2000,"Prolift Fitness Gym, Wadi, Nagpur"
PFG20240483,Aman Wankhede,Male,23,Student,2024-08-01,Yearly,8000,No,0,Card,Aman Sharma,Evening,Yes,Instagram,25.7,73,Active,2000,"Prolift Fitness Gym, Wadi, Nagpur"
PFG20240501,Pranav Borkar,Male,27,Student,2024-10-16,Yearly,8000,No,0,UPI,Rohit Patil,Evening,No,Instagram,32.3,100,Active,2000,"Prolift Fitness Gym, Wadi, Nagpur"
PFG20240284,Riya Chaudhary,Female,24,Student,2024-08-20,Quarterly,3000,No,0,UPI,Shubham Kale,Evening,No,Friend Referral,33.4,49,Active,2000,"Prolift Fitness Gym, Wadi, Nagpur"
PFG20240382,Tanvi Gupta,Female,27,Housewife,2024-03-18,Monthly,900,No,0,Cash,Aman Sharma,Morning,Yes,Banner,19.1,98,Active,2000,"Prolift Fitness Gym, Wadi, Nagpur"
PFG20240485,Sneha Mishra,Female,21,Housewife,2024-11-24,Half Yearly,5000,No,0,Cash,Aman Sharma,Evening,Yes,Walk-in,30.5,100,Inactive,2000,"Prolift Fitness Gym, Wadi, Nagpur"
PFG20240400,Nikhil Patil,Male,23,Working Professional,2024-02-18,Yearly,8000,Yes,3000,UPI,Aman Sharma,Evening,No,Walk-in,20.1,101,Active,2000,"Prolift Fitness Gym, Wadi, Nagpur"
PFG20240370,Sahil Patel,Male,23,Business,2024-02-05,Yearly,8000,Yes,2500,UPI,Rohit Patil,Morning,No,Friend Referral,29.7,79,Active,2000,"Prolift Fitness Gym, Wadi, Nagpur"
PFG20240048,Pooja Gupta,Female,30,Business,2024-12-02,Yearly,8000,Yes,2500,Cash,Akshay Deshmukh,Evening,No,Walk-in,21.0,93,Active,2000,"Prolift Fitness Gym, Wadi, Nagpur"
PFG20240164,Vedant Chaudhary,Male,22,Business,2024-01-28,Monthly,900,Yes,4000,Cash,Akshay Deshmukh,Morning,Yes,Instagram,18.3,68,Active,2000,"Prolift Fitness Gym, Wadi, Nagpur"
PFG20240038,Vedant Chaudhary,Male,30,Freelancer,2024-05-03,Monthly,900,No,0,UPI,Akshay Deshmukh,Morning,No,Walk-in,32.1,73,Active,2000,"Prolift Fitness Gym, Wadi, Nagpur"
PFG20240101,Vedant Verma,Male,24,Housewife,2024-01-13,Monthly,900,No,0,Cash,Aman Sharma,Evening,No,Friend Referral,28.9,56,Inactive,2000,"Prolift Fitness Gym, Wadi, Nagpur"
PFG20240212,Ishita Mishra,Female,27,Working Professional,2024-01-14,Monthly,900,No,0,UPI,Shubham Kale,Evening,Yes,Instagram,31.6,98,Active,2000,"Prolift Fitness Gym, Wadi, Nagpur"
PFG20240174,Aditya Rao,Male,25,Student,2024-11-09,Quarterly,3000,No,0,UPI,Aman Sharma,Morning,Yes,Instagram,18.3,104,Active,2000,"Prolift Fitness Gym, Wadi, Nagpur"
PFG20240207,Shruti Joshi,Female,24,Housewife,2024-07-24,Half Yearly,5000,No,0,Cash,Rohit Patil,Evening,Yes,Walk-in,23.2,101,Active,2000,"Prolift Fitness Gym, Wadi, Nagpur"
PFG20240264,Shruti Wankhede,Female,27,Freelancer,2024-02-09,Quarterly,3000,No,0,UPI,Akshay Deshmukh,Morning,Yes,Friend Referral,25.8,104,Active,2000,"Prolift Fitness Gym, Wadi, Nagpur"
PFG20240221,Aarav Chaudhary,Male,24,Housewife,2024-10-22,Half Yearly,5000,Yes,2500,UPI,Akshay Deshmukh,Morning,Yes,Friend Referral,31.8,77,Active,2000,"Prolift Fitness Gym, Wadi, Nagpur"
PFG20240362,Arjun Tiwari,Male,19,Business,2024-08-15,Half Yearly,5000,No,0,Cash,Rohit Patil,Evening,No,Instagram,27.8,80,Active,2000,"Prolift Fitness Gym, Wadi, Nagpur"
PFG20240435,Siddharth Kale,Male,24,Business,2024-05-09,Monthly,900,No,0,Cash,Aman Sharma,Morning,No,Friend Referral,21.4,51,Active,2000,"Prolift Fitness Gym, Wadi, Nagpur"
PFG20240115,Akash Patel,Male,21,Working Professional,2024-11-15,Yearly,8000,Yes,2500,UPI,Aman Sharma,Morning,Yes,Instagram,19.6,57,Inactive,2000,"Prolift Fitness Gym, Wadi, Nagpur"
PFG20240342,Priya Kulkarni,Female,19,Working Professional,2024-09-08,Monthly,900,Yes,3000,UPI,Shubham Kale,Evening,No,Instagram,25.0,62,Active,2000,"Prolift Fitness Gym, Wadi, Nagpur"
PFG20240084,Rohan Chaudhary,Male,29,Business,2024-08-21,Half Yearly,5000,No,0,UPI,Akshay Deshmukh,Evening,No,Friend Referral,26.3,88,Active,2000,"Prolift Fitness Gym, Wadi, Nagpur"
PFG20240250,Ankit Tiwari,Male,27,Business,2024-01-23,Yearly,8000,No,0,UPI,Rohit Patil,Morning,Yes,Instagram,21.4,88,Active,2000,"Prolift Fitness Gym, Wadi, Nagpur"
PFG20240204,Ritesh Kulkarni,Male,29,Government Employee,2024-12-01,Quarterly,3000,No,0,UPI,Rohit Patil,Evening,No,Friend Referral,25.8,75,Active,2000,"Prolift Fitness Gym, Wadi, Nagpur"
PFG20240049,Ankit Patil,Male,26,Freelancer,2024-07-25,Monthly,900,No,0,UPI,Shubham Kale,Morning,Yes,Google,28.8,66,Active,2000,"Prolift Fitness Gym, Wadi, Nagpur"
PFG20240383,Atharva Chaudhary,Male,30,Housewife,2024-03-16,Quarterly,3000,No,0,UPI,Akshay Deshmukh,Evening,Yes,Walk-in,22.7,94,Active,2000,"Prolift Fitness Gym, Wadi, Nagpur"
PFG20240125,Akash Mishra,Male,20,Working Professional,2024-01-14,Half Yearly,5000,Yes,4000,UPI,Rohit Patil,Morning,Yes,Google,24.5,89,Inactive,2000,"Prolift Fitness Gym, Wadi, Nagpur"
PFG20240240,Krishna Tiwari,Male,20,Working Professional,2024-12-10,Half Yearly,5000,No,0,Card,Aman Sharma,Evening,Yes,Existing Member,32.8,48,Active,2000,"Prolift Fitness Gym, Wadi, Nagpur"
PFG20240421,Rahul Thakur,Male,22,Business,2024-10-21,Monthly,900,Yes,3000,UPI,Rohit Patil,Evening,Yes,Instagram,20.0,59,Active,2000,"Prolift Fitness Gym, Wadi, Nagpur"
PFG20240130,Shubham Wankhede,Male,22,Business,2024-04-20,Half Yearly,5000,No,0,UPI,Rohit Patil,Evening,No,Instagram,22.1,92,Active,2000,"Prolift Fitness Gym, Wadi, Nagpur"
PFG20240074,Shruti Tiwari,Female,18,Working Professional,2024-01-22,Half Yearly,5000,No,0,UPI,Akshay Deshmukh,Morning,Yes,Friend Referral,24.7,78,Active,2000,"Prolift Fitness Gym, Wadi, Nagpur"
PFG20240188,Vivaan Patel,Male,22,Business,2024-06-17,Quarterly,3000,Yes,4000,UPI,Rohit Patil,Morning,No,Walk-in,21.5,96,Active,2000,"Prolift Fitness Gym, Wadi, Nagpur"
PFG20240339,Aman Joshi,Male,30,Government Employee,2024-12-12,Monthly,900,No,0,UPI,Akshay Deshmukh,Morning,Yes,Existing Member,20.0,102,Active,2000,"Prolift Fitness Gym, Wadi, Nagpur"
PFG20240330,Vedant Verma,Male,26,Government Employee,2024-12-08,Quarterly,3000,Yes,2500,UPI,Aman Sharma,Evening,Yes,Walk-in,19.8,82,Active,2000,"Prolift Fitness Gym, Wadi, Nagpur"
PFG20240367,Kavya Chaudhary,Female,25,Business,2024-03-18,Half Yearly,5000,No,0,UPI,Shubham Kale,Morning,No,Friend Referral,24.7,94,Inactive,2000,"Prolift Fitness Gym, Wadi, Nagpur"
PFG20240080,Aditi Borkar,Female,29,Housewife,2024-08-01,Quarterly,3000,No,0,Card,Rohit Patil,Evening,Yes,Walk-in,32.3,65,Active,2000,"Prolift Fitness Gym, Wadi, Nagpur"
PFG20240502,Shubham Deshmukh,Male,29,Working Professional,2024-01-21,Quarterly,3000,No,0,UPI,Akshay Deshmukh,Evening,Yes,Banner,24.9,92,Active,2000,"Prolift Fitness Gym, Wadi, Nagpur"
PFG20240419,Aditi Wankhede,Female,27,Housewife,2024-04-05,Quarterly,3000,No,0,UPI,Rohit Patil,Evening,No,Walk-in,31.6,74,Active,2000,"Prolift Fitness Gym, Wadi, Nagpur"
PFG20240461,Arjun Chaudhary,Male,28,Business,2024-12-17,Quarterly,3000,No,0,UPI,Rohit Patil,Morning,Yes,Instagram,23.0,55,Active,2000,"Prolift Fitness Gym, Wadi, Nagpur"
PFG20240156,Aditya Wankhede,Male,25,Housewife,2024-10-10,Half Yearly,5000,No,0,UPI,Akshay Deshmukh,Evening,No,Walk-in,23.5,100,Active,2000,"Prolift Fitness Gym, Wadi, Nagpur"
PFG20240343,Arjun Deshmukh,Male,25,Student,2024-10-24,Monthly,900,No,0,Card,Rohit Patil,Morning,No,Friend Referral,28.2,85,Active,2000,"Prolift Fitness Gym, Wadi, Nagpur"
PFG20240109,Pranav Verma,Male,20,Business,2024-08-03,Monthly,900,No,0,UPI,Aman Sharma,Evening,Yes,Instagram,22.8,86,Active,2000,"Prolift Fitness Gym, Wadi, Nagpur"
PFG20240415,Arjun Patil,Male,25,Government Employee,2024-08-12,Monthly,900,No,0,UPI,Akshay Deshmukh,Morning,No,Instagram,25.3,68,Inactive,2000,"Prolift Fitness Gym, Wadi, Nagpur"
PFG20240220,Pooja Tiwari,Female,25,Business,2024-05-04,Monthly,900,No,0,Card,Aman Sharma,Evening,Yes,Friend Referral,33.3,93,Active,2000,"Prolift Fitness Gym, Wadi, Nagpur"
PFG20240124,Vedant Tiwari,Male,21,Working Professional,2024-12-02,Monthly,900,No,0,Cash,Shubham Kale,Evening,No,Friend Referral,31.8,96,Active,2000,"Prolift Fitness Gym, Wadi, Nagpur"
PFG20240344,Ritesh Sharma,Male,24,Government Employee,2024-06-23,Half Yearly,5000,Yes,2500,UPI,Akshay Deshmukh,Morning,Yes,Instagram,24.9,100,Active,2000,"Prolift Fitness Gym, Wadi, Nagpur"
PFG20240038,Vedant Chaudhary,Male,30,Freelancer,2024-10-17,Monthly,900,No,0,Card,Akshay Deshmukh,Evening,No,Walk-in,22.0,87,Active,2000,"Prolift Fitness Gym, Wadi, Nagpur"
PFG20240162,Vivaan Chaudhary,Male,19,Business,2024-02-10,Quarterly,3000,Yes,4000,UPI,Akshay Deshmukh,Evening,Yes,Google,22.7,92,Active,2000,"Prolift Fitness Gym, Wadi, Nagpur"
PFG20240443,Sneha Deshmukh,Female,25,Working Professional,2024-10-06,Monthly,900,No,0,UPI,Akshay Deshmukh,Evening,No,Walk-in,23.8,51,Active,2000,"Prolift Fitness Gym, Wadi, Nagpur"
PFG20240201,Priya Jain,Female,26,Business,2024-04-09,Half Yearly,5000,Yes,3000,Card,Akshay Deshmukh,Evening,Yes,Friend Referral,20.3,89,Active,2000,"Prolift Fitness Gym, Wadi, Nagpur"
PFG20240063,Om Patel,Male,18,Working Professional,2024-09-18,Monthly,900,No,0,Cash,Rohit Patil,Morning,Yes,Instagram,21.4,100,Active,2000,"Prolift Fitness Gym, Wadi, Nagpur"
PFG20240141,Yash Chaudhary,Male,25,Freelancer,2024-06-20,Monthly,900,No,0,UPI,Aman Sharma,Evening,No,Friend Referral,19.0,95,Inactive,2000,"Prolift Fitness Gym, Wadi, Nagpur"
PFG20240071,Arjun Verma,Male,18,Working Professional,2024-11-03,Half Yearly,5000,No,0,UPI,Shubham Kale,Morning,Yes,Friend Referral,30.5,77,Active,2000,"Prolift Fitness Gym, Wadi, Nagpur"
PFG20240230,Priya Rao,Female,24,Housewife,2024-11-18,Monthly,900,Yes,2500,Card,Shubham Kale,Evening,Yes,Instagram,19.5,97,Active,2000,"Prolift Fitness Gym, Wadi, Nagpur"
PFG20240461,Arjun Chaudhary,Male,28,Business,2024-08-12,Quarterly,3000,No,0,UPI,Rohit Patil,Evening,Yes,Walk-in,27.8,90,Active,2000,"Prolift Fitness Gym, Wadi, Nagpur"
PFG20240457,Ritesh Rao,Male,26,Working Professional,2024-02-17,Quarterly,3000,Yes,4000,UPI,Rohit Patil,Evening,Yes,Instagram,19.5,89,Active,2000,"Prolift Fitness Gym, Wadi, Nagpur"
PFG20240511,Om Verma,Male,30,Working Professional,2024-03-27,Yearly,8000,Yes,4000,UPI,Akshay Deshmukh,Evening,No,Friend Referral,22.7,59,Active,2000,"Prolift Fitness Gym, Wadi, Nagpur"
PFG20240021,Kavya Chaudhary,Female,22,Freelancer,2024-02-13,Monthly,900,No,0,UPI,Akshay Deshmukh,Evening,Yes,Friend Referral,30.4,53,Active,2000,"Prolift Fitness Gym, Wadi, Nagpur"
PFG20240310,Rohan Borkar,Male,22,Freelancer,2024-08-15,Yearly,8000,No,0,UPI,Akshay Deshmukh,Morning,Yes,Friend Referral,20.5,69,Active,2000,"Prolift Fitness Gym, Wadi, Nagpur"
PFG20240127,Sahil Rao,Male,19,Working Professional,2024-11-09,Monthly,900,Yes,3000,Cash,Aman Sharma,Evening,Yes,Friend Referral,32.3,77,Active,2000,"Prolift Fitness Gym, Wadi, Nagpur"
PFG20240449,Riya Yadav,Female,23,Housewife,2024-10-02,Monthly,900,No,0,UPI,Rohit Patil,Evening,No,Friend Referral,23.7,65,Active,2000,"Prolift Fitness Gym, Wadi, Nagpur"
PFG20240245,Akash Patel,Male,29,Working Professional,2024-01-26,Yearly,8000,Yes,4000,UPI,Aman Sharma,Morning,Yes,Instagram,28.6,91,Active,2000,"Prolift Fitness Gym, Wadi, Nagpur"
PFG20240414,Aarav Tiwari,Male,18,Working Professional,2024-10-25,Half Yearly,5000,Yes,4000,Card,Rohit Patil,Morning,Yes,Friend Referral,32.0,95,Active,2000,"Prolift Fitness Gym, Wadi, Nagpur"
PFG20240274,Nikita Mishra,Female,18,Working Professional,2024-03-24,Half Yearly,5000,No,0,UPI,Shubham Kale,Evening,No,Friend Referral,25.1,84,Active,2000,"Prolift Fitness Gym, Wadi, Nagpur"
PFG20240261,Siddharth Sharma,Male,29,Housewife,2024-07-18,Monthly,900,No,0,Cash,Aman Sharma,Evening,Yes,Existing Member,28.1,50,Inactive,2000,"Prolift Fitness Gym, Wadi, Nagpur"
PFG20240448,Aditya Wankhede,Male,19,Student,2024-05-03,Quarterly,3000,No,0,UPI,Akshay Deshmukh,Evening,No,Friend Referral,26.4,102,Active,2000,"Prolift Fitness Gym, Wadi, Nagpur"
PFG20240341,Akash Borkar,Male,27,Freelancer,2024-06-28,Yearly,8000,No,0,UPI,Shubham Kale,Morning,Yes,Google,26.5,90,Active,2000,"Prolift Fitness Gym, Wadi, Nagpur"
PFG20240355,Pooja Tiwari,Female,21,Business,2024-04-10,Monthly,900,No,0,UPI,Rohit Patil,Evening,Yes,Instagram,29.4,92,Active,2000,"Prolift Fitness Gym, Wadi, Nagpur"
PFG20240103,Shubham Chaudhary,Male,22,Government Employee,2024-01-20,Monthly,900,No,0,UPI,Rohit Patil,Morning,No,Google,25.7,59,Active,2000,"Prolift Fitness Gym, Wadi, Nagpur"
PFG20240263,Om Rao,Male,23,Student,2024-12-13,Quarterly,3000,Yes,3000,UPI,Shubham Kale,Evening,No,Walk-in,30.3,49,Active,2000,"Prolift Fitness Gym, Wadi, Nagpur"
PFG20240311,Aditi Chaudhary,Female,26,Housewife,2024-12-17,Monthly,900,No,0,Card,Shubham Kale,Evening,No,Instagram,18.6,82,Active,2000,"Prolift Fitness Gym, Wadi, Nagpur"
PFG20240209,Atharva Rao,Male,18,Working Professional,2024-07-12,Monthly,900,No,0,Cash,Rohit Patil,Evening,No,Instagram,30.8,49,Active,2000,"Prolift Fitness Gym, Wadi, Nagpur"
PFG20240314,Akash Mishra,Male,18,Business,2024-08-08,Quarterly,3000,No,0,UPI,Rohit Patil,Evening,Yes,Friend Referral,23.5,57,Inactive,2000,"Prolift Fitness Gym, Wadi, Nagpur"
PFG20240467,Rahul Joshi,Male,23,Working Professional,2024-10-26,Half Yearly,5000,No,0,Cash,Rohit Patil,Morning,No,Friend Referral,22.4,81,Active,2000,"Prolift Fitness Gym, Wadi, Nagpur"
PFG20240227,Neha Mishra,Female,24,Freelancer,2024-01-01,Quarterly,3000,No,0,UPI,Akshay Deshmukh,Evening,Yes,Friend Referral,31.2,66,Active,2000,"Prolift Fitness Gym, Wadi, Nagpur"
PFG20240033,Aditya Kale,Male,20,Working Professional,2024-05-19,Yearly,8000,Yes,2500,Card,Shubham Kale,Morning,Yes,Instagram,18.5,75,Active,2000,"Prolift Fitness Gym, Wadi, Nagpur"
PFG20240390,Arjun Chaudhary,Male,21,Student,2024-01-08,Monthly,900,No,0,UPI,Akshay Deshmukh,Evening,Yes,Friend Referral,20.7,73,Active,2000,"Prolift Fitness Gym, Wadi, Nagpur"
PFG20240524,Ankit Chaudhary,Male,20,Freelancer,2024-09-04,Quarterly,3000,No,0,UPI,Rohit Patil,Morning,No,Instagram,20.2,87,Active,2000,"Prolift Fitness Gym, Wadi, Nagpur"
PFG20240288,Aman Patil,Male,28,Working Professional,2024-06-15,Monthly,900,Yes,4000,Card,Aman Sharma,Morning,Yes,Instagram,27.8,95,Active,2000,"Prolift Fitness Gym, Wadi, Nagpur"
PFG20240232,Ankit Borkar,Male,25,Government Employee,2024-02-12,Half Yearly,5000,No,0,UPI,Akshay Deshmukh,Morning,Yes,Google,27.8,104,Active,2000,"Prolift Fitness Gym, Wadi, Nagpur"
PFG20240260,Aditya Verma,Male,26,Government Employee,2024-01-17,Yearly,8000,Yes,3000,UPI,Akshay Deshmukh,Morning,Yes,Friend Referral,26.5,64,Active,2000,"Prolift Fitness Gym, Wadi, Nagpur"
PFG20240051,Pooja Joshi,Female,29,Freelancer,2024-01-10,Monthly,900,No,0,Card,Rohit Patil,Morning,No,Friend Referral,26.2,74,Active,2000,"Prolift Fitness Gym, Wadi, Nagpur"
PFG20240396,Aarav Chaudhary,Male,20,Freelancer,2024-02-27,Quarterly,3000,No,0,UPI,Rohit Patil,Evening,No,Banner,25.4,66,Active,2000,"Prolift Fitness Gym, Wadi, Nagpur"
PFG20240525,Aditya Patel,Male,25,Student,2024-11-26,Half Yearly,5000,No,0,Cash,Aman Sharma,Morning,Yes,Friend Referral,31.6,82,Active,2000,"Prolift Fitness Gym, Wadi, Nagpur"
PFG20240142,Karan Patil,Male,21,Student,2024-08-23,Yearly,8000,Yes,4000,UPI,Shubham Kale,Morning,Yes,Google,21.7,68,Inactive,2000,"Prolift Fitness Gym, Wadi, Nagpur"
PFG20240098,Vivaan Kulkarni,Male,24,Housewife,2024-06-27,Quarterly,3000,No,0,UPI,Akshay Deshmukh,Morning,Yes,Friend Referral,29.6,92,Inactive,2000,"Prolift Fitness Gym, Wadi, Nagpur"
PFG20240128,Vivaan Joshi,Male,29,Government Employee,2024-04-19,Monthly,900,Yes,2500,UPI,Akshay Deshmukh,Morning,Yes,Banner,19.5,92,Active,2000,"Prolift Fitness Gym, Wadi, Nagpur"
PFG20240228,Aditya Gupta,Male,23,Freelancer,2024-02-24,Monthly,900,No,0,UPI,Rohit Patil,Evening,Yes,Instagram,20.5,103,Active,2000,"Prolift Fitness Gym, Wadi, Nagpur"
PFG20240110,Yash Kulkarni,Male,21,Business,2024-05-06,Monthly,900,No,0,UPI,Aman Sharma,Evening,Yes,Instagram,22.8,105,Active,2000,"Prolift Fitness Gym, Wadi, Nagpur"
PFG20240453,Ritesh Kale,Male,23,Housewife,2024-10-18,Half Yearly,5000,Yes,2500,Card,Rohit Patil,Morning,No,Walk-in,20.7,82,Active,2000,"Prolift Fitness Gym, Wadi, Nagpur"
PFG20240055,Rahul Wankhede,Male,18,Business,2024-11-05,Monthly,900,No,0,UPI,Akshay Deshmukh,Morning,Yes,Instagram,27.3,90,Active,2000,"Prolift Fitness Gym, Wadi, Nagpur"
PFG20240013,Atharva Wankhede,Male,26,Business,2024-02-16,Quarterly,3000,No,0,Cash,Aman Sharma,Morning,Yes,Friend Referral,26.8,55,Active,2000,"Prolift Fitness Gym, Wadi, Nagpur"
PFG20240029,Sahil Deshmukh,Male,28,Freelancer,2024-07-22,Monthly,900,No,0,Card,Aman Sharma,Evening,Yes,Google,20.8,70,Active,2000,"Prolift Fitness Gym, Wadi, Nagpur"
PFG20240248,Ankit Mishra,Male,21,Business,2024-07-22,Monthly,900,No,0,UPI,Aman Sharma,Evening,No,Instagram,20.3,65,Active,2000,"Prolift Fitness Gym, Wadi, Nagpur"
PFG20240469,Krishna Borkar,Male,30,Housewife,2024-06-06,Monthly,900,No,0,UPI,Akshay Deshmukh,Evening,Yes,Banner,28.2,53,Inactive,2000,"Prolift Fitness Gym, Wadi, Nagpur"
PFG20240033,Aditya Kale,Male,20,Working Professional,2024-01-17,Monthly,900,No,0,UPI,Shubham Kale,Morning,Yes,Instagram,32.5,74,Active,2000,"Prolift Fitness Gym, Wadi, Nagpur"
PFG20240034,Om Wankhede,Male,30,Business,2024-04-24,Monthly,900,No,0,UPI,Akshay Deshmukh,Morning,No,Friend Referral,29.2,88,Inactive,2000,"Prolift Fitness Gym, Wadi, Nagpur"
PFG20240350,Akash Deshmukh,Male,21,Working Professional,2024-05-08,Monthly,900,No,0,Cash,Aman Sharma,Morning,Yes,Friend Referral,29.0,94,Active,2000,"Prolift Fitness Gym, Wadi, Nagpur"
PFG20240259,Kavya Mishra,Female,29,Housewife,2024-10-02,Monthly,900,No,0,UPI,Aman Sharma,Evening,Yes,Banner,22.8,79,Active,2000,"Prolift Fitness Gym, Wadi, Nagpur"
PFG20240506,Vedant Kulkarni,Male,25,Housewife,2024-01-06,Monthly,900,No,0,UPI,Akshay Deshmukh,Evening,Yes,Friend Referral,20.2,49,Active,2000,"Prolift Fitness Gym, Wadi, Nagpur"
PFG20240285,Harsh Yadav,Male,20,Business,2024-03-14,Quarterly,3000,No,0,UPI,Shubham Kale,Morning,No,Existing Member,21.6,69,Active,2000,"Prolift Fitness Gym, Wadi, Nagpur"
PFG20240062,Neha Borkar,Female,18,Housewife,2024-03-02,Half Yearly,5000,Yes,4000,UPI,Akshay Deshmukh,Evening,Yes,Friend Referral,22.5,80,Active,2000,"Prolift Fitness Gym, Wadi, Nagpur"
PFG20240372,Karan Tiwari,Male,25,Business,2024-06-18,Monthly,900,No,0,Cash,Akshay Deshmukh,Morning,No,Friend Referral,28.8,64,Active,2000,"Prolift Fitness Gym, Wadi, Nagpur"
PFG20240317,Yash Chaudhary,Male,18,Student,2024-01-04,Monthly,900,No,0,UPI,Shubham Kale,Evening,Yes,Banner,32.2,56,Active,2000,"Prolift Fitness Gym, Wadi, Nagpur"
PFG20240243,Rahul Wankhede,Male,27,Working Professional,2024-06-15,Monthly,900,No,0,Cash,Akshay Deshmukh,Morning,Yes,Friend Referral,31.4,66,Active,2000,"Prolift Fitness Gym, Wadi, Nagpur"
PFG20240293,Ritesh Jain,Male,28,Business,2024-01-28,Quarterly,3000,No,0,Cash,Shubham Kale,Evening,Yes,Walk-in,21.4,98,Active,2000,"Prolift Fitness Gym, Wadi, Nagpur"
PFG20240306,Vivaan Joshi,Male,25,Student,2024-04-15,Monthly,900,No,0,Card,Akshay Deshmukh,Morning,Yes,Friend Referral,33.0,104,Inactive,2000,"Prolift Fitness Gym, Wadi, Nagpur"
PFG20240077,Siddharth Joshi,Male,20,Housewife,2024-02-11,Quarterly,3000,No,0,Cash,Rohit Patil,Morning,Yes,Existing Member,24.4,97,Active,2000,"Prolift Fitness Gym, Wadi, Nagpur"
PFG20240410,Aditya Thakur,Male,20,Working Professional,2024-02-02,Monthly,900,No,0,Cash,Rohit Patil,Evening,Yes,Friend Referral,30.7,56,Active,2000,"Prolift Fitness Gym, Wadi, Nagpur"
PFG20240168,Aarav Verma,Male,28,Student,2024-01-19,Half Yearly,5000,No,0,UPI,Aman Sharma,Evening,No,Walk-in,19.8,51,Active,2000,"Prolift Fitness Gym, Wadi, Nagpur"
PFG20240003,Atharva Tiwari,Male,29,Freelancer,2024-08-18,Yearly,8000,No,0,UPI,Akshay Deshmukh,Evening,No,Instagram,25.7,61,Active,2000,"Prolift Fitness Gym, Wadi, Nagpur"
PFG20240312,Om Gupta,Male,27,Housewife,2024-12-03,Yearly,8000,Yes,3000,UPI,Rohit Patil,Morning,Yes,Instagram,21.9,86,Active,2000,"Prolift Fitness Gym, Wadi, Nagpur"
PFG20240357,Aman Tiwari,Male,26,Government Employee,2024-02-07,Quarterly,3000,No,0,UPI,Akshay Deshmukh,Morning,Yes,Walk-in,19.0,95,Active,2000,"Prolift Fitness Gym, Wadi, Nagpur"
PFG20240441,Yash Rao,Male,21,Business,2024-02-26,Monthly,900,No,0,UPI,Shubham Kale,Morning,Yes,Instagram,26.9,102,Active,2000,"Prolift Fitness Gym, Wadi, Nagpur"
PFG20240165,Ritesh Kale,Male,28,Housewife,2024-09-15,Quarterly,3000,No,0,Cash,Rohit Patil,Morning,Yes,Banner,27.1,48,Active,2000,"Prolift Fitness Gym, Wadi, Nagpur"
PFG20240447,Nikhil Mishra,Male,23,Freelancer,2024-11-15,Yearly,8000,Yes,2500,UPI,Aman Sharma,Morning,Yes,Instagram,29.9,79,Active,2000,"Prolift Fitness Gym, Wadi, Nagpur"
PFG20240010,Krishna Yadav,Male,28,Business,2024-03-19,Quarterly,3000,Yes,4000,UPI,Akshay Deshmukh,Evening,Yes,Instagram,24.0,62,Active,2000,"Prolift Fitness Gym, Wadi, Nagpur"
PFG20240262,Ritesh Rao,Male,19,Working Professional,2024-11-10,Quarterly,3000,No,0,Card,Shubham Kale,Evening,Yes,Friend Referral,22.5,77,Active,2000,"Prolift Fitness Gym, Wadi, Nagpur"
PFG20240269,Kavya Sharma,Female,23,Business,2024-01-01,Quarterly,3000,No,0,Card,Akshay Deshmukh,Morning,Yes,Walk-in,28.9,86,Active,2000,"Prolift Fitness Gym, Wadi, Nagpur"
PFG20240078,Vivaan Verma,Male,24,Government Employee,2024-08-02,Monthly,900,No,0,UPI,Rohit Patil,Morning,Yes,Banner,33.5,89,Inactive,2000,"Prolift Fitness Gym, Wadi, Nagpur"
PFG20240273,Priya Chaudhary,Female,30,Government Employee,2024-09-06,Yearly,8000,Yes,2500,Card,Shubham Kale,Evening,No,Walk-in,27.0,59,Active,2000,"Prolift Fitness Gym, Wadi, Nagpur"
PFG20240067,Shruti Chaudhary,Female,29,Student,2024-12-25,Monthly,900,No,0,UPI,Akshay Deshmukh,Evening,No,Friend Referral,19.4,93,Inactive,2000,"Prolift Fitness Gym, Wadi, Nagpur"
PFG20240257,Sahil Gupta,Male,25,Freelancer,2024-02-10,Half Yearly,5000,No,0,UPI,Shubham Kale,Evening,Yes,Friend Referral,20.7,66,Active,2000,"Prolift Fitness Gym, Wadi, Nagpur"
PFG20240450,Aditya Mishra,Male,25,Student,2024-12-21,Monthly,900,Yes,3000,UPI,Shubham Kale,Evening,Yes,Google,27.7,78,Active,2000,"Prolift Fitness Gym, Wadi, Nagpur"
PFG20240470,Ritesh Jain,Male,19,Housewife,2024-01-10,Monthly,900,Yes,4000,Cash,Aman Sharma,Evening,Yes,Friend Referral,26.6,49,Active,2000,"Prolift Fitness Gym, Wadi, Nagpur"
PFG20240424,Yash Borkar,Male,19,Housewife,2024-02-28,Monthly,900,No,0,UPI,Shubham Kale,Morning,Yes,Google,22.3,101,Active,2000,"Prolift Fitness Gym, Wadi, Nagpur"
PFG20240216,Sakshi Tiwari,Female,22,Student,2024-04-18,Monthly,900,No,0,Cash,Aman Sharma,Evening,Yes,Friend Referral,25.1,51,Active,2000,"Prolift Fitness Gym, Wadi, Nagpur"
PFG20240265,Sahil Verma,Male,25,Housewife,2024-11-26,Quarterly,3000,No,0,Card,Shubham Kale,Evening,Yes,Friend Referral,19.8,70,Active,2000,"Prolift Fitness Gym, Wadi, Nagpur"
PFG20240463,Arjun Chaudhary,Male,30,Working Professional,2024-12-28,Yearly,8000,Yes,4000,Card,Shubham Kale,Morning,No,Friend Referral,21.5,75,Active,2000,"Prolift Fitness Gym, Wadi, Nagpur"
PFG20240418,Harsh Kale,Male,23,Working Professional,2024-11-18,Quarterly,3000,No,0,UPI,Rohit Patil,Morning,Yes,Google,25.9,48,Active,2000,"Prolift Fitness Gym, Wadi, Nagpur"
PFG20240299,Vivaan Joshi,Male,26,Freelancer,2024-01-28,Yearly,8000,No,0,Card,Akshay Deshmukh,Morning,Yes,Banner,30.5,88,Active,2000,"Prolift Fitness Gym, Wadi, Nagpur"
PFG20240340,Siddharth Patel,Male,23,Government Employee,2024-03-18,Monthly,900,Yes,3000,Cash,Akshay Deshmukh,Morning,Yes,Friend Referral,31.3,82,Active,2000,"Prolift Fitness Gym, Wadi, Nagpur"
PFG20240235,Ishita Chaudhary,Female,26,Business,2024-12-07,Monthly,900,No,0,Cash,Aman Sharma,Evening,Yes,Friend Referral,32.1,102,Inactive,2000,"Prolift Fitness Gym, Wadi, Nagpur"
PFG20240460,Atharva Kale,Male,20,Business,2024-01-15,Monthly,900,No,0,UPI,Aman Sharma,Evening,Yes,Friend Referral,29.0,97,Active,2000,"Prolift Fitness Gym, Wadi, Nagpur"
PFG20240182,Harsh Verma,Male,23,Housewife,2024-02-10,Yearly,8000,Yes,4000,UPI,Shubham Kale,Evening,No,Friend Referral,27.9,69,Active,2000,"Prolift Fitness Gym, Wadi, Nagpur"
PFG20240379,Sahil Kulkarni,Male,29,Freelancer,2024-05-10,Monthly,900,Yes,2500,Cash,Aman Sharma,Evening,Yes,Banner,30.4,101,Active,2000,"Prolift Fitness Gym, Wadi, Nagpur"
PFG20240466,Vedant Mishra,Male,19,Student,2024-05-20,Half Yearly,5000,No,0,Cash,Aman Sharma,Evening,Yes,Existing Member,20.0,52,Active,2000,"Prolift Fitness Gym, Wadi, Nagpur"
PFG20240032,Sahil Borkar,Male,19,Freelancer,2024-11-28,Yearly,8000,Yes,4000,Card,Shubham Kale,Morning,Yes,Walk-in,28.7,80,Active,2000,"Prolift Fitness Gym, Wadi, Nagpur"
PFG20240068,Shubham Jain,Male,24,Student,2024-02-12,Yearly,8000,No,0,UPI,Akshay Deshmukh,Evening,Yes,Friend Referral,25.7,60,Active,2000,"Prolift Fitness Gym, Wadi, Nagpur"
PFG20240428,Simran Yadav,Female,27,Housewife,2024-01-03,Monthly,900,No,0,UPI,Shubham Kale,Evening,Yes,Walk-in,32.5,96,Active,2000,"Prolift Fitness Gym, Wadi, Nagpur"
PFG20240215,Rohan Borkar,Male,22,Working Professional,2024-02-21,Monthly,900,No,0,Card,Rohit Patil,Evening,Yes,Friend Referral,23.1,73,Active,2000,"Prolift Fitness Gym, Wadi, Nagpur"
PFG20240279,Nikhil Kale,Male,18,Government Employee,2024-01-06,Half Yearly,5000,No,0,Cash,Shubham Kale,Morning,Yes,Instagram,18.7,95,Active,2000,"Prolift Fitness Gym, Wadi, Nagpur"
PFG20240133,Ishita Sharma,Female,24,Student,2024-02-20,Monthly,900,No,0,UPI,Akshay Deshmukh,Morning,Yes,Existing Member,25.7,102,Inactive,2000,"Prolift Fitness Gym, Wadi, Nagpur"
PFG20240334,Aman Patel,Male,21,Student,2024-11-19,Quarterly,3000,No,0,Cash,Aman Sharma,Morning,Yes,Friend Referral,19.5,75,Inactive,2000,"Prolift Fitness Gym, Wadi, Nagpur"
PFG20240247,Riya Verma,Female,18,Government Employee,2024-03-22,Monthly,900,No,0,UPI,Akshay Deshmukh,Morning,Yes,Existing Member,33.0,57,Active,2000,"Prolift Fitness Gym, Wadi, Nagpur"
PFG20240514,Tanvi Wankhede,Female,27,Freelancer,2024-12-10,Half Yearly,5000,No,0,UPI,Aman Sharma,Morning,Yes,Walk-in,25.3,54,Active,2000,"Prolift Fitness Gym, Wadi, Nagpur"
PFG20240300,Vivaan Tiwari,Male,19,Working Professional,2024-10-22,Yearly,8000,Yes,3000,Card,Shubham Kale,Morning,Yes,Friend Referral,24.5,92,Active,2000,"Prolift Fitness Gym, Wadi, Nagpur"
PFG20240218,Shubham Patel,Male,26,Government Employee,2024-04-20,Monthly,900,No,0,Card,Shubham Kale,Morning,Yes,Friend Referral,21.3,57,Active,2000,"Prolift Fitness Gym, Wadi, Nagpur"
PFG20240258,Siddharth Borkar,Male,29,Working Professional,2024-05-27,Yearly,8000,Yes,3000,UPI,Aman Sharma,Evening,Yes,Friend Referral,31.3,95,Active,2000,"Prolift Fitness Gym, Wadi, Nagpur"
PFG20240533,Harsh Yadav,Male,30,Freelancer,2024-12-07,Yearly,8000,Yes,3000,UPI,Shubham Kale,Morning,Yes,Walk-in,22.4,80,Active,2000,"Prolift Fitness Gym, Wadi, Nagpur"
PFG20240217,Rahul Chaudhary,Male,26,Working Professional,2024-01-17,Monthly,900,No,0,Cash,Rohit Patil,Evening,Yes,Google,27.6,97,Active,2000,"Prolift Fitness Gym, Wadi, Nagpur"
PFG20240307,Atharva Jain,Male,19,Student,2024-02-06,Monthly,900,No,0,UPI,Shubham Kale,Evening,Yes,Existing Member,29.9,80,Active,2000,"Prolift Fitness Gym, Wadi, Nagpur"
PFG20240232,Ankit Borkar,Male,25,Government Employee,2024-10-25,Quarterly,3000,Yes,3000,UPI,Akshay Deshmukh,Morning,Yes,Friend Referral,20.8,101,Active,2000,"Prolift Fitness Gym, Wadi, Nagpur"
PFG20240143,Atharva Kulkarni,Male,26,Student,2024-02-02,Quarterly,3000,Yes,2500,Cash,Akshay Deshmukh,Morning,No,Instagram,23.0,80,Active,2000,"Prolift Fitness Gym, Wadi, Nagpur"
PFG20240106,Arjun Wankhede,Male,30,Freelancer,2024-02-03,Yearly,8000,No,0,UPI,Rohit Patil,Evening,Yes,Google,23.3,49,Active,2000,"Prolift Fitness Gym, Wadi, Nagpur"
PFG20240015,Ritesh Kulkarni,Male,19,Business,2024-06-21,Yearly,8000,No,0,UPI,Shubham Kale,Evening,Yes,Instagram,29.7,49,Active,2000,"Prolift Fitness Gym, Wadi, Nagpur"
PFG20240022,Priya Patel,Female,23,Student,2024-06-18,Half Yearly,5000,Yes,4000,UPI,Aman Sharma,Evening,Yes,Walk-in,25.3,87,Active,2000,"Prolift Fitness Gym, Wadi, Nagpur"
PFG20240135,Muskan Mishra,Female,22,Freelancer,2024-12-24,Quarterly,3000,Yes,4000,Card,Rohit Patil,Evening,No,Instagram,32.1,87,Active,2000,"Prolift Fitness Gym, Wadi, Nagpur"
PFG20240160,Aman Gupta,Male,22,Business,2024-11-01,Monthly,900,No,0,UPI,Rohit Patil,Morning,Yes,Existing Member,30.5,68,Active,2000,"Prolift Fitness Gym, Wadi, Nagpur"
PFG20240359,Vedant Patil,Male,27,Government Employee,2024-12-16,Half Yearly,5000,No,0,Cash,Akshay Deshmukh,Morning,Yes,Friend Referral,28.4,48,Inactive,2000,"Prolift Fitness Gym, Wadi, Nagpur"
PFG20240094,Pranav Deshmukh,Male,23,Government Employee,2024-01-09,Quarterly,3000,Yes,3000,Cash,Rohit Patil,Evening,No,Instagram,32.5,71,Active,2000,"Prolift Fitness Gym, Wadi, Nagpur"
PFG20240150,Sahil Kulkarni,Male,28,Student,2024-01-24,Monthly,900,Yes,2500,UPI,Rohit Patil,Morning,No,Google,31.0,105,Active,2000,"Prolift Fitness Gym, Wadi, Nagpur"
PFG20240477,Nikita Patel,Female,27,Working Professional,2024-02-28,Monthly,900,No,0,UPI,Shubham Kale,Morning,Yes,Existing Member,19.4,83,Active,2000,"Prolift Fitness Gym, Wadi, Nagpur"
PFG20240222,Aman Rao,Male,23,Business,2024-05-05,Monthly,900,No,0,UPI,Aman Sharma,Evening,No,Friend Referral,19.0,82,Active,2000,"Prolift Fitness Gym, Wadi, Nagpur"
PFG20240363,Pranav Kulkarni,Male,26,Working Professional,2024-12-09,Monthly,900,No,0,Cash,Aman Sharma,Evening,No,Banner,29.8,55,Active,2000,"Prolift Fitness Gym, Wadi, Nagpur"
PFG20240131,Yash Joshi,Male,30,Student,2024-12-24,Quarterly,3000,No,0,Card,Aman Sharma,Evening,Yes,Google,30.1,91,Active,2000,"Prolift Fitness Gym, Wadi, Nagpur"
PFG20240175,Yash Patil,Male,23,Government Employee,2024-07-19,Quarterly,3000,No,0,UPI,Akshay Deshmukh,Morning,No,Friend Referral,18.6,63,Active,2000,"Prolift Fitness Gym, Wadi, Nagpur"
PFG20240163,Sahil Joshi,Male,22,Business,2024-01-08,Monthly,900,No,0,Cash,Aman Sharma,Evening,Yes,Google,30.8,80,Active,2000,"Prolift Fitness Gym, Wadi, Nagpur"
PFG20240119,Arjun Rao,Male,30,Freelancer,2024-08-16,Half Yearly,5000,No,0,UPI,Rohit Patil,Evening,Yes,Walk-in,32.8,62,Active,2000,"Prolift Fitness Gym, Wadi, Nagpur"
PFG20240412,Muskan Verma,Female,27,Student,2024-09-05,Half Yearly,5000,No,0,UPI,Aman Sharma,Evening,Yes,Instagram,31.5,88,Active,2000,"Prolift Fitness Gym, Wadi, Nagpur"
PFG20240475,Sneha Verma,Female,23,Freelancer,2024-08-16,Half Yearly,5000,No,0,UPI,Akshay Deshmukh,Morning,Yes,Instagram,18.3,81,Active,2000,"Prolift Fitness Gym, Wadi, Nagpur"
PFG20240406,Sneha Deshmukh,Female,26,Freelancer,2024-05-17,Yearly,8000,Yes,2500,UPI,Rohit Patil,Morning,No,Walk-in,22.2,68,Active,2000,"Prolift Fitness Gym, Wadi, Nagpur"
PFG20240089,Akash Chaudhary,Male,21,Housewife,2024-04-23,Quarterly,3000,No,0,Cash,Shubham Kale,Evening,No,Instagram,31.6,99,Active,2000,"Prolift Fitness Gym, Wadi, Nagpur"
PFG20240341,Akash Borkar,Male,27,Freelancer,2024-10-16,Half Yearly,5000,No,0,UPI,Shubham Kale,Evening,No,Friend Referral,24.2,80,Active,2000,"Prolift Fitness Gym, Wadi, Nagpur"
PFG20240445,Harsh Gupta,Male,18,Student,2024-03-06,Quarterly,3000,No,0,Cash,Akshay Deshmukh,Evening,Yes,Instagram,18.3,65,Active,2000,"Prolift Fitness Gym, Wadi, Nagpur"
PFG20240183,Nikita Yadav,Female,22,Working Professional,2024-01-21,Monthly,900,No,0,UPI,Aman Sharma,Evening,No,Google,27.7,89,Active,2000,"Prolift Fitness Gym, Wadi, Nagpur"
PFG20240490,Muskan Jain,Female,20,Working Professional,2024-01-28,Quarterly,3000,Yes,2500,Card,Akshay Deshmukh,Morning,No,Google,22.6,52,Active,2000,"Prolift Fitness Gym, Wadi, Nagpur"
PFG20240160,Aman Gupta,Male,22,Business,2024-01-13,Quarterly,3000,No,0,Cash,Rohit Patil,Morning,Yes,Google,23.3,50,Active,2000,"Prolift Fitness Gym, Wadi, Nagpur"
PFG20240398,Krishna Borkar,Male,29,Working Professional,2024-03-07,Half Yearly,5000,No,0,UPI,Aman Sharma,Morning,No,Walk-in,25.3,64,Active,2000,"Prolift Fitness Gym, Wadi, Nagpur"
PFG20240123,Vedant Sharma,Male,21,Business,2024-06-12,Quarterly,3000,Yes,4000,UPI,Rohit Patil,Morning,No,Existing Member,28.1,81,Active,2000,"Prolift Fitness Gym, Wadi, Nagpur"
PFG20240087,Ananya Deshmukh,Female,26,Government Employee,2024-02-26,Monthly,900,No,0,UPI,Aman Sharma,Morning,No,Friend Referral,31.1,56,Active,2000,"Prolift Fitness Gym, Wadi, Nagpur"
PFG20240199,Arjun Patil,Male,25,Working Professional,2024-09-12,Half Yearly,5000,Yes,2500,UPI,Aman Sharma,Evening,No,Google,26.9,96,Active,2000,"Prolift Fitness Gym, Wadi, Nagpur"
PFG20240354,Ankit Patil,Male,27,Working Professional,2024-11-05,Quarterly,3000,No,0,UPI,Aman Sharma,Morning,Yes,Google,30.0,86,Active,2000,"Prolift Fitness Gym, Wadi, Nagpur"
PFG20240002,Akash Patil,Male,19,Business,2024-01-21,Monthly,900,No,0,UPI,Rohit Patil,Morning,No,Walk-in,26.0,98,Inactive,2000,"Prolift Fitness Gym, Wadi, Nagpur"
PFG20240495,Sahil Joshi,Male,26,Working Professional,2024-02-28,Monthly,900,No,0,Card,Akshay Deshmukh,Morning,No,Friend Referral,28.3,48,Active,2000,"Prolift Fitness Gym, Wadi, Nagpur"
PFG20240210,Arjun Gupta,Male,30,Working Professional,2024-12-19,Quarterly,3000,No,0,UPI,Rohit Patil,Morning,Yes,Instagram,18.8,85,Active,2000,"Prolift Fitness Gym, Wadi, Nagpur"
PFG20240346,Vivaan Jain,Male,19,Student,2024-11-04,Monthly,900,No,0,Card,Rohit Patil,Evening,No,Friend Referral,22.1,75,Active,2000,"Prolift Fitness Gym, Wadi, Nagpur"
PFG20240202,Vivaan Patil,Male,19,Government Employee,2024-12-13,Half Yearly,5000,No,0,UPI,Akshay Deshmukh,Evening,No,Friend Referral,29.1,60,Active,2000,"Prolift Fitness Gym, Wadi, Nagpur"
PFG20240482,Ritesh Deshmukh,Male,20,Business,2024-12-04,Monthly,900,No,0,UPI,Shubham Kale,Evening,No,Friend Referral,31.1,86,Active,2000,"Prolift Fitness Gym, Wadi, Nagpur"
PFG20240424,Yash Borkar,Male,19,Housewife,2024-11-02,Monthly,900,No,0,UPI,Shubham Kale,Evening,Yes,Walk-in,26.2,86,Active,2000,"Prolift Fitness Gym, Wadi, Nagpur"
PFG20240345,Pranav Rao,Male,19,Business,2024-05-19,Monthly,900,No,0,UPI,Rohit Patil,Evening,No,Friend Referral,24.9,74,Inactive,2000,"Prolift Fitness Gym, Wadi, Nagpur"
PFG20240226,Karan Patel,Male,27,Business,2024-12-16,Monthly,900,No,0,UPI,Akshay Deshmukh,Evening,Yes,Walk-in,31.9,61,Active,2000,"Prolift Fitness Gym, Wadi, Nagpur"
PFG20240083,Atharva Joshi,Male,22,Government Employee,2024-12-17,Monthly,900,No,0,Card,Akshay Deshmukh,Evening,Yes,Google,25.6,96,Active,2000,"Prolift Fitness Gym, Wadi, Nagpur"
PFG20240374,Karan Mishra,Male,28,Freelancer,2024-05-11,Quarterly,3000,No,0,UPI,Akshay Deshmukh,Evening,No,Walk-in,32.4,72,Active,2000,"Prolift Fitness Gym, Wadi, Nagpur"
PFG20240358,Riya Verma,Female,27,Business,2024-08-08,Quarterly,3000,No,0,UPI,Akshay Deshmukh,Morning,Yes,Friend Referral,18.4,70,Active,2000,"Prolift Fitness Gym, Wadi, Nagpur"
PFG20240458,Ankit Gupta,Male,25,Freelancer,2024-06-07,Yearly,8000,Yes,2500,Cash,Rohit Patil,Evening,Yes,Friend Referral,31.1,55,Active,2000,"Prolift Fitness Gym, Wadi, Nagpur"
PFG20240353,Tanvi Wankhede,Female,19,Government Employee,2024-07-03,Monthly,900,No,0,UPI,Aman Sharma,Morning,Yes,Existing Member,24.9,65,Active,2000,"Prolift Fitness Gym, Wadi, Nagpur"
PFG20240199,Arjun Patil,Male,25,Working Professional,2024-12-05,Half Yearly,5000,No,0,UPI,Aman Sharma,Evening,Yes,Instagram,22.9,102,Active,2000,"Prolift Fitness Gym, Wadi, Nagpur"
PFG20240266,Ritesh Tiwari,Male,30,Student,2024-05-06,Monthly,900,No,0,Cash,Aman Sharma,Morning,Yes,Walk-in,29.2,96,Active,2000,"Prolift Fitness Gym, Wadi, Nagpur"
PFG20240484,Krishna Chaudhary,Male,21,Housewife,2024-12-10,Quarterly,3000,No,0,UPI,Shubham Kale,Morning,Yes,Instagram,28.4,48,Active,2000,"Prolift Fitness Gym, Wadi, Nagpur"
PFG20240287,Krishna Jain,Male,24,Student,2024-09-07,Quarterly,3000,No,0,Card,Rohit Patil,Evening,Yes,Instagram,23.4,82,Inactive,2000,"Prolift Fitness Gym, Wadi, Nagpur"
PFG20240029,Sahil Deshmukh,Male,28,Freelancer,2024-12-22,Half Yearly,5000,No,0,UPI,Aman Sharma,Morning,Yes,Instagram,19.4,95,Active,2000,"Prolift Fitness Gym, Wadi, Nagpur"
PFG20240030,Aarav Kale,Male,19,Business,2024-03-12,Quarterly,3000,No,0,Cash,Aman Sharma,Evening,Yes,Google,21.7,69,Active,2000,"Prolift Fitness Gym, Wadi, Nagpur"
PFG20240223,Pranav Joshi,Male,28,Housewife,2024-12-10,Half Yearly,5000,No,0,UPI,Aman Sharma,Morning,No,Google,23.2,52,Active,2000,"Prolift Fitness Gym, Wadi, Nagpur"
PFG20240505,Krishna Wankhede,Male,20,Government Employee,2024-09-22,Quarterly,3000,No,0,UPI,Shubham Kale,Morning,No,Friend Referral,32.2,53,Active,2000,"Prolift Fitness Gym, Wadi, Nagpur"
PFG20240261,Siddharth Sharma,Male,29,Housewife,2024-11-01,Monthly,900,No,0,UPI,Aman Sharma,Evening,Yes,Instagram,26.2,48,Active,2000,"Prolift Fitness Gym, Wadi, Nagpur"
PFG20240205,Om Patel,Male,24,Housewife,2024-07-27,Half Yearly,5000,No,0,UPI,Shubham Kale,Evening,Yes,Banner,23.1,74,Active,2000,"Prolift Fitness Gym, Wadi, Nagpur"
PFG20240233,Nikita Patil,Female,18,Freelancer,2024-11-02,Monthly,900,No,0,UPI,Akshay Deshmukh,Evening,Yes,Google,23.1,67,Active,2000,"Prolift Fitness Gym, Wadi, Nagpur"
PFG20240302,Krishna Kale,Male,26,Student,2024-12-12,Monthly,900,No,0,UPI,Akshay Deshmukh,Evening,No,Friend Referral,27.6,78,Active,2000,"Prolift Fitness Gym, Wadi, Nagpur"
PFG20240246,Ishita Rao,Female,29,Working Professional,2024-12-09,Monthly,900,No,0,UPI,Aman Sharma,Morning,Yes,Friend Referral,18.6,63,Active,2000,"Prolift Fitness Gym, Wadi, Nagpur"
PFG20240200,Sneha Jain,Female,21,Government Employee,2024-03-19,Monthly,900,No,0,UPI,Akshay Deshmukh,Evening,No,Walk-in,28.2,78,Active,2000,"Prolift Fitness Gym, Wadi, Nagpur"
PFG20240063,Om Patel,Male,18,Working Professional,2024-03-13,Monthly,900,No,0,UPI,Rohit Patil,Morning,Yes,Walk-in,27.2,94,Active,2000,"Prolift Fitness Gym, Wadi, Nagpur"
PFG20240338,Karan Chaudhary,Male,29,Working Professional,2024-01-09,Monthly,900,No,0,UPI,Shubham Kale,Morning,Yes,Instagram,32.7,73,Active,2000,"Prolift Fitness Gym, Wadi, Nagpur"
PFG20240515,Rohan Borkar,Male,25,Business,2024-09-01,Monthly,900,No,0,UPI,Rohit Patil,Evening,Yes,Friend Referral,29.0,91,Inactive,2000,"Prolift Fitness Gym, Wadi, Nagpur"
PFG20240025,Harsh Joshi,Male,30,Freelancer,2024-05-21,Yearly,8000,Yes,2500,Card,Aman Sharma,Evening,Yes,Walk-in,32.0,92,Active,2000,"Prolift Fitness Gym, Wadi, Nagpur"
PFG20240227,Neha Mishra,Female,24,Freelancer,2024-11-24,Quarterly,3000,Yes,4000,UPI,Akshay Deshmukh,Evening,Yes,Instagram,19.6,92,Active,2000,"Prolift Fitness Gym, Wadi, Nagpur"
PFG20240229,Siddharth Tiwari,Male,30,Government Employee,2024-11-07,Yearly,8000,Yes,3000,UPI,Shubham Kale,Morning,No,Friend Referral,31.3,73,Active,2000,"Prolift Fitness Gym, Wadi, Nagpur"
PFG20240365,Harsh Kulkarni,Male,29,Working Professional,2024-02-11,Quarterly,3000,No,0,UPI,Aman Sharma,Morning,Yes,Existing Member,18.4,71,Active,2000,"Prolift Fitness Gym, Wadi, Nagpur"
PFG20240172,Vedant Joshi,Male,25,Student,2024-11-25,Quarterly,3000,No,0,UPI,Akshay Deshmukh,Evening,Yes,Friend Referral,25.6,95,Inactive,2000,"Prolift Fitness Gym, Wadi, Nagpur"
PFG20240376,Ritesh Deshmukh,Male,24,Housewife,2024-01-23,Yearly,8000,No,0,UPI,Aman Sharma,Evening,No,Friend Referral,29.8,66,Inactive,2000,"Prolift Fitness Gym, Wadi, Nagpur"
PFG20240531,Ritesh Deshmukh,Male,23,Housewife,2024-10-25,Monthly,900,No,0,UPI,Aman Sharma,Morning,No,Instagram,25.8,80,Inactive,2000,"Prolift Fitness Gym, Wadi, Nagpur"
PFG20240268,Shubham Thakur,Male,25,Housewife,2024-12-28,Monthly,900,No,0,UPI,Akshay Deshmukh,Evening,Yes,Friend Referral,23.9,98,Active,2000,"Prolift Fitness Gym, Wadi, Nagpur"
PFG20240094,Pranav Deshmukh,Male,23,Government Employee,2024-08-24,Yearly,8000,Yes,2500,UPI,Rohit Patil,Morning,Yes,Friend Referral,30.9,104,Active,2000,"Prolift Fitness Gym, Wadi, Nagpur"
PFG20240306,Vivaan Joshi,Male,25,Student,2024-06-13,Monthly,900,No,0,Cash,Akshay Deshmukh,Evening,No,Instagram,32.3,57,Active,2000,"Prolift Fitness Gym, Wadi, Nagpur"
PFG20240310,Rohan Borkar,Male,22,Freelancer,2024-11-02,Monthly,900,Yes,4000,UPI,Akshay Deshmukh,Evening,No,Walk-in,30.6,105,Active,2000,"Prolift Fitness Gym, Wadi, Nagpur"
PFG20240028,Yash Rao,Male,26,Housewife,2024-10-22,Monthly,900,Yes,3000,Cash,Aman Sharma,Evening,Yes,Friend Referral,23.2,64,Active,2000,"Prolift Fitness Gym, Wadi, Nagpur"
PFG20240155,Muskan Deshmukh,Female,29,Housewife,2024-02-19,Half Yearly,5000,No,0,UPI,Aman Sharma,Evening,Yes,Existing Member,27.6,74,Active,2000,"Prolift Fitness Gym, Wadi, Nagpur"
PFG20240151,Pranav Jain,Male,18,Freelancer,2024-05-19,Half Yearly,5000,No,0,UPI,Akshay Deshmukh,Morning,Yes,Instagram,18.8,54,Active,2000,"Prolift Fitness Gym, Wadi, Nagpur"
PFG20240371,Arjun Chaudhary,Male,21,Business,2024-03-28,Yearly,8000,Yes,3000,UPI,Aman Sharma,Morning,No,Instagram,28.4,57,Active,2000,"Prolift Fitness Gym, Wadi, Nagpur"
PFG20240271,Akash Jain,Male,27,Working Professional,2024-05-16,Half Yearly,5000,Yes,2500,UPI,Aman Sharma,Evening,Yes,Existing Member,28.8,58,Active,2000,"Prolift Fitness Gym, Wadi, Nagpur"
PFG20240211,Aditya Kulkarni,Male,18,Housewife,2024-08-17,Quarterly,3000,No,0,Card,Aman Sharma,Evening,No,Friend Referral,26.4,70,Active,2000,"Prolift Fitness Gym, Wadi, Nagpur"
PFG20240024,Ankit Deshmukh,Male,19,Business,2024-09-08,Monthly,900,No,0,Cash,Akshay Deshmukh,Morning,No,Friend Referral,21.9,88,Active,2000,"Prolift Fitness Gym, Wadi, Nagpur"
PFG20240529,Karan Kale,Male,22,Business,2024-04-15,Half Yearly,5000,No,0,Cash,Shubham Kale,Evening,Yes,Friend Referral,21.2,102,Active,2000,"Prolift Fitness Gym, Wadi, Nagpur"
PFG20240166,Ritesh Verma,Male,21,Housewife,2024-11-24,Quarterly,3000,No,0,UPI,Aman Sharma,Evening,Yes,Walk-in,32.5,94,Active,2000,"Prolift Fitness Gym, Wadi, Nagpur"
PFG20240491,Shruti Patel,Female,26,Student,2024-08-22,Yearly,8000,No,0,Card,Rohit Patil,Morning,No,Instagram,26.4,85,Active,2000,"Prolift Fitness Gym, Wadi, Nagpur"
PFG20240272,Shruti Rao,Female,28,Business,2024-06-18,Quarterly,3000,No,0,UPI,Aman Sharma,Morning,Yes,Walk-in,31.3,83,Active,2000,"Prolift Fitness Gym, Wadi, Nagpur"
PFG20240351,Rahul Verma,Male,19,Business,2024-09-13,Monthly,900,Yes,2500,Card,Akshay Deshmukh,Evening,Yes,Friend Referral,18.4,81,Active,2000,"Prolift Fitness Gym, Wadi, Nagpur"
PFG20240511,Om Verma,Male,30,Working Professional,2024-04-27,Monthly,900,Yes,3000,Card,Akshay Deshmukh,Evening,No,Walk-in,26.1,68,Active,2000,"Prolift Fitness Gym, Wadi, Nagpur"
PFG20240148,Aditi Gupta,Female,28,Housewife,2024-12-05,Quarterly,3000,No,0,UPI,Aman Sharma,Evening,No,Friend Referral,26.0,102,Active,2000,"Prolift Fitness Gym, Wadi, Nagpur"
PFG20240088,Arjun Verma,Male,22,Working Professional,2024-12-06,Monthly,900,No,0,Card,Akshay Deshmukh,Morning,Yes,Walk-in,23.8,66,Active,2000,"Prolift Fitness Gym, Wadi, Nagpur"
PFG20240320,Nikhil Mishra,Male,27,Student,2024-01-26,Monthly,900,Yes,3000,Cash,Shubham Kale,Evening,Yes,Instagram,22.5,54,Inactive,2000,"Prolift Fitness Gym, Wadi, Nagpur"
PFG20240496,Arjun Chaudhary,Male,28,Student,2024-10-07,Half Yearly,5000,No,0,UPI,Aman Sharma,Morning,Yes,Friend Referral,21.4,97,Active,2000,"Prolift Fitness Gym, Wadi, Nagpur"
PFG20240492,Rohan Thakur,Male,27,Freelancer,2024-12-11,Monthly,900,No,0,UPI,Shubham Kale,Morning,No,Google,30.6,88,Inactive,2000,"Prolift Fitness Gym, Wadi, Nagpur"
PFG20240478,Nikhil Rao,Male,23,Working Professional,2024-03-20,Monthly,900,No,0,UPI,Rohit Patil,Morning,Yes,Banner,29.3,84,Inactive,2000,"Prolift Fitness Gym, Wadi, Nagpur"
PFG20240500,Rahul Kale,Male,26,Student,2024-01-14,Monthly,900,No,0,UPI,Akshay Deshmukh,Evening,Yes,Friend Referral,30.9,52,Active,2000,"Prolift Fitness Gym, Wadi, Nagpur"
PFG20240119,Arjun Rao,Male,30,Freelancer,2024-07-22,Yearly,8000,Yes,2500,Cash,Rohit Patil,Evening,Yes,Google,28.7,58,Active,2000,"Prolift Fitness Gym, Wadi, Nagpur"
PFG20240126,Tanvi Yadav,Female,25,Housewife,2024-10-03,Quarterly,3000,No,0,UPI,Aman Sharma,Morning,Yes,Friend Referral,20.4,78,Active,2000,"Prolift Fitness Gym, Wadi, Nagpur"
PFG20240486,Vivaan Deshmukh,Male,24,Housewife,2024-01-17,Quarterly,3000,No,0,Cash,Rohit Patil,Evening,Yes,Instagram,25.5,101,Inactive,2000,"Prolift Fitness Gym, Wadi, Nagpur"
PFG20240437,Shubham Wankhede,Male,30,Housewife,2024-09-26,Monthly,900,No,0,UPI,Akshay Deshmukh,Evening,Yes,Existing Member,33.3,54,Active,2000,"Prolift Fitness Gym, Wadi, Nagpur"
PFG20240410,Aditya Thakur,Male,20,Working Professional,2024-11-23,Monthly,900,No,0,UPI,Rohit Patil,Morning,No,Friend Referral,23.1,98,Active,2000,"Prolift Fitness Gym, Wadi, Nagpur"
PFG20240356,Siddharth Kulkarni,Male,26,Freelancer,2024-11-24,Quarterly,3000,Yes,2500,Cash,Akshay Deshmukh,Evening,Yes,Banner,19.0,51,Active,2000,"Prolift Fitness Gym, Wadi, Nagpur"
PFG20240259,Kavya Mishra,Female,29,Housewife,2024-03-06,Quarterly,3000,No,0,UPI,Aman Sharma,Evening,Yes,Friend Referral,23.4,69,Active,2000,"Prolift Fitness Gym, Wadi, Nagpur"
PFG20240153,Shubham Mishra,Male,20,Working Professional,2024-12-23,Monthly,900,No,0,UPI,Shubham Kale,Morning,No,Friend Referral,24.6,85,Active,2000,"Prolift Fitness Gym, Wadi, Nagpur"
PFG20240386,Krishna Jain,Male,29,Freelancer,2024-02-23,Monthly,900,No,0,Cash,Rohit Patil,Evening,No,Banner,19.5,95,Inactive,2000,"Prolift Fitness Gym, Wadi, Nagpur"
PFG20240213,Harsh Mishra,Male,25,Business,2024-11-14,Monthly,900,No,0,UPI,Shubham Kale,Morning,No,Walk-in,18.4,99,Active,2000,"Prolift Fitness Gym, Wadi, Nagpur"
PFG20240073,Ankit Kale,Male,28,Housewife,2024-06-01,Half Yearly,5000,No,0,UPI,Rohit Patil,Morning,Yes,Instagram,28.5,103,Inactive,2000,"Prolift Fitness Gym, Wadi, Nagpur"
PFG20240027,Ritesh Deshmukh,Male,24,Business,2024-10-09,Half Yearly,5000,No,0,UPI,Aman Sharma,Evening,Yes,Banner,28.5,85,Active,2000,"Prolift Fitness Gym, Wadi, Nagpur"
PFG20240373,Atharva Joshi,Male,27,Student,2024-09-20,Monthly,900,No,0,UPI,Akshay Deshmukh,Morning,No,Instagram,22.8,57,Active,2000,"Prolift Fitness Gym, Wadi, Nagpur"
PFG20240104,Karan Sharma,Male,21,Government Employee,2024-08-02,Monthly,900,No,0,UPI,Akshay Deshmukh,Evening,Yes,Walk-in,27.2,59,Active,2000,"Prolift Fitness Gym, Wadi, Nagpur"
PFG20240335,Neha Wankhede,Female,20,Business,2024-04-17,Half Yearly,5000,No,0,UPI,Shubham Kale,Morning,Yes,Instagram,26.9,62,Active,2000,"Prolift Fitness Gym, Wadi, Nagpur"
PFG20240155,Muskan Deshmukh,Female,29,Housewife,2024-05-02,Monthly,900,No,0,Card,Aman Sharma,Morning,Yes,Instagram,30.5,82,Active,2000,"Prolift Fitness Gym, Wadi, Nagpur"
PFG20240467,Rahul Joshi,Male,23,Working Professional,2024-11-07,Yearly,8000,Yes,2500,UPI,Rohit Patil,Morning,No,Friend Referral,29.7,72,Active,2000,"Prolift Fitness Gym, Wadi, Nagpur"
PFG20240001,Ritesh Tiwari,Male,22,Working Professional,2024-04-23,Half Yearly,5000,No,0,UPI,Aman Sharma,Evening,Yes,Friend Referral,23.2,92,Active,2000,"Prolift Fitness Gym, Wadi, Nagpur"
PFG20240105,Pranav Mishra,Male,26,Housewife,2024-10-14,Monthly,900,Yes,2500,UPI,Aman Sharma,Evening,Yes,Friend Referral,18.7,62,Active,2000,"Prolift Fitness Gym, Wadi, Nagpur"
PFG20240054,Akash Kale,Male,26,Freelancer,2024-03-19,Quarterly,3000,Yes,2500,UPI,Rohit Patil,Evening,Yes,Google,31.2,76,Active,2000,"Prolift Fitness Gym, Wadi, Nagpur"
PFG20240032,Sahil Borkar,Male,19,Freelancer,2024-09-21,Half Yearly,5000,Yes,3000,UPI,Shubham Kale,Morning,Yes,Walk-in,29.6,105,Inactive,2000,"Prolift Fitness Gym, Wadi, Nagpur"
PFG20240349,Ritesh Patel,Male,27,Business,2024-01-13,Yearly,8000,No,0,UPI,Shubham Kale,Evening,Yes,Instagram,29.7,94,Active,2000,"Prolift Fitness Gym, Wadi, Nagpur"
PFG20240113,Atharva Gupta,Male,28,Housewife,2024-02-22,Yearly,8000,Yes,4000,UPI,Rohit Patil,Evening,Yes,Instagram,32.3,92,Inactive,2000,"Prolift Fitness Gym, Wadi, Nagpur"
PFG20240167,Rohan Chaudhary,Male,26,Business,2024-09-22,Monthly,900,No,0,UPI,Shubham Kale,Evening,Yes,Walk-in,24.0,60,Active,2000,"Prolift Fitness Gym, Wadi, Nagpur"
PFG20240452,Muskan Tiwari,Female,21,Freelancer,2024-08-05,Monthly,900,No,0,Cash,Aman Sharma,Morning,Yes,Google,26.3,68,Active,2000,"Prolift Fitness Gym, Wadi, Nagpur"
PFG20240214,Vedant Rao,Male,30,Housewife,2024-04-01,Yearly,8000,No,0,UPI,Rohit Patil,Morning,Yes,Instagram,23.5,88,Active,2000,"Prolift Fitness Gym, Wadi, Nagpur"
PFG20240069,Siddharth Thakur,Male,25,Business,2024-11-01,Quarterly,3000,No,0,UPI,Aman Sharma,Evening,Yes,Friend Referral,24.4,48,Active,2000,"Prolift Fitness Gym, Wadi, Nagpur"
PFG20240196,Aman Chaudhary,Male,28,Government Employee,2024-01-04,Half Yearly,5000,No,0,Cash,Shubham Kale,Evening,Yes,Friend Referral,27.0,62,Active,2000,"Prolift Fitness Gym, Wadi, Nagpur"
PFG20240064,Karan Thakur,Male,19,Business,2024-05-08,Monthly,900,Yes,3000,UPI,Rohit Patil,Evening,No,Google,18.6,85,Active,2000,"Prolift Fitness Gym, Wadi, Nagpur"
PFG20240411,Om Borkar,Male,24,Student,2024-07-12,Monthly,900,No,0,UPI,Rohit Patil,Morning,No,Friend Referral,18.4,73,Active,2000,"Prolift Fitness Gym, Wadi, Nagpur"
PFG20240494,Nikhil Chaudhary,Male,28,Freelancer,2024-03-01,Half Yearly,5000,No,0,Card,Aman Sharma,Morning,Yes,Google,19.9,50,Active,2000,"Prolift Fitness Gym, Wadi, Nagpur"
PFG20240107,Sneha Kale,Female,24,Working Professional,2024-10-14,Half Yearly,5000,No,0,UPI,Rohit Patil,Morning,No,Walk-in,31.9,69,Active,2000,"Prolift Fitness Gym, Wadi, Nagpur"
PFG20240404,Akash Chaudhary,Male,19,Working Professional,2024-02-09,Monthly,900,No,0,UPI,Shubham Kale,Evening,Yes,Google,28.8,96,Active,2000,"Prolift Fitness Gym, Wadi, Nagpur"
PFG20240409,Vivaan Rao,Male,27,Housewife,2024-01-09,Quarterly,3000,No,0,Cash,Rohit Patil,Morning,Yes,Walk-in,29.0,90,Active,2000,"Prolift Fitness Gym, Wadi, Nagpur"
PFG20240408,Sahil Joshi,Male,19,Working Professional,2024-09-04,Quarterly,3000,No,0,UPI,Rohit Patil,Morning,No,Existing Member,29.2,67,Inactive,2000,"Prolift Fitness Gym, Wadi, Nagpur"
PFG20240402,Krishna Wankhede,Male,20,Government Employee,2024-12-10,Monthly,900,No,0,UPI,Aman Sharma,Evening,Yes,Friend Referral,22.9,65,Active,2000,"Prolift Fitness Gym, Wadi, Nagpur"
PFG20240313,Vivaan Sharma,Male,27,Business,2024-04-08,Monthly,900,No,0,UPI,Shubham Kale,Evening,Yes,Walk-in,24.9,95,Inactive,2000,"Prolift Fitness Gym, Wadi, Nagpur"
