MemberID,MemberName,Gender,Age,Occupation,RegistrationDate,MembershipPlan,MembershipFee,PersonalTraining,PTFee,PaymentMode,Trainer,GymShift,CardioUser,LeadSource,BMI,WeightKg,Status,AreaSqFt,GymBranch
PFG20250401,Aditya Mishra,Male,21,Working Professional,2025-06-19,Half Yearly,5000,No,0,Card,Rohit Patil,Morning,Yes,Walk-in,21.4,96,Active,6000,"Prolift Fitness Gym, Wadi, Nagpur"
PFG20251086,Nikhil Patel,Male,23,Student,2025-03-23,Monthly,900,No,0,UPI,Akshay Deshmukh,Evening,Yes,Friend Referral,25.9,64,Active,6000,"Prolift Fitness Gym, Wadi, Nagpur"
PFG20250214,Rohan Gupta,Male,26,Freelancer,2025-01-10,Half Yearly,5000,No,0,UPI,Shubham Kale,Evening,Yes,Friend Referral,23.0,86,Active,6000,"Prolift Fitness Gym, Wadi, Nagpur"
PFG20251049,Nikhil Kulkarni,Male,25,Working Professional,2025-02-08,Half Yearly,5000,No,0,UPI,Aman Sharma,Evening,No,Friend Referral,26.2,62,Active,6000,"Prolift Fitness Gym, Wadi, Nagpur"
PFG20250491,Nikhil Patil,Male,20,Housewife,2025-06-14,Quarterly,3000,No,0,Cash,Rohit Patil,Evening,Yes,Instagram,22.1,97,Active,6000,"Prolift Fitness Gym, Wadi, Nagpur"
PFG20250835,Akash Rao,Male,19,Working Professional,2025-10-20,Half Yearly,5000,No,0,UPI,Rohit Patil,Evening,No,Friend Referral,27.9,58,Active,6000,"Prolift Fitness Gym, Wadi, Nagpur"
PFG20250600,Aarav Mishra,Male,22,Working Professional,2025-11-24,Quarterly,3000,No,0,Card,Aman Sharma,Evening,Yes,Friend Referral,24.4,54,Active,6000,"Prolift Fitness Gym, Wadi, Nagpur"
PFG20250431,Simran Gupta,Female,25,Working Professional,2025-04-10,Monthly,900,No,0,UPI,Rohit Patil,Evening,Yes,Instagram,22.1,86,Active,6000,"Prolift Fitness Gym, Wadi, Nagpur"
PFG20250884,Karan Chaudhary,Male,20,Working Professional,2025-12-12,Yearly,8000,Yes,4000,UPI,Aman Sharma,Morning,Yes,Existing Member,26.4,77,Active,6000,"Prolift Fitness Gym, Wadi, Nagpur"
PFG20250573,Sahil Patil,Male,25,Student,2025-10-01,Monthly,900,No,0,UPI,Rohit Patil,Evening,No,Friend Referral,19.6,104,Active,6000,"Prolift Fitness Gym, Wadi, Nagpur"
PFG20250863,Kavya Borkar,Female,24,Housewife,2025-01-24,Quarterly,3000,No,0,UPI,Shubham Kale,Evening,No,Google,33.0,70,Inactive,6000,"Prolift Fitness Gym, Wadi, Nagpur"
PFG20250230,Siddharth Patel,Male,24,Working Professional,2025-10-27,Monthly,900,Yes,2500,UPI,Aman Sharma,Evening,Yes,Friend Referral,25.2,50,Active,6000,"Prolift Fitness Gym, Wadi, Nagpur"
PFG20250972,Arjun Verma,Male,25,Government Employee,2025-09-28,Quarterly,3000,No,0,Card,Aman Sharma,Evening,No,Instagram,20.2,96,Active,6000,"Prolift Fitness Gym, Wadi, Nagpur"
PFG20250490,Krishna Kale,Male,20,Freelancer,2025-12-03,Quarterly,3000,No,0,Cash,Rohit Patil,Evening,No,Instagram,25.1,97,Active,6000,"Prolift Fitness Gym, Wadi, Nagpur"
PFG20250177,Aarav Borkar,Male,18,Freelancer,2025-01-28,Monthly,900,Yes,4000,UPI,Aman Sharma,Morning,No,Friend Referral,24.1,51,Active,6000,"Prolift Fitness Gym, Wadi, Nagpur"
PFG20250199,Ishita Yadav,Female,21,Working Professional,2025-09-25,Monthly,900,No,0,UPI,Aman Sharma,Morning,No,Friend Referral,26.3,61,Inactive,6000,"Prolift Fitness Gym, Wadi, Nagpur"
PFG20250843,Atharva Deshmukh,Male,21,Working Professional,2025-01-15,Quarterly,3000,No,0,UPI,Aman Sharma,Evening,Yes,Instagram,23.1,78,Active,6000,"Prolift Fitness Gym, Wadi, Nagpur"
PFG20250868,Vivaan Yadav,Male,25,Working Professional,2025-11-18,Monthly,900,No,0,UPI,Shubham Kale,Morning,Yes,Friend Referral,24.5,72,Active,6000,"Prolift Fitness Gym, Wadi, Nagpur"
PFG20251100,Rahul Patel,Male,26,Government Employee,2025-09-19,Half Yearly,5000,No,0,UPI,Aman Sharma,Morning,Yes,Instagram,29.1,64,Active,6000,"Prolift Fitness Gym, Wadi, Nagpur"
PFG20251075,Yash Wankhede,Male,21,Student,2025-02-08,Monthly,900,No,0,UPI,Aman Sharma,Evening,Yes,Walk-in,24.6,89,Active,6000,"Prolift Fitness Gym, Wadi, Nagpur"
PFG20251054,Vivaan Patil,Male,18,Working Professional,2025-12-08,Quarterly,3000,No,0,Cash,Akshay Deshmukh,Evening,Yes,Google,33.0,101,Active,6000,"Prolift Fitness Gym, Wadi, Nagpur"
PFG20250253,Nikita Wankhede,Female,26,Business,2025-10-18,Yearly,8000,No,0,UPI,Akshay Deshmukh,Morning,No,Friend Referral,30.3,99,Active,6000,"Prolift Fitness Gym, Wadi, Nagpur"
PFG20250316,Ankit Wankhede,Male,25,Freelancer,2025-12-12,Half Yearly,5000,No,0,Card,Aman Sharma,Morning,Yes,Instagram,21.3,65,Active,6000,"Prolift Fitness Gym, Wadi, Nagpur"
PFG20251117,Arjun Gupta,Male,27,Business,2025-02-13,Quarterly,3000,No,0,UPI,Shubham Kale,Evening,No,Instagram,29.4,91,Active,6000,"Prolift Fitness Gym, Wadi, Nagpur"
PFG20250441,Sahil Tiwari,Male,22,Business,2025-11-19,Monthly,900,No,0,UPI,Rohit Patil,Morning,Yes,Existing Member,32.4,79,Active,6000,"Prolift Fitness Gym, Wadi, Nagpur"
PFG20251018,Ankit Gupta,Male,22,Student,2025-09-22,Yearly,8000,No,0,UPI,Akshay Deshmukh,Evening,Yes,Instagram,22.1,66,Inactive,6000,"Prolift Fitness Gym, Wadi, Nagpur"
PFG20250138,Vivaan Verma,Male,29,Student,2025-12-19,Quarterly,3000,No,0,UPI,Akshay Deshmukh,Evening,No,Friend Referral,24.3,91,Active,6000,"Prolift Fitness Gym, Wadi, Nagpur"
PFG20251160,Rohan Mishra,Male,21,Housewife,2025-02-04,Quarterly,3000,No,0,UPI,Rohit Patil,Morning,Yes,Existing Member,33.2,96,Active,6000,"Prolift Fitness Gym, Wadi, Nagpur"
PFG20250289,Aditya Borkar,Male,18,Business,2025-10-11,Monthly,900,No,0,UPI,Rohit Patil,Evening,Yes,Walk-in,22.6,53,Active,6000,"Prolift Fitness Gym, Wadi, Nagpur"
PFG20250485,Simran Kale,Female,19,Government Employee,2025-11-05,Monthly,900,No,0,Card,Akshay Deshmukh,Morning,No,Existing Member,19.0,92,Inactive,6000,"Prolift Fitness Gym, Wadi, Nagpur"
PFG20250940,Rahul Patel,Male,20,Government Employee,2025-07-20,Quarterly,3000,Yes,3000,UPI,Rohit Patil,Evening,Yes,Friend Referral,26.5,102,Active,6000,"Prolift Fitness Gym, Wadi, Nagpur"
PFG20251139,Aditya Chaudhary,Male,26,Working Professional,2025-09-15,Yearly,8000,No,0,Cash,Akshay Deshmukh,Morning,No,Instagram,33.4,95,Active,6000,"Prolift Fitness Gym, Wadi, Nagpur"
PFG20251186,Rahul Verma,Male,28,Business,2025-06-04,Quarterly,3000,No,0,UPI,Akshay Deshmukh,Morning,Yes,Instagram,23.0,54,Active,6000,"Prolift Fitness Gym, Wadi, Nagpur"
PFG20250450,Neha Joshi,Female,26,Working Professional,2025-02-17,Yearly,8000,No,0,UPI,Shubham Kale,Morning,Yes,Walk-in,20.1,71,Active,6000,"Prolift Fitness Gym, Wadi, Nagpur"
PFG20250026,Rahul Thakur,Male,20,Freelancer,2025-05-13,Half Yearly,5000,No,0,UPI,Shubham Kale,Evening,No,Friend Referral,24.9,74,Active,6000,"Prolift Fitness Gym, Wadi, Nagpur"
PFG20250398,Sahil Patil,Male,24,Freelancer,2025-06-10,Yearly,8000,Yes,4000,Card,Akshay Deshmukh,Evening,Yes,Friend Referral,21.6,56,Active,6000,"Prolift Fitness Gym, Wadi, Nagpur"
PFG20250935,Sahil Chaudhary,Male,28,Government Employee,2025-02-06,Quarterly,3000,No,0,UPI,Rohit Patil,Morning,No,Walk-in,31.6,56,Active,6000,"Prolift Fitness Gym, Wadi, Nagpur"
PFG20250168,Sahil Mishra,Male,29,Student,2025-11-12,Quarterly,3000,No,0,Cash,Rohit Patil,Morning,No,Instagram,30.6,96,Active,6000,"Prolift Fitness Gym, Wadi, Nagpur"
PFG20251072,Nikita Verma,Female,30,Working Professional,2025-09-28,Half Yearly,5000,Yes,3000,UPI,Shubham Kale,Morning,Yes,Friend Referral,25.1,86,Active,6000,"Prolift Fitness Gym, Wadi, Nagpur"
PFG20250625,Ishita Yadav,Female,22,Government Employee,2025-01-27,Quarterly,3000,No,0,UPI,Aman Sharma,Evening,Yes,Google,27.6,61,Active,6000,"Prolift Fitness Gym, Wadi, Nagpur"
PFG20250486,Sakshi Tiwari,Female,23,Freelancer,2025-11-08,Quarterly,3000,No,0,Card,Aman Sharma,Evening,No,Friend Referral,23.6,79,Active,6000,"Prolift Fitness Gym, Wadi, Nagpur"
PFG20250275,Akash Patil,Male,26,Freelancer,2025-02-21,Half Yearly,5000,No,0,UPI,Rohit Patil,Morning,No,Walk-in,27.9,82,Inactive,6000,"Prolift Fitness Gym, Wadi, Nagpur"
PFG20251148,Yash Thakur,Male,27,Student,2025-06-13,Monthly,900,Yes,2500,UPI,Shubham Kale,Evening,No,Instagram,19.4,81,Active,6000,"Prolift Fitness Gym, Wadi, Nagpur"
PFG20250970,Priya Deshmukh,Female,23,Working Professional,2025-04-13,Monthly,900,No,0,Card,Shubham Kale,Evening,Yes,Walk-in,33.1,97,Active,6000,"Prolift Fitness Gym, Wadi, Nagpur"
PFG20250876,Shubham Deshmukh,Male,27,Government Employee,2025-02-08,Yearly,8000,Yes,4000,Cash,Aman Sharma,Evening,No,Google,24.5,95,Active,6000,"Prolift Fitness Gym, Wadi, Nagpur"
PFG20250080,Yash Borkar,Male,19,Student,2025-12-06,Quarterly,3000,No,0,UPI,Aman Sharma,Evening,Yes,Existing Member,20.8,77,Active,6000,"Prolift Fitness Gym, Wadi, Nagpur"
PFG20250775,Ritesh Jain,Male,18,Government Employee,2025-07-07,Monthly,900,No,0,UPI,Rohit Patil,Morning,Yes,Instagram,18.7,81,Active,6000,"Prolift Fitness Gym, Wadi, Nagpur"
PFG20250780,Karan Wankhede,Male,27,Business,2025-09-17,Monthly,900,No,0,UPI,Rohit Patil,Evening,Yes,Friend Referral,24.3,74,Active,6000,"Prolift Fitness Gym, Wadi, Nagpur"
PFG20250134,Aman Mishra,Male,18,Student,2025-12-23,Monthly,900,No,0,UPI,Akshay Deshmukh,Morning,Yes,Instagram,20.0,86,Active,6000,"Prolift Fitness Gym, Wadi, Nagpur"
PFG20250901,Ankit Gupta,Male,19,Working Professional,2025-01-14,Yearly,8000,No,0,UPI,Shubham Kale,Morning,Yes,Friend Referral,27.4,95,Active,6000,"Prolift Fitness Gym, Wadi, Nagpur"
PFG20250015,Sahil Tiwari,Male,27,Housewife,2025-10-18,Monthly,900,No,0,Cash,Shubham Kale,Evening,No,Instagram,21.1,84,Active,6000,"Prolift Fitness Gym, Wadi, Nagpur"
PFG20250096,Om Rao,Male,18,Business,2025-01-16,Monthly,900,No,0,UPI,Rohit Patil,Evening,Yes,Existing Member,29.5,64,Active,6000,"Prolift Fitness Gym, Wadi, Nagpur"
PFG20250910,Karan Verma,Male,18,Government Employee,2025-07-27,Yearly,8000,No,0,UPI,Rohit Patil,Evening,No,Google,24.1,104,Active,6000,"Prolift Fitness Gym, Wadi, Nagpur"
PFG20250584,Yash Chaudhary,Male,20,Freelancer,2025-05-17,Monthly,900,No,0,UPI,Rohit Patil,Evening,Yes,Walk-in,27.8,80,Active,6000,"Prolift Fitness Gym, Wadi, Nagpur"
PFG20250351,Pooja Gupta,Female,21,Business,2025-01-21,Quarterly,3000,Yes,2500,UPI,Shubham Kale,Evening,No,Friend Referral,25.1,48,Active,6000,"Prolift Fitness Gym, Wadi, Nagpur"
PFG20250137,Sahil Patil,Male,26,Student,2025-12-22,Half Yearly,5000,No,0,Card,Rohit Patil,Evening,Yes,Friend Referral,31.9,83,Active,6000,"Prolift Fitness Gym, Wadi, Nagpur"
PFG20250230,Siddharth Patel,Male,24,Working Professional,2025-08-24,Monthly,900,Yes,2500,UPI,Aman Sharma,Morning,No,Walk-in,31.3,52,Active,6000,"Prolift Fitness Gym, Wadi, Nagpur"
PFG20251066,Pooja Gupta,Female,29,Government Employee,2025-10-17,Yearly,8000,Yes,2500,Cash,Akshay Deshmukh,Evening,No,Instagram,25.4,85,Inactive,6000,"Prolift Fitness Gym, Wadi, Nagpur"
PFG20250898,Sahil Sharma,Male,25,Government Employee,2025-02-08,Quarterly,3000,Yes,3000,UPI,Rohit Patil,Evening,Yes,Banner,32.2,55,Active,6000,"Prolift Fitness Gym, Wadi, Nagpur"
PFG20250814,Muskan Verma,Female,23,Business,2025-05-19,Monthly,900,No,0,UPI,Akshay Deshmukh,Morning,Yes,Google,24.7,52,Active,6000,"Prolift Fitness Gym, Wadi, Nagpur"
PFG20250265,Shubham Rao,Male,29,Housewife,2025-02-25,Half Yearly,5000,No,0,Cash,Shubham Kale,Evening,No,Walk-in,19.0,86,Active,6000,"Prolift Fitness Gym, Wadi, Nagpur"
PFG20251001,Akash Deshmukh,Male,21,Student,2025-07-21,Half Yearly,5000,No,0,Cash,Shubham Kale,Evening,No,Walk-in,21.3,90,Active,6000,"Prolift Fitness Gym, Wadi, Nagpur"
PFG20250880,Ananya Borkar,Female,20,Freelancer,2025-06-15,Quarterly,3000,No,0,UPI,Shubham Kale,Morning,No,Friend Referral,23.4,62,Active,6000,"Prolift Fitness Gym, Wadi, Nagpur"
PFG20250258,Ishita Gupta,Female,22,Government Employee,2025-11-12,Monthly,900,Yes,2500,Cash,Shubham Kale,Evening,Yes,Friend Referral,18.4,66,Active,6000,"Prolift Fitness Gym, Wadi, Nagpur"
PFG20250014,Ishita Jain,Female,22,Government Employee,2025-05-25,Quarterly,3000,No,0,Card,Aman Sharma,Morning,Yes,Existing Member,20.2,87,Active,6000,"Prolift Fitness Gym, Wadi, Nagpur"
PFG20250950,Simran Gupta,Female,23,Business,2025-09-22,Monthly,900,No,0,UPI,Shubham Kale,Morning,Yes,Google,30.4,68,Active,6000,"Prolift Fitness Gym, Wadi, Nagpur"
PFG20251138,Vivaan Jain,Male,30,Working Professional,2025-09-06,Monthly,900,No,0,UPI,Shubham Kale,Evening,Yes,Existing Member,29.0,81,Active,6000,"Prolift Fitness Gym, Wadi, Nagpur"
PFG20250639,Aditya Rao,Male,29,Business,2025-02-06,Yearly,8000,Yes,4000,UPI,Aman Sharma,Evening,Yes,Instagram,23.0,69,Inactive,6000,"Prolift Fitness Gym, Wadi, Nagpur"
PFG20251101,Aarav Patel,Male,21,Government Employee,2025-10-02,Yearly,8000,No,0,Cash,Shubham Kale,Morning,Yes,Instagram,20.6,77,Active,6000,"Prolift Fitness Gym, Wadi, Nagpur"
PFG20250948,Aditya Gupta,Male,27,Housewife,2025-02-22,Half Yearly,5000,No,0,UPI,Rohit Patil,Morning,Yes,Instagram,32.7,53,Active,6000,"Prolift Fitness Gym, Wadi, Nagpur"
PFG20251126,Sahil Yadav,Male,20,Business,2025-06-21,Yearly,8000,Yes,2500,UPI,Shubham Kale,Evening,No,Instagram,30.5,95,Active,6000,"Prolift Fitness Gym, Wadi, Nagpur"
PFG20250975,Priya Thakur,Female,19,Business,2025-10-21,Half Yearly,5000,No,0,Card,Akshay Deshmukh,Evening,Yes,Walk-in,25.6,69,Active,6000,"Prolift Fitness Gym, Wadi, Nagpur"
PFG20250246,Sahil Kale,Male,30,Housewife,2025-05-17,Half Yearly,5000,No,0,Card,Shubham Kale,Morning,No,Existing Member,29.7,61,Active,6000,"Prolift Fitness Gym, Wadi, Nagpur"
PFG20250897,Rohan Sharma,Male,20,Working Professional,2025-09-11,Quarterly,3000,No,0,UPI,Akshay Deshmukh,Evening,Yes,Existing Member,31.8,64,Active,6000,"Prolift Fitness Gym, Wadi, Nagpur"
PFG20250919,Vivaan Thakur,Male,25,Freelancer,2025-12-03,Monthly,900,No,0,Cash,Shubham Kale,Morning,No,Google,20.6,63,Active,6000,"Prolift Fitness Gym, Wadi, Nagpur"
PFG20250506,Rohan Patil,Male,23,Student,2025-12-18,Half Yearly,5000,No,0,UPI,Shubham Kale,Morning,No,Instagram,31.5,70,Active,6000,"Prolift Fitness Gym, Wadi, Nagpur"
PFG20250981,Aditi Thakur,Female,21,Housewife,2025-02-23,Monthly,900,No,0,UPI,Aman Sharma,Morning,Yes,Walk-in,19.4,56,Active,6000,"Prolift Fitness Gym, Wadi, Nagpur"
PFG20250757,Vedant Rao,Male,29,Housewife,2025-01-16,Monthly,900,No,0,UPI,Shubham Kale,Evening,Yes,Existing Member,19.0,90,Active,6000,"Prolift Fitness Gym, Wadi, Nagpur"
PFG20251149,Muskan Tiwari,Female,25,Freelancer,2025-11-09,Monthly,900,No,0,Cash,Shubham Kale,Morning,Yes,Friend Referral,23.3,68,Inactive,6000,"Prolift Fitness Gym, Wadi, Nagpur"
PFG20250556,Rohan Rao,Male,21,Housewife,2025-07-03,Monthly,900,No,0,Cash,Rohit Patil,Evening,No,Instagram,32.6,57,Active,6000,"Prolift Fitness Gym, Wadi, Nagpur"
PFG20250156,Yash Gupta,Male,26,Housewife,2025-10-12,Monthly,900,No,0,UPI,Shubham Kale,Morning,No,Instagram,31.5,104,Active,6000,"Prolift Fitness Gym, Wadi, Nagpur"
PFG20250304,Ankit Borkar,Male,18,Government Employee,2025-04-05,Monthly,900,No,0,Cash,Akshay Deshmukh,Evening,Yes,Instagram,23.8,104,Active,6000,"Prolift Fitness Gym, Wadi, Nagpur"
PFG20250454,Tanvi Kale,Female,25,Housewife,2025-12-02,Quarterly,3000,No,0,UPI,Rohit Patil,Evening,Yes,Instagram,24.3,87,Active,6000,"Prolift Fitness Gym, Wadi, Nagpur"
PFG20250585,Pranav Sharma,Male,28,Working Professional,2025-01-02,Monthly,900,No,0,Cash,Rohit Patil,Morning,Yes,Friend Referral,32.6,70,Active,6000,"Prolift Fitness Gym, Wadi, Nagpur"
PFG20251055,Sahil Thakur,Male,28,Working Professional,2025-08-03,Monthly,900,No,0,Card,Rohit Patil,Evening,No,Friend Referral,25.4,58,Active,6000,"Prolift Fitness Gym, Wadi, Nagpur"
PFG20250017,Ritesh Wankhede,Male,22,Student,2025-09-13,Monthly,900,No,0,Cash,Shubham Kale,Morning,Yes,Instagram,22.2,49,Active,6000,"Prolift Fitness Gym, Wadi, Nagpur"
PFG20250971,Rohan Mishra,Male,19,Freelancer,2025-10-12,Quarterly,3000,No,0,Card,Aman Sharma,Morning,Yes,Instagram,25.6,89,Active,6000,"Prolift Fitness Gym, Wadi, Nagpur"
PFG20250580,Simran Chaudhary,Female,21,Student,2025-12-26,Monthly,900,No,0,UPI,Shubham Kale,Morning,No,Walk-in,21.8,87,Active,6000,"Prolift Fitness Gym, Wadi, Nagpur"
PFG20250889,Rohan Chaudhary,Male,28,Working Professional,2025-11-19,Quarterly,3000,Yes,4000,UPI,Akshay Deshmukh,Morning,No,Friend Referral,33.4,96,Active,6000,"Prolift Fitness Gym, Wadi, Nagpur"
PFG20250155,Ritesh Verma,Male,19,Working Professional,2025-11-13,Monthly,900,No,0,Cash,Rohit Patil,Evening,Yes,Instagram,33.0,88,Active,6000,"Prolift Fitness Gym, Wadi, Nagpur"
PFG20250064,Rahul Tiwari,Male,19,Working Professional,2025-01-17,Quarterly,3000,No,0,UPI,Rohit Patil,Morning,Yes,Walk-in,18.5,49,Active,6000,"Prolift Fitness Gym, Wadi, Nagpur"
PFG20250603,Aarav Sharma,Male,25,Working Professional,2025-01-14,Monthly,900,No,0,UPI,Rohit Patil,Morning,Yes,Instagram,29.1,51,Active,6000,"Prolift Fitness Gym, Wadi, Nagpur"
PFG20250938,Sahil Mishra,Male,25,Working Professional,2025-12-18,Quarterly,3000,No,0,Cash,Rohit Patil,Evening,Yes,Friend Referral,30.7,52,Active,6000,"Prolift Fitness Gym, Wadi, Nagpur"
PFG20250903,Riya Tiwari,Female,18,Government Employee,2025-04-03,Quarterly,3000,No,0,UPI,Aman Sharma,Morning,No,Friend Referral,19.1,59,Active,6000,"Prolift Fitness Gym, Wadi, Nagpur"
PFG20250115,Nikita Yadav,Female,19,Housewife,2025-11-07,Quarterly,3000,No,0,UPI,Rohit Patil,Morning,No,Friend Referral,22.3,94,Active,6000,"Prolift Fitness Gym, Wadi, Nagpur"
PFG20250719,Pranav Sharma,Male,19,Freelancer,2025-07-15,Yearly,8000,No,0,UPI,Aman Sharma,Evening,No,Friend Referral,25.9,71,Active,6000,"Prolift Fitness Gym, Wadi, Nagpur"
PFG20250535,Aman Verma,Male,21,Working Professional,2025-02-13,Monthly,900,No,0,UPI,Aman Sharma,Evening,No,Existing Member,27.9,68,Active,6000,"Prolift Fitness Gym, Wadi, Nagpur"
PFG20250202,Simran Deshmukh,Female,28,Government Employee,2025-05-05,Quarterly,3000,No,0,Cash,Rohit Patil,Evening,Yes,Friend Referral,28.6,77,Active,6000,"Prolift Fitness Gym, Wadi, Nagpur"
PFG20250786,Ananya Jain,Female,18,Housewife,2025-03-13,Quarterly,3000,No,0,Cash,Aman Sharma,Morning,Yes,Friend Referral,30.8,102,Active,6000,"Prolift Fitness Gym, Wadi, Nagpur"
PFG20250615,Sneha Yadav,Female,29,Business,2025-06-13,Quarterly,3000,No,0,UPI,Shubham Kale,Evening,Yes,Friend Referral,31.2,76,Active,6000,"Prolift Fitness Gym, Wadi, Nagpur"
PFG20250695,Ankit Deshmukh,Male,22,Student,2025-11-19,Half Yearly,5000,No,0,Cash,Akshay Deshmukh,Morning,No,Walk-in,28.1,103,Active,6000,"Prolift Fitness Gym, Wadi, Nagpur"
PFG20250222,Yash Kale,Male,21,Freelancer,2025-12-17,Yearly,8000,Yes,4000,UPI,Akshay Deshmukh,Morning,Yes,Friend Referral,30.3,78,Active,6000,"Prolift Fitness Gym, Wadi, Nagpur"
PFG20250664,Om Deshmukh,Male,30,Student,2025-11-07,Quarterly,3000,No,0,Card,Shubham Kale,Morning,Yes,Friend Referral,21.8,90,Inactive,6000,"Prolift Fitness Gym, Wadi, Nagpur"
PFG20251140,Om Mishra,Male,22,Freelancer,2025-08-17,Half Yearly,5000,No,0,UPI,Rohit Patil,Evening,Yes,Friend Referral,27.3,102,Active,6000,"Prolift Fitness Gym, Wadi, Nagpur"
PFG20250969,Rahul Patil,Male,21,Freelancer,2025-03-02,Monthly,900,Yes,3000,UPI,Aman Sharma,Morning,Yes,Walk-in,23.6,76,Active,6000,"Prolift Fitness Gym, Wadi, Nagpur"
PFG20250092,Pranav Jain,Male,18,Freelancer,2025-03-21,Monthly,900,No,0,UPI,Rohit Patil,Morning,Yes,Instagram,19.3,101,Active,6000,"Prolift Fitness Gym, Wadi, Nagpur"
PFG20250208,Priya Jain,Female,25,Housewife,2025-08-03,Half Yearly,5000,No,0,UPI,Akshay Deshmukh,Evening,No,Instagram,18.9,88,Active,6000,"Prolift Fitness Gym, Wadi, Nagpur"
PFG20250285,Aditi Thakur,Female,29,Government Employee,2025-03-05,Monthly,900,No,0,Cash,Rohit Patil,Evening,No,Walk-in,29.8,96,Active,6000,"Prolift Fitness Gym, Wadi, Nagpur"
PFG20250361,Yash Wankhede,Male,29,Government Employee,2025-09-05,Monthly,900,Yes,2500,Cash,Rohit Patil,Evening,Yes,Instagram,28.1,88,Active,6000,"Prolift Fitness Gym, Wadi, Nagpur"
PFG20250362,Ritesh Kale,Male,19,Working Professional,2025-05-12,Quarterly,3000,No,0,UPI,Rohit Patil,Evening,No,Instagram,30.7,90,Active,6000,"Prolift Fitness Gym, Wadi, Nagpur"
PFG20251157,Neha Wankhede,Female,23,Working Professional,2025-01-06,Monthly,900,No,0,Card,Aman Sharma,Evening,Yes,Walk-in,29.9,83,Active,6000,"Prolift Fitness Gym, Wadi, Nagpur"
PFG20250267,Om Jain,Male,21,Housewife,2025-11-19,Monthly,900,Yes,3000,UPI,Akshay Deshmukh,Evening,No,Walk-in,29.9,88,Inactive,6000,"Prolift Fitness Gym, Wadi, Nagpur"
PFG20250377,Atharva Gupta,Male,22,Government Employee,2025-04-07,Yearly,8000,No,0,Cash,Shubham Kale,Evening,No,Friend Referral,32.7,51,Active,6000,"Prolift Fitness Gym, Wadi, Nagpur"
PFG20251079,Siddharth Verma,Male,30,Business,2025-02-17,Monthly,900,No,0,UPI,Aman Sharma,Evening,Yes,Banner,30.4,54,Active,6000,"Prolift Fitness Gym, Wadi, Nagpur"
PFG20250831,Shubham Deshmukh,Male,22,Student,2025-10-23,Quarterly,3000,No,0,UPI,Shubham Kale,Evening,Yes,Instagram,24.3,92,Active,6000,"Prolift Fitness Gym, Wadi, Nagpur"
PFG20251015,Sahil Patel,Male,20,Government Employee,2025-01-10,Monthly,900,No,0,Cash,Akshay Deshmukh,Morning,No,Walk-in,24.3,63,Active,6000,"Prolift Fitness Gym, Wadi, Nagpur"
PFG20250322,Siddharth Borkar,Male,29,Government Employee,2025-12-03,Yearly,8000,Yes,3000,UPI,Akshay Deshmukh,Morning,Yes,Banner,27.5,99,Active,6000,"Prolift Fitness Gym, Wadi, Nagpur"
PFG20250987,Vedant Jain,Male,22,Government Employee,2025-03-24,Half Yearly,5000,No,0,UPI,Shubham Kale,Evening,Yes,Walk-in,30.3,86,Active,6000,"Prolift Fitness Gym, Wadi, Nagpur"
PFG20250952,Rohan Kulkarni,Male,24,Freelancer,2025-10-22,Quarterly,3000,No,0,Card,Akshay Deshmukh,Morning,Yes,Friend Referral,26.4,68,Active,6000,"Prolift Fitness Gym, Wadi, Nagpur"
PFG20250551,Ankit Sharma,Male,19,Government Employee,2025-02-24,Monthly,900,No,0,UPI,Akshay Deshmukh,Morning,No,Instagram,23.4,48,Active,6000,"Prolift Fitness Gym, Wadi, Nagpur"
PFG20250928,Akash Yadav,Male,28,Working Professional,2025-08-09,Monthly,900,Yes,2500,Card,Aman Sharma,Evening,Yes,Walk-in,31.5,51,Active,6000,"Prolift Fitness Gym, Wadi, Nagpur"
PFG20250093,Karan Verma,Male,29,Business,2025-06-06,Monthly,900,No,0,Card,Aman Sharma,Morning,Yes,Instagram,30.2,86,Active,6000,"Prolift Fitness Gym, Wadi, Nagpur"
PFG20251105,Riya Wankhede,Female,29,Student,2025-02-08,Quarterly,3000,No,0,Cash,Rohit Patil,Evening,Yes,Banner,21.6,92,Active,6000,"Prolift Fitness Gym, Wadi, Nagpur"
PFG20250806,Ishita Mishra,Female,27,Business,2025-06-23,Monthly,900,Yes,3000,UPI,Aman Sharma,Morning,Yes,Existing Member,20.6,90,Active,6000,"Prolift Fitness Gym, Wadi, Nagpur"
PFG20250494,Ritesh Borkar,Male,26,Business,2025-01-26,Monthly,900,No,0,UPI,Aman Sharma,Evening,Yes,Friend Referral,28.7,98,Inactive,6000,"Prolift Fitness Gym, Wadi, Nagpur"
PFG20250027,Karan Joshi,Male,30,Freelancer,2025-11-23,Yearly,8000,No,0,UPI,Shubham Kale,Morning,No,Existing Member,32.7,88,Active,6000,"Prolift Fitness Gym, Wadi, Nagpur"
PFG20251189,Rahul Mishra,Male,26,Student,2025-04-04,Yearly,8000,No,0,Cash,Akshay Deshmukh,Morning,Yes,Existing Member,31.5,49,Active,6000,"Prolift Fitness Gym, Wadi, Nagpur"
PFG20250507,Shruti Mishra,Female,21,Freelancer,2025-12-13,Monthly,900,Yes,2500,Cash,Aman Sharma,Evening,No,Walk-in,18.7,67,Active,6000,"Prolift Fitness Gym, Wadi, Nagpur"
PFG20250561,Krishna Chaudhary,Male,30,Student,2025-08-18,Monthly,900,No,0,UPI,Shubham Kale,Morning,No,Banner,32.2,87,Active,6000,"Prolift Fitness Gym, Wadi, Nagpur"
PFG20251039,Ritesh Thakur,Male,18,Government Employee,2025-08-05,Yearly,8000,Yes,2500,Card,Aman Sharma,Morning,Yes,Friend Referral,25.6,58,Active,6000,"Prolift Fitness Gym, Wadi, Nagpur"
PFG20250059,Rahul Deshmukh,Male,22,Business,2025-02-02,Monthly,900,No,0,Cash,Rohit Patil,Evening,No,Walk-in,24.9,82,Inactive,6000,"Prolift Fitness Gym, Wadi, Nagpur"
PFG20250023,Pranav Patil,Male,20,Working Professional,2025-08-25,Yearly,8000,Yes,4000,UPI,Akshay Deshmukh,Evening,Yes,Instagram,28.2,49,Active,6000,"Prolift Fitness Gym, Wadi, Nagpur"
PFG20250510,Akash Kulkarni,Male,28,Housewife,2025-08-26,Quarterly,3000,No,0,UPI,Akshay Deshmukh,Evening,Yes,Walk-in,23.9,102,Active,6000,"Prolift Fitness Gym, Wadi, Nagpur"
PFG20250894,Ritesh Tiwari,Male,18,Working Professional,2025-04-11,Monthly,900,No,0,UPI,Akshay Deshmukh,Morning,Yes,Banner,31.6,98,Active,6000,"Prolift Fitness Gym, Wadi, Nagpur"
PFG20250036,Aditya Kulkarni,Male,21,Business,2025-01-08,Yearly,8000,No,0,Cash,Aman Sharma,Evening,Yes,Instagram,27.3,82,Active,6000,"Prolift Fitness Gym, Wadi, Nagpur"
PFG20250372,Vedant Thakur,Male,24,Working Professional,2025-12-10,Quarterly,3000,No,0,UPI,Shubham Kale,Evening,Yes,Existing Member,32.1,84,Active,6000,"Prolift Fitness Gym, Wadi, Nagpur"
PFG20250317,Aditya Joshi,Male,19,Housewife,2025-02-12,Monthly,900,Yes,2500,Cash,Rohit Patil,Evening,Yes,Friend Referral,29.5,67,Active,6000,"Prolift Fitness Gym, Wadi, Nagpur"
PFG20250916,Tanvi Tiwari,Female,30,Government Employee,2025-01-18,Half Yearly,5000,No,0,Cash,Aman Sharma,Evening,No,Friend Referral,28.4,55,Active,6000,"Prolift Fitness Gym, Wadi, Nagpur"
PFG20250188,Ananya Sharma,Female,20,Government Employee,2025-04-20,Monthly,900,No,0,UPI,Aman Sharma,Evening,Yes,Google,29.2,73,Active,6000,"Prolift Fitness Gym, Wadi, Nagpur"
PFG20251103,Krishna Tiwari,Male,18,Student,2025-10-24,Monthly,900,No,0,UPI,Rohit Patil,Evening,No,Existing Member,26.7,103,Active,6000,"Prolift Fitness Gym, Wadi, Nagpur"
PFG20250287,Pranav Kale,Male,26,Housewife,2025-04-03,Monthly,900,No,0,UPI,Akshay Deshmukh,Evening,Yes,Google,27.3,63,Active,6000,"Prolift Fitness Gym, Wadi, Nagpur"
PFG20250417,Aarav Kale,Male,22,Business,2025-03-24,Quarterly,3000,No,0,Card,Shubham Kale,Evening,No,Friend Referral,31.8,74,Active,6000,"Prolift Fitness Gym, Wadi, Nagpur"
PFG20250622,Siddharth Patel,Male,22,Student,2025-06-24,Quarterly,3000,No,0,UPI,Rohit Patil,Evening,Yes,Existing Member,18.7,92,Active,6000,"Prolift Fitness Gym, Wadi, Nagpur"
PFG20250817,Aarav Mishra,Male,27,Government Employee,2025-02-22,Monthly,900,No,0,UPI,Akshay Deshmukh,Morning,Yes,Walk-in,33.2,75,Active,6000,"Prolift Fitness Gym, Wadi, Nagpur"
PFG20250771,Aditya Yadav,Male,30,Business,2025-04-12,Quarterly,3000,No,0,UPI,Aman Sharma,Morning,No,Friend Referral,30.6,90,Active,6000,"Prolift Fitness Gym, Wadi, Nagpur"
PFG20250687,Neha Deshmukh,Female,19,Freelancer,2025-08-17,Yearly,8000,Yes,2500,UPI,Akshay Deshmukh,Morning,Yes,Walk-in,24.4,81,Active,6000,"Prolift Fitness Gym, Wadi, Nagpur"
PFG20250278,Ankit Sharma,Male,18,Student,2025-10-02,Monthly,900,No,0,Cash,Rohit Patil,Morning,Yes,Walk-in,28.9,92,Active,6000,"Prolift Fitness Gym, Wadi, Nagpur"
PFG20250776,Ankit Kale,Male,22,Housewife,2025-04-19,Monthly,900,No,0,UPI,Rohit Patil,Morning,Yes,Friend Referral,21.2,97,Active,6000,"Prolift Fitness Gym, Wadi, Nagpur"
PFG20250290,Sahil Mishra,Male,20,Student,2025-03-17,Quarterly,3000,No,0,Card,Akshay Deshmukh,Evening,No,Banner,22.1,103,Active,6000,"Prolift Fitness Gym, Wadi, Nagpur"
PFG20250673,Rahul Chaudhary,Male,19,Working Professional,2025-06-19,Monthly,900,Yes,3000,UPI,Akshay Deshmukh,Evening,No,Friend Referral,29.0,73,Active,6000,"Prolift Fitness Gym, Wadi, Nagpur"
PFG20250999,Rohan Gupta,Male,29,Business,2025-03-05,Monthly,900,No,0,UPI,Aman Sharma,Morning,No,Friend Referral,29.0,93,Inactive,6000,"Prolift Fitness Gym, Wadi, Nagpur"
PFG20251080,Tanvi Gupta,Female,28,Working Professional,2025-01-14,Monthly,900,No,0,UPI,Rohit Patil,Morning,Yes,Walk-in,26.4,71,Active,6000,"Prolift Fitness Gym, Wadi, Nagpur"
PFG20250048,Atharva Kale,Male,29,Housewife,2025-05-06,Half Yearly,5000,No,0,UPI,Akshay Deshmukh,Evening,Yes,Friend Referral,27.7,54,Inactive,6000,"Prolift Fitness Gym, Wadi, Nagpur"
PFG20251139,Aditya Chaudhary,Male,26,Working Professional,2025-12-06,Quarterly,3000,Yes,4000,Card,Akshay Deshmukh,Evening,Yes,Walk-in,31.1,87,Active,6000,"Prolift Fitness Gym, Wadi, Nagpur"
PFG20250202,Simran Deshmukh,Female,28,Government Employee,2025-11-20,Monthly,900,No,0,UPI,Rohit Patil,Morning,Yes,Banner,19.1,74,Active,6000,"Prolift Fitness Gym, Wadi, Nagpur"
PFG20251146,Pranav Verma,Male,22,Business,2025-12-09,Half Yearly,5000,No,0,UPI,Aman Sharma,Evening,No,Friend Referral,31.2,48,Active,6000,"Prolift Fitness Gym, Wadi, Nagpur"
PFG20250369,Atharva Borkar,Male,25,Government Employee,2025-01-27,Monthly,900,No,0,Card,Aman Sharma,Morning,No,Instagram,33.2,52,Active,6000,"Prolift Fitness Gym, Wadi, Nagpur"
PFG20250098,Ishita Patil,Female,30,Working Professional,2025-09-16,Quarterly,3000,No,0,Card,Akshay Deshmukh,Evening,Yes,Instagram,22.5,73,Active,6000,"Prolift Fitness Gym, Wadi, Nagpur"
PFG20250390,Krishna Patel,Male,23,Working Professional,2025-08-07,Quarterly,3000,No,0,Cash,Aman Sharma,Evening,Yes,Walk-in,24.4,84,Inactive,6000,"Prolift Fitness Gym, Wadi, Nagpur"
PFG20251140,Om Mishra,Male,22,Freelancer,2025-03-05,Quarterly,3000,No,0,Cash,Rohit Patil,Evening,No,Walk-in,22.5,79,Active,6000,"Prolift Fitness Gym, Wadi, Nagpur"
PFG20250419,Simran Chaudhary,Female,19,Business,2025-05-23,Quarterly,3000,No,0,UPI,Aman Sharma,Morning,Yes,Friend Referral,24.2,103,Inactive,6000,"Prolift Fitness Gym, Wadi, Nagpur"
PFG20250877,Neha Tiwari,Female,21,Business,2025-11-22,Quarterly,3000,Yes,4000,Card,Shubham Kale,Morning,Yes,Walk-in,19.2,67,Active,6000,"Prolift Fitness Gym, Wadi, Nagpur"
PFG20250291,Ananya Borkar,Female,27,Government Employee,2025-08-23,Yearly,8000,No,0,UPI,Akshay Deshmukh,Evening,Yes,Friend Referral,21.1,58,Active,6000,"Prolift Fitness Gym, Wadi, Nagpur"
PFG20251161,Aman Sharma,Male,21,Housewife,2025-01-26,Monthly,900,No,0,UPI,Rohit Patil,Morning,No,Banner,26.5,104,Active,6000,"Prolift Fitness Gym, Wadi, Nagpur"
PFG20250385,Rohan Sharma,Male,21,Freelancer,2025-06-13,Quarterly,3000,No,0,UPI,Aman Sharma,Evening,Yes,Google,19.7,60,Active,6000,"Prolift Fitness Gym, Wadi, Nagpur"
PFG20250407,Rahul Patel,Male,22,Government Employee,2025-05-25,Quarterly,3000,No,0,Cash,Shubham Kale,Evening,No,Friend Referral,24.8,96,Inactive,6000,"Prolift Fitness Gym, Wadi, Nagpur"
PFG20251165,Om Patil,Male,19,Working Professional,2025-11-07,Half Yearly,5000,Yes,3000,UPI,Rohit Patil,Morning,Yes,Friend Referral,28.1,57,Active,6000,"Prolift Fitness Gym, Wadi, Nagpur"
PFG20250724,Vivaan Deshmukh,Male,23,Student,2025-01-04,Monthly,900,No,0,Cash,Shubham Kale,Evening,Yes,Walk-in,20.4,92,Active,6000,"Prolift Fitness Gym, Wadi, Nagpur"
PFG20250730,Om Tiwari,Male,25,Business,2025-10-11,Monthly,900,Yes,2500,UPI,Aman Sharma,Morning,Yes,Friend Referral,21.4,55,Active,6000,"Prolift Fitness Gym, Wadi, Nagpur"
PFG20250503,Rohan Borkar,Male,20,Working Professional,2025-12-07,Monthly,900,No,0,UPI,Aman Sharma,Evening,No,Walk-in,32.3,92,Active,6000,"Prolift Fitness Gym, Wadi, Nagpur"
PFG20250672,Vedant Deshmukh,Male,22,Government Employee,2025-05-13,Yearly,8000,No,0,Cash,Akshay Deshmukh,Evening,Yes,Instagram,21.5,86,Active,6000,"Prolift Fitness Gym, Wadi, Nagpur"
PFG20250983,Rahul Wankhede,Male,18,Business,2025-08-02,Quarterly,3000,No,0,Cash,Shubham Kale,Evening,Yes,Instagram,25.5,86,Active,6000,"Prolift Fitness Gym, Wadi, Nagpur"
PFG20250060,Pooja Gupta,Female,25,Student,2025-04-23,Monthly,900,No,0,UPI,Rohit Patil,Evening,Yes,Friend Referral,28.7,96,Active,6000,"Prolift Fitness Gym, Wadi, Nagpur"
PFG20250285,Aditi Thakur,Female,29,Government Employee,2025-01-20,Yearly,8000,Yes,3000,UPI,Rohit Patil,Morning,Yes,Existing Member,22.8,68,Active,6000,"Prolift Fitness Gym, Wadi, Nagpur"
PFG20250143,Vivaan Wankhede,Male,18,Working Professional,2025-03-01,Quarterly,3000,No,0,Card,Shubham Kale,Evening,Yes,Banner,29.0,81,Active,6000,"Prolift Fitness Gym, Wadi, Nagpur"
PFG20250938,Sahil Mishra,Male,25,Working Professional,2025-01-16,Half Yearly,5000,No,0,Cash,Rohit Patil,Evening,Yes,Banner,19.6,52,Active,6000,"Prolift Fitness Gym, Wadi, Nagpur"
PFG20250087,Akash Sharma,Male,25,Working Professional,2025-12-08,Monthly,900,No,0,UPI,Akshay Deshmukh,Evening,Yes,Banner,18.5,99,Active,6000,"Prolift Fitness Gym, Wadi, Nagpur"
PFG20250269,Karan Joshi,Male,23,Working Professional,2025-09-08,Quarterly,3000,No,0,UPI,Shubham Kale,Morning,Yes,Instagram,22.3,53,Inactive,6000,"Prolift Fitness Gym, Wadi, Nagpur"
PFG20251173,Vivaan Jain,Male,30,Government Employee,2025-05-20,Monthly,900,No,0,UPI,Shubham Kale,Evening,No,Instagram,27.2,101,Active,6000,"Prolift Fitness Gym, Wadi, Nagpur"
PFG20250425,Shruti Thakur,Female,24,Business,2025-07-05,Yearly,8000,Yes,3000,Cash,Shubham Kale,Evening,Yes,Friend Referral,22.2,74,Inactive,6000,"Prolift Fitness Gym, Wadi, Nagpur"
PFG20250123,Harsh Wankhede,Male,30,Business,2025-11-24,Half Yearly,5000,No,0,UPI,Rohit Patil,Evening,Yes,Instagram,25.2,64,Active,6000,"Prolift Fitness Gym, Wadi, Nagpur"
PFG20250929,Harsh Chaudhary,Male,19,Student,2025-05-09,Monthly,900,No,0,Card,Aman Sharma,Morning,No,Friend Referral,29.1,84,Active,6000,"Prolift Fitness Gym, Wadi, Nagpur"
PFG20250837,Kavya Patil,Female,18,Government Employee,2025-12-18,Half Yearly,5000,Yes,4000,UPI,Shubham Kale,Morning,No,Banner,25.6,96,Active,6000,"Prolift Fitness Gym, Wadi, Nagpur"
PFG20250597,Nikhil Borkar,Male,28,Student,2025-05-16,Quarterly,3000,No,0,UPI,Aman Sharma,Morning,No,Google,28.9,104,Active,6000,"Prolift Fitness Gym, Wadi, Nagpur"
PFG20250488,Pranav Wankhede,Male,25,Business,2025-01-28,Half Yearly,5000,No,0,Cash,Shubham Kale,Evening,Yes,Instagram,26.3,98,Active,6000,"Prolift Fitness Gym, Wadi, Nagpur"
PFG20251002,Nikhil Verma,Male,20,Freelancer,2025-04-06,Quarterly,3000,No,0,UPI,Shubham Kale,Evening,Yes,Walk-in,32.7,81,Active,6000,"Prolift Fitness Gym, Wadi, Nagpur"
PFG20251110,Vivaan Tiwari,Male,22,Working Professional,2025-01-18,Monthly,900,Yes,3000,Cash,Aman Sharma,Morning,Yes,Banner,31.5,82,Inactive,6000,"Prolift Fitness Gym, Wadi, Nagpur"
PFG20251147,Siddharth Yadav,Male,27,Freelancer,2025-06-13,Quarterly,3000,No,0,UPI,Shubham Kale,Evening,Yes,Instagram,31.1,51,Active,6000,"Prolift Fitness Gym, Wadi, Nagpur"
PFG20250941,Ankit Borkar,Male,30,Government Employee,2025-10-06,Monthly,900,No,0,UPI,Rohit Patil,Morning,No,Friend Referral,30.2,82,Active,6000,"Prolift Fitness Gym, Wadi, Nagpur"
PFG20250727,Vivaan Gupta,Male,28,Business,2025-09-08,Half Yearly,5000,No,0,Cash,Shubham Kale,Morning,Yes,Google,22.6,65,Active,6000,"Prolift Fitness Gym, Wadi, Nagpur"
PFG20250518,Karan Joshi,Male,24,Working Professional,2025-02-28,Monthly,900,No,0,UPI,Aman Sharma,Morning,No,Walk-in,30.1,63,Active,6000,"Prolift Fitness Gym, Wadi, Nagpur"
PFG20250697,Shubham Sharma,Male,26,Government Employee,2025-12-10,Quarterly,3000,No,0,UPI,Rohit Patil,Evening,Yes,Walk-in,25.0,56,Active,6000,"Prolift Fitness Gym, Wadi, Nagpur"
PFG20250717,Atharva Chaudhary,Male,19,Freelancer,2025-04-21,Monthly,900,Yes,3000,Cash,Akshay Deshmukh,Morning,Yes,Google,23.0,100,Inactive,6000,"Prolift Fitness Gym, Wadi, Nagpur"
PFG20250163,Shruti Verma,Female,24,Government Employee,2025-12-04,Quarterly,3000,Yes,2500,UPI,Aman Sharma,Evening,No,Friend Referral,33.0,91,Inactive,6000,"Prolift Fitness Gym, Wadi, Nagpur"
PFG20250454,Tanvi Kale,Female,25,Housewife,2025-10-05,Quarterly,3000,No,0,UPI,Rohit Patil,Morning,No,Walk-in,32.5,50,Active,6000,"Prolift Fitness Gym, Wadi, Nagpur"
PFG20250365,Siddharth Yadav,Male,24,Business,2025-08-15,Monthly,900,No,0,UPI,Akshay Deshmukh,Evening,No,Walk-in,27.0,99,Active,6000,"Prolift Fitness Gym, Wadi, Nagpur"
PFG20250027,Karan Joshi,Male,30,Freelancer,2025-03-04,Yearly,8000,No,0,UPI,Shubham Kale,Morning,Yes,Instagram,23.8,87,Inactive,6000,"Prolift Fitness Gym, Wadi, Nagpur"
PFG20250559,Om Deshmukh,Male,23,Freelancer,2025-01-01,Yearly,8000,No,0,UPI,Shubham Kale,Morning,Yes,Walk-in,19.7,71,Active,6000,"Prolift Fitness Gym, Wadi, Nagpur"
PFG20250164,Nikhil Verma,Male,27,Business,2025-12-06,Monthly,900,No,0,UPI,Akshay Deshmukh,Morning,No,Friend Referral,33.4,83,Active,6000,"Prolift Fitness Gym, Wadi, Nagpur"
PFG20250953,Aarav Joshi,Male,26,Working Professional,2025-04-24,Quarterly,3000,No,0,UPI,Shubham Kale,Evening,No,Banner,29.8,51,Active,6000,"Prolift Fitness Gym, Wadi, Nagpur"
PFG20250914,Aditi Rao,Female,25,Government Employee,2025-10-03,Monthly,900,No,0,UPI,Aman Sharma,Morning,Yes,Instagram,19.0,82,Active,6000,"Prolift Fitness Gym, Wadi, Nagpur"
PFG20250384,Om Verma,Male,22,Student,2025-09-27,Monthly,900,No,0,Cash,Shubham Kale,Evening,No,Existing Member,23.1,66,Active,6000,"Prolift Fitness Gym, Wadi, Nagpur"
PFG20250037,Shubham Rao,Male,18,Working Professional,2025-10-05,Half Yearly,5000,No,0,UPI,Aman Sharma,Morning,Yes,Friend Referral,26.0,90,Active,6000,"Prolift Fitness Gym, Wadi, Nagpur"
PFG20250140,Pranav Yadav,Male,22,Working Professional,2025-11-16,Half Yearly,5000,No,0,Cash,Akshay Deshmukh,Evening,Yes,Friend Referral,20.2,97,Active,6000,"Prolift Fitness Gym, Wadi, Nagpur"
PFG20250169,Shubham Tiwari,Male,21,Working Professional,2025-08-11,Half Yearly,5000,No,0,Card,Aman Sharma,Evening,Yes,Friend Referral,24.6,94,Active,6000,"Prolift Fitness Gym, Wadi, Nagpur"
PFG20250379,Rahul Jain,Male,18,Government Employee,2025-11-06,Monthly,900,No,0,UPI,Shubham Kale,Evening,Yes,Banner,22.1,86,Active,6000,"Prolift Fitness Gym, Wadi, Nagpur"
PFG20250908,Yash Patel,Male,27,Housewife,2025-03-25,Monthly,900,No,0,UPI,Aman Sharma,Morning,Yes,Friend Referral,21.8,100,Active,6000,"Prolift Fitness Gym, Wadi, Nagpur"
PFG20251010,Harsh Joshi,Male,30,Working Professional,2025-12-22,Monthly,900,Yes,3000,UPI,Shubham Kale,Morning,Yes,Walk-in,31.5,91,Inactive,6000,"Prolift Fitness Gym, Wadi, Nagpur"
PFG20250537,Priya Deshmukh,Female,20,Freelancer,2025-11-06,Monthly,900,No,0,UPI,Rohit Patil,Morning,Yes,Friend Referral,32.9,71,Active,6000,"Prolift Fitness Gym, Wadi, Nagpur"
PFG20251172,Sahil Joshi,Male,21,Freelancer,2025-02-12,Quarterly,3000,No,0,Card,Akshay Deshmukh,Evening,No,Walk-in,22.4,72,Active,6000,"Prolift Fitness Gym, Wadi, Nagpur"
PFG20251169,Muskan Patil,Female,27,Government Employee,2025-05-06,Half Yearly,5000,No,0,UPI,Aman Sharma,Evening,Yes,Banner,18.6,94,Inactive,6000,"Prolift Fitness Gym, Wadi, Nagpur"
PFG20251147,Siddharth Yadav,Male,27,Freelancer,2025-05-06,Monthly,900,No,0,Cash,Shubham Kale,Evening,Yes,Friend Referral,20.9,71,Active,6000,"Prolift Fitness Gym, Wadi, Nagpur"
PFG20250692,Vivaan Yadav,Male,29,Freelancer,2025-03-03,Monthly,900,Yes,3000,UPI,Aman Sharma,Evening,No,Existing Member,23.1,97,Active,6000,"Prolift Fitness Gym, Wadi, Nagpur"
PFG20250647,Karan Verma,Male,29,Business,2025-01-01,Quarterly,3000,No,0,UPI,Shubham Kale,Morning,No,Google,25.6,57,Active,6000,"Prolift Fitness Gym, Wadi, Nagpur"
PFG20250195,Pooja Thakur,Female,26,Working Professional,2025-01-18,Quarterly,3000,No,0,UPI,Rohit Patil,Morning,No,Friend Referral,23.7,80,Active,6000,"Prolift Fitness Gym, Wadi, Nagpur"
PFG20250050,Siddharth Wankhede,Male,29,Government Employee,2025-02-16,Monthly,900,No,0,UPI,Aman Sharma,Morning,No,Instagram,33.4,101,Active,6000,"Prolift Fitness Gym, Wadi, Nagpur"
PFG20251036,Aditi Borkar,Female,23,Freelancer,2025-11-13,Monthly,900,No,0,UPI,Akshay Deshmukh,Evening,Yes,Walk-in,30.6,105,Active,6000,"Prolift Fitness Gym, Wadi, Nagpur"
PFG20251019,Rohan Verma,Male,27,Working Professional,2025-10-12,Monthly,900,No,0,UPI,Aman Sharma,Morning,Yes,Friend Referral,28.1,94,Active,6000,"Prolift Fitness Gym, Wadi, Nagpur"
PFG20250476,Riya Rao,Female,28,Working Professional,2025-02-13,Monthly,900,Yes,4000,Card,Aman Sharma,Morning,Yes,Walk-in,25.5,65,Active,6000,"Prolift Fitness Gym, Wadi, Nagpur"
PFG20250735,Vivaan Verma,Male,24,Working Professional,2025-01-23,Yearly,8000,Yes,4000,Cash,Rohit Patil,Morning,Yes,Walk-in,31.2,89,Active,6000,"Prolift Fitness Gym, Wadi, Nagpur"
PFG20250892,Harsh Chaudhary,Male,19,Business,2025-09-03,Quarterly,3000,No,0,UPI,Aman Sharma,Evening,Yes,Instagram,27.1,97,Active,6000,"Prolift Fitness Gym, Wadi, Nagpur"
PFG20250596,Sahil Jain,Male,29,Housewife,2025-06-17,Monthly,900,No,0,UPI,Akshay Deshmukh,Morning,Yes,Instagram,25.7,49,Active,6000,"Prolift Fitness Gym, Wadi, Nagpur"
PFG20250154,Ishita Deshmukh,Female,24,Business,2025-12-20,Quarterly,3000,No,0,Card,Shubham Kale,Evening,Yes,Friend Referral,28.9,99,Active,6000,"Prolift Fitness Gym, Wadi, Nagpur"
PFG20250781,Om Borkar,Male,28,Government Employee,2025-05-27,Yearly,8000,No,0,UPI,Rohit Patil,Morning,Yes,Instagram,21.1,97,Active,6000,"Prolift Fitness Gym, Wadi, Nagpur"
PFG20250833,Ritesh Borkar,Male,24,Government Employee,2025-11-01,Monthly,900,No,0,Card,Shubham Kale,Morning,No,Walk-in,32.7,71,Active,6000,"Prolift Fitness Gym, Wadi, Nagpur"
PFG20250218,Priya Patil,Female,19,Working Professional,2025-12-06,Quarterly,3000,Yes,2500,Cash,Shubham Kale,Evening,Yes,Existing Member,22.6,96,Active,6000,"Prolift Fitness Gym, Wadi, Nagpur"
PFG20250654,Aditya Mishra,Male,23,Working Professional,2025-11-20,Monthly,900,No,0,Card,Akshay Deshmukh,Morning,Yes,Friend Referral,20.7,103,Active,6000,"Prolift Fitness Gym, Wadi, Nagpur"
PFG20250810,Vedant Verma,Male,23,Working Professional,2025-02-11,Yearly,8000,Yes,4000,Card,Aman Sharma,Evening,No,Existing Member,23.4,98,Active,6000,"Prolift Fitness Gym, Wadi, Nagpur"
PFG20250146,Karan Sharma,Male,29,Business,2025-11-26,Yearly,8000,Yes,2500,Cash,Shubham Kale,Morning,No,Friend Referral,32.8,69,Active,6000,"Prolift Fitness Gym, Wadi, Nagpur"
PFG20250947,Neha Thakur,Female,22,Housewife,2025-02-10,Monthly,900,No,0,UPI,Rohit Patil,Evening,Yes,Existing Member,23.4,57,Active,6000,"Prolift Fitness Gym, Wadi, Nagpur"
PFG20250544,Ankit Patil,Male,29,Business,2025-11-14,Monthly,900,No,0,Cash,Shubham Kale,Morning,No,Instagram,29.9,83,Active,6000,"Prolift Fitness Gym, Wadi, Nagpur"
PFG20250133,Kavya Kale,Female,25,Housewife,2025-04-11,Quarterly,3000,No,0,UPI,Akshay Deshmukh,Morning,No,Existing Member,26.3,87,Active,6000,"Prolift Fitness Gym, Wadi, Nagpur"
PFG20250048,Atharva Kale,Male,29,Housewife,2025-07-18,Monthly,900,No,0,UPI,Akshay Deshmukh,Evening,No,Friend Referral,28.2,99,Active,6000,"Prolift Fitness Gym, Wadi, Nagpur"
PFG20250427,Riya Borkar,Female,27,Freelancer,2025-05-15,Half Yearly,5000,No,0,UPI,Rohit Patil,Evening,Yes,Friend Referral,18.9,82,Active,6000,"Prolift Fitness Gym, Wadi, Nagpur"
PFG20250907,Pranav Joshi,Male,28,Housewife,2025-01-01,Yearly,8000,Yes,4000,UPI,Shubham Kale,Morning,Yes,Walk-in,20.6,69,Active,6000,"Prolift Fitness Gym, Wadi, Nagpur"
PFG20250967,Shubham Patel,Male,26,Business,2025-10-20,Monthly,900,No,0,UPI,Rohit Patil,Evening,Yes,Friend Referral,20.1,71,Active,6000,"Prolift Fitness Gym, Wadi, Nagpur"
PFG20250224,Atharva Yadav,Male,23,Business,2025-11-21,Monthly,900,No,0,Cash,Shubham Kale,Evening,Yes,Instagram,24.4,105,Inactive,6000,"Prolift Fitness Gym, Wadi, Nagpur"
PFG20250544,Ankit Patil,Male,29,Business,2025-10-06,Monthly,900,No,0,UPI,Shubham Kale,Morning,Yes,Google,31.4,100,Active,6000,"Prolift Fitness Gym, Wadi, Nagpur"
PFG20250429,Ritesh Mishra,Male,25,Working Professional,2025-05-23,Half Yearly,5000,No,0,UPI,Aman Sharma,Morning,Yes,Friend Referral,18.9,94,Active,6000,"Prolift Fitness Gym, Wadi, Nagpur"
PFG20250783,Aman Chaudhary,Male,27,Freelancer,2025-04-09,Monthly,900,No,0,Cash,Rohit Patil,Evening,Yes,Instagram,27.6,55,Active,6000,"Prolift Fitness Gym, Wadi, Nagpur"
PFG20250744,Rahul Yadav,Male,26,Business,2025-11-22,Quarterly,3000,No,0,UPI,Akshay Deshmukh,Evening,Yes,Friend Referral,28.9,72,Active,6000,"Prolift Fitness Gym, Wadi, Nagpur"
PFG20251166,Aditya Thakur,Male,18,Freelancer,2025-05-26,Monthly,900,No,0,UPI,Shubham Kale,Morning,Yes,Existing Member,19.0,100,Active,6000,"Prolift Fitness Gym, Wadi, Nagpur"
PFG20250661,Aarav Tiwari,Male,30,Housewife,2025-02-14,Monthly,900,No,0,UPI,Rohit Patil,Evening,Yes,Friend Referral,22.9,84,Active,6000,"Prolift Fitness Gym, Wadi, Nagpur"
PFG20250796,Aman Rao,Male,21,Housewife,2025-12-20,Yearly,8000,Yes,4000,Cash,Shubham Kale,Evening,Yes,Banner,32.9,48,Active,6000,"Prolift Fitness Gym, Wadi, Nagpur"
PFG20250644,Aditya Borkar,Male,25,Business,2025-06-04,Monthly,900,No,0,UPI,Rohit Patil,Morning,Yes,Banner,31.8,89,Active,6000,"Prolift Fitness Gym, Wadi, Nagpur"
PFG20250422,Om Borkar,Male,18,Freelancer,2025-12-09,Monthly,900,No,0,Cash,Aman Sharma,Evening,Yes,Google,29.8,97,Active,6000,"Prolift Fitness Gym, Wadi, Nagpur"
PFG20250863,Kavya Borkar,Female,24,Housewife,2025-03-11,Monthly,900,No,0,Cash,Shubham Kale,Evening,Yes,Walk-in,21.1,105,Active,6000,"Prolift Fitness Gym, Wadi, Nagpur"
PFG20250600,Aarav Mishra,Male,22,Working Professional,2025-02-21,Monthly,900,No,0,UPI,Aman Sharma,Morning,Yes,Walk-in,21.9,75,Active,6000,"Prolift Fitness Gym, Wadi, Nagpur"
PFG20250030,Sneha Wankhede,Female,18,Business,2025-12-15,Yearly,8000,Yes,3000,Cash,Rohit Patil,Morning,Yes,Friend Referral,28.2,65,Inactive,6000,"Prolift Fitness Gym, Wadi, Nagpur"
PFG20251173,Vivaan Jain,Male,30,Government Employee,2025-04-13,Quarterly,3000,Yes,3000,UPI,Shubham Kale,Evening,No,Instagram,24.2,57,Active,6000,"Prolift Fitness Gym, Wadi, Nagpur"
PFG20250504,Ishita Gupta,Female,28,Business,2025-01-03,Quarterly,3000,No,0,UPI,Shubham Kale,Morning,Yes,Friend Referral,19.7,81,Active,6000,"Prolift Fitness Gym, Wadi, Nagpur"
PFG20250895,Pooja Patil,Female,25,Government Employee,2025-08-18,Monthly,900,No,0,Cash,Akshay Deshmukh,Evening,Yes,Walk-in,25.1,85,Active,6000,"Prolift Fitness Gym, Wadi, Nagpur"
PFG20251026,Krishna Verma,Male,25,Business,2025-12-06,Monthly,900,No,0,UPI,Shubham Kale,Morning,No,Friend Referral,21.6,90,Active,6000,"Prolift Fitness Gym, Wadi, Nagpur"
PFG20250257,Sahil Deshmukh,Male,19,Student,2025-12-26,Monthly,900,No,0,Card,Aman Sharma,Evening,Yes,Friend Referral,22.9,98,Active,6000,"Prolift Fitness Gym, Wadi, Nagpur"
PFG20250641,Tanvi Wankhede,Female,29,Government Employee,2025-11-24,Monthly,900,No,0,Card,Aman Sharma,Morning,Yes,Friend Referral,20.0,90,Active,6000,"Prolift Fitness Gym, Wadi, Nagpur"
PFG20250072,Pranav Deshmukh,Male,28,Business,2025-05-25,Quarterly,3000,No,0,UPI,Akshay Deshmukh,Evening,Yes,Walk-in,28.6,48,Active,6000,"Prolift Fitness Gym, Wadi, Nagpur"
PFG20250373,Siddharth Deshmukh,Male,24,Business,2025-11-26,Quarterly,3000,No,0,Card,Akshay Deshmukh,Morning,Yes,Walk-in,19.1,81,Active,6000,"Prolift Fitness Gym, Wadi, Nagpur"
PFG20251031,Atharva Rao,Male,28,Working Professional,2025-03-23,Quarterly,3000,No,0,UPI,Aman Sharma,Evening,Yes,Instagram,20.0,100,Active,6000,"Prolift Fitness Gym, Wadi, Nagpur"
PFG20250412,Vedant Kulkarni,Male,26,Freelancer,2025-05-19,Quarterly,3000,No,0,UPI,Akshay Deshmukh,Evening,Yes,Friend Referral,30.8,62,Active,6000,"Prolift Fitness Gym, Wadi, Nagpur"
PFG20250636,Nikhil Jain,Male,18,Student,2025-02-05,Half Yearly,5000,Yes,2500,UPI,Rohit Patil,Morning,Yes,Instagram,28.6,88,Active,6000,"Prolift Fitness Gym, Wadi, Nagpur"
PFG20251181,Vivaan Thakur,Male,27,Freelancer,2025-01-10,Quarterly,3000,No,0,UPI,Aman Sharma,Evening,Yes,Friend Referral,21.8,81,Active,6000,"Prolift Fitness Gym, Wadi, Nagpur"
PFG20250711,Shubham Kulkarni,Male,22,Government Employee,2025-06-02,Half Yearly,5000,Yes,4000,UPI,Aman Sharma,Morning,No,Friend Referral,29.6,98,Active,6000,"Prolift Fitness Gym, Wadi, Nagpur"
PFG20250468,Atharva Patil,Male,26,Business,2025-11-06,Monthly,900,No,0,Cash,Shubham Kale,Evening,Yes,Friend Referral,32.0,60,Active,6000,"Prolift Fitness Gym, Wadi, Nagpur"
PFG20250684,Krishna Wankhede,Male,21,Student,2025-10-25,Monthly,900,No,0,UPI,Akshay Deshmukh,Evening,Yes,Friend Referral,25.4,49,Active,6000,"Prolift Fitness Gym, Wadi, Nagpur"
PFG20251094,Rohan Sharma,Male,28,Freelancer,2025-11-28,Quarterly,3000,No,0,Cash,Aman Sharma,Morning,No,Banner,24.8,86,Inactive,6000,"Prolift Fitness Gym, Wadi, Nagpur"
PFG20250592,Pranav Thakur,Male,19,Government Employee,2025-10-15,Monthly,900,No,0,Card,Akshay Deshmukh,Morning,Yes,Friend Referral,26.9,73,Active,6000,"Prolift Fitness Gym, Wadi, Nagpur"
PFG20250104,Pranav Wankhede,Male,18,Government Employee,2025-12-19,Monthly,900,No,0,Cash,Akshay Deshmukh,Morning,Yes,Walk-in,29.9,86,Active,6000,"Prolift Fitness Gym, Wadi, Nagpur"
PFG20250344,Krishna Patel,Male,27,Working Professional,2025-12-25,Yearly,8000,No,0,UPI,Akshay Deshmukh,Morning,No,Walk-in,23.5,82,Active,6000,"Prolift Fitness Gym, Wadi, Nagpur"
PFG20250555,Siddharth Mishra,Male,20,Housewife,2025-01-22,Yearly,8000,No,0,UPI,Aman Sharma,Evening,No,Walk-in,28.6,49,Active,6000,"Prolift Fitness Gym, Wadi, Nagpur"
PFG20250670,Nikhil Kulkarni,Male,20,Student,2025-04-26,Yearly,8000,No,0,UPI,Rohit Patil,Morning,Yes,Friend Referral,31.1,49,Active,6000,"Prolift Fitness Gym, Wadi, Nagpur"
PFG20250998,Sneha Thakur,Female,27,Housewife,2025-02-13,Half Yearly,5000,No,0,UPI,Rohit Patil,Evening,Yes,Google,29.6,51,Active,6000,"Prolift Fitness Gym, Wadi, Nagpur"
PFG20250415,Ankit Patel,Male,28,Student,2025-01-14,Monthly,900,No,0,Cash,Aman Sharma,Evening,No,Walk-in,21.0,59,Active,6000,"Prolift Fitness Gym, Wadi, Nagpur"
PFG20250226,Harsh Deshmukh,Male,18,Working Professional,2025-03-10,Quarterly,3000,No,0,UPI,Akshay Deshmukh,Evening,Yes,Friend Referral,25.8,49,Inactive,6000,"Prolift Fitness Gym, Wadi, Nagpur"
PFG20250944,Aarav Chaudhary,Male,22,Student,2025-08-24,Monthly,900,Yes,3000,UPI,Rohit Patil,Morning,No,Friend Referral,32.4,80,Active,6000,"Prolift Fitness Gym, Wadi, Nagpur"
PFG20251021,Siddharth Borkar,Male,19,Student,2025-01-03,Monthly,900,No,0,UPI,Aman Sharma,Evening,No,Walk-in,26.1,65,Active,6000,"Prolift Fitness Gym, Wadi, Nagpur"
PFG20250399,Karan Gupta,Male,27,Business,2025-02-07,Monthly,900,Yes,3000,Card,Aman Sharma,Morning,Yes,Instagram,23.1,50,Active,6000,"Prolift Fitness Gym, Wadi, Nagpur"
PFG20250313,Pranav Joshi,Male,29,Freelancer,2025-03-03,Quarterly,3000,No,0,Cash,Rohit Patil,Evening,No,Friend Referral,30.1,86,Active,6000,"Prolift Fitness Gym, Wadi, Nagpur"
PFG20250686,Om Chaudhary,Male,24,Government Employee,2025-08-28,Monthly,900,No,0,UPI,Aman Sharma,Morning,Yes,Instagram,22.4,81,Active,6000,"Prolift Fitness Gym, Wadi, Nagpur"
PFG20250021,Vedant Thakur,Male,28,Business,2025-11-11,Quarterly,3000,No,0,Card,Aman Sharma,Morning,No,Google,30.9,98,Active,6000,"Prolift Fitness Gym, Wadi, Nagpur"
PFG20250606,Aarav Deshmukh,Male,26,Business,2025-11-17,Quarterly,3000,No,0,UPI,Rohit Patil,Evening,No,Friend Referral,22.9,86,Active,6000,"Prolift Fitness Gym, Wadi, Nagpur"
PFG20250018,Nikhil Mishra,Male,30,Housewife,2025-02-27,Monthly,900,No,0,UPI,Rohit Patil,Evening,Yes,Friend Referral,27.8,97,Inactive,6000,"Prolift Fitness Gym, Wadi, Nagpur"
PFG20250160,Siddharth Borkar,Male,24,Freelancer,2025-01-11,Half Yearly,5000,No,0,Cash,Shubham Kale,Evening,Yes,Friend Referral,26.4,48,Inactive,6000,"Prolift Fitness Gym, Wadi, Nagpur"
PFG20250010,Rahul Mishra,Male,21,Working Professional,2025-12-17,Quarterly,3000,No,0,UPI,Akshay Deshmukh,Evening,No,Friend Referral,31.0,90,Inactive,6000,"Prolift Fitness Gym, Wadi, Nagpur"
PFG20250016,Om Gupta,Male,20,Government Employee,2025-12-27,Monthly,900,No,0,Cash,Rohit Patil,Evening,Yes,Friend Referral,21.4,74,Active,6000,"Prolift Fitness Gym, Wadi, Nagpur"
PFG20250627,Ankit Verma,Male,19,Working Professional,2025-06-09,Monthly,900,No,0,Cash,Aman Sharma,Morning,No,Instagram,31.1,83,Active,6000,"Prolift Fitness Gym, Wadi, Nagpur"
PFG20250994,Sahil Rao,Male,27,Business,2025-06-16,Monthly,900,No,0,UPI,Shubham Kale,Evening,Yes,Friend Referral,33.5,90,Active,6000,"Prolift Fitness Gym, Wadi, Nagpur"
PFG20251016,Ananya Joshi,Female,29,Housewife,2025-03-27,Monthly,900,No,0,UPI,Akshay Deshmukh,Morning,Yes,Existing Member,30.3,94,Inactive,6000,"Prolift Fitness Gym, Wadi, Nagpur"
PFG20250206,Ankit Mishra,Male,29,Student,2025-08-16,Monthly,900,No,0,Cash,Rohit Patil,Morning,Yes,Friend Referral,19.6,66,Active,6000,"Prolift Fitness Gym, Wadi, Nagpur"
PFG20250634,Vivaan Wankhede,Male,24,Working Professional,2025-12-22,Half Yearly,5000,Yes,2500,UPI,Rohit Patil,Evening,Yes,Walk-in,22.4,76,Active,6000,"Prolift Fitness Gym, Wadi, Nagpur"
PFG20251074,Aarav Deshmukh,Male,30,Student,2025-02-19,Yearly,8000,Yes,4000,UPI,Shubham Kale,Morning,Yes,Google,27.0,75,Active,6000,"Prolift Fitness Gym, Wadi, Nagpur"
PFG20250492,Nikita Patil,Female,21,Working Professional,2025-06-02,Monthly,900,No,0,Cash,Rohit Patil,Evening,Yes,Banner,23.9,54,Active,6000,"Prolift Fitness Gym, Wadi, Nagpur"
PFG20250029,Nikhil Kulkarni,Male,30,Student,2025-05-05,Half Yearly,5000,No,0,UPI,Akshay Deshmukh,Evening,Yes,Friend Referral,31.2,50,Active,6000,"Prolift Fitness Gym, Wadi, Nagpur"
PFG20250576,Atharva Yadav,Male,25,Student,2025-01-08,Quarterly,3000,No,0,UPI,Aman Sharma,Evening,Yes,Existing Member,32.2,73,Active,6000,"Prolift Fitness Gym, Wadi, Nagpur"
PFG20250891,Ananya Kulkarni,Female,22,Government Employee,2025-02-24,Quarterly,3000,No,0,Cash,Aman Sharma,Morning,Yes,Instagram,28.2,100,Inactive,6000,"Prolift Fitness Gym, Wadi, Nagpur"
PFG20250663,Vedant Patil,Male,27,Business,2025-02-19,Monthly,900,No,0,UPI,Akshay Deshmukh,Morning,No,Friend Referral,27.5,84,Active,6000,"Prolift Fitness Gym, Wadi, Nagpur"
PFG20250382,Om Kale,Male,18,Student,2025-01-14,Monthly,900,No,0,Cash,Akshay Deshmukh,Evening,Yes,Existing Member,21.3,56,Inactive,6000,"Prolift Fitness Gym, Wadi, Nagpur"
PFG20250472,Harsh Borkar,Male,18,Housewife,2025-06-19,Half Yearly,5000,Yes,3000,UPI,Shubham Kale,Evening,Yes,Google,29.7,74,Active,6000,"Prolift Fitness Gym, Wadi, Nagpur"
PFG20251143,Rahul Tiwari,Male,23,Freelancer,2025-11-22,Quarterly,3000,Yes,2500,UPI,Shubham Kale,Morning,Yes,Friend Referral,30.7,85,Active,6000,"Prolift Fitness Gym, Wadi, Nagpur"
PFG20250218,Priya Patil,Female,19,Working Professional,2025-04-12,Monthly,900,No,0,UPI,Shubham Kale,Morning,No,Friend Referral,27.6,68,Active,6000,"Prolift Fitness Gym, Wadi, Nagpur"
PFG20250136,Sahil Patil,Male,18,Working Professional,2025-11-09,Quarterly,3000,Yes,3000,Cash,Aman Sharma,Morning,Yes,Google,20.4,58,Active,6000,"Prolift Fitness Gym, Wadi, Nagpur"
PFG20250102,Karan Thakur,Male,25,Student,2025-11-24,Monthly,900,No,0,UPI,Rohit Patil,Evening,No,Instagram,24.2,74,Active,6000,"Prolift Fitness Gym, Wadi, Nagpur"
PFG20251133,Atharva Sharma,Male,27,Business,2025-01-22,Monthly,900,No,0,Cash,Akshay Deshmukh,Morning,Yes,Walk-in,23.9,68,Active,6000,"Prolift Fitness Gym, Wadi, Nagpur"
PFG20251051,Pranav Kulkarni,Male,18,Freelancer,2025-04-18,Yearly,8000,Yes,2500,UPI,Rohit Patil,Morning,Yes,Instagram,23.5,59,Active,6000,"Prolift Fitness Gym, Wadi, Nagpur"
PFG20250862,Vedant Kale,Male,23,Freelancer,2025-06-09,Yearly,8000,Yes,4000,UPI,Aman Sharma,Morning,Yes,Friend Referral,32.2,67,Active,6000,"Prolift Fitness Gym, Wadi, Nagpur"
PFG20250881,Om Kulkarni,Male,30,Student,2025-12-06,Monthly,900,No,0,Card,Rohit Patil,Evening,No,Instagram,20.7,56,Inactive,6000,"Prolift Fitness Gym, Wadi, Nagpur"
PFG20251151,Siddharth Joshi,Male,25,Student,2025-12-06,Monthly,900,No,0,Card,Shubham Kale,Evening,Yes,Friend Referral,29.7,50,Active,6000,"Prolift Fitness Gym, Wadi, Nagpur"
PFG20250201,Ritesh Yadav,Male,30,Working Professional,2025-12-15,Quarterly,3000,No,0,UPI,Shubham Kale,Morning,Yes,Friend Referral,32.9,66,Active,6000,"Prolift Fitness Gym, Wadi, Nagpur"
PFG20250635,Sahil Joshi,Male,24,Working Professional,2025-05-03,Monthly,900,No,0,UPI,Akshay Deshmukh,Evening,No,Google,20.3,62,Active,6000,"Prolift Fitness Gym, Wadi, Nagpur"
PFG20250649,Yash Joshi,Male,18,Freelancer,2025-06-14,Quarterly,3000,No,0,UPI,Shubham Kale,Morning,Yes,Instagram,32.3,88,Active,6000,"Prolift Fitness Gym, Wadi, Nagpur"
PFG20251162,Rahul Rao,Male,26,Government Employee,2025-11-10,Yearly,8000,Yes,4000,UPI,Aman Sharma,Morning,No,Walk-in,19.2,64,Inactive,6000,"Prolift Fitness Gym, Wadi, Nagpur"
PFG20250833,Ritesh Borkar,Male,24,Government Employee,2025-07-01,Quarterly,3000,No,0,UPI,Shubham Kale,Morning,No,Banner,30.0,92,Active,6000,"Prolift Fitness Gym, Wadi, Nagpur"
PFG20250028,Ankit Tiwari,Male,20,Business,2025-12-01,Monthly,900,No,0,UPI,Shubham Kale,Evening,No,Instagram,24.1,94,Active,6000,"Prolift Fitness Gym, Wadi, Nagpur"
PFG20250805,Aman Patel,Male,29,Student,2025-01-28,Quarterly,3000,No,0,Cash,Akshay Deshmukh,Morning,Yes,Existing Member,31.3,59,Active,6000,"Prolift Fitness Gym, Wadi, Nagpur"
PFG20251082,Nikhil Borkar,Male,28,Freelancer,2025-11-15,Monthly,900,No,0,UPI,Rohit Patil,Evening,Yes,Existing Member,32.6,97,Inactive,6000,"Prolift Fitness Gym, Wadi, Nagpur"
PFG20250956,Ritesh Mishra,Male,21,Government Employee,2025-01-24,Monthly,900,No,0,Card,Shubham Kale,Evening,Yes,Google,26.4,90,Inactive,6000,"Prolift Fitness Gym, Wadi, Nagpur"
PFG20251032,Simran Kulkarni,Female,24,Government Employee,2025-10-26,Monthly,900,No,0,UPI,Rohit Patil,Evening,Yes,Google,19.3,95,Active,6000,"Prolift Fitness Gym, Wadi, Nagpur"
PFG20250974,Ritesh Joshi,Male,23,Business,2025-02-26,Monthly,900,No,0,Cash,Shubham Kale,Morning,No,Google,30.7,104,Active,6000,"Prolift Fitness Gym, Wadi, Nagpur"
PFG20250165,Ankit Thakur,Male,20,Student,2025-11-22,Yearly,8000,No,0,Cash,Shubham Kale,Evening,Yes,Instagram,33.5,98,Inactive,6000,"Prolift Fitness Gym, Wadi, Nagpur"
PFG20250566,Neha Kulkarni,Female,28,Student,2025-11-28,Monthly,900,Yes,2500,UPI,Aman Sharma,Evening,Yes,Friend Referral,23.8,86,Active,6000,"Prolift Fitness Gym, Wadi, Nagpur"
PFG20251005,Yash Rao,Male,21,Housewife,2025-03-04,Yearly,8000,Yes,2500,UPI,Rohit Patil,Evening,Yes,Friend Referral,32.4,60,Active,6000,"Prolift Fitness Gym, Wadi, Nagpur"
PFG20250045,Aditya Borkar,Male,24,Business,2025-12-20,Half Yearly,5000,No,0,UPI,Akshay Deshmukh,Evening,Yes,Friend Referral,20.4,88,Active,6000,"Prolift Fitness Gym, Wadi, Nagpur"
PFG20250040,Ritesh Patel,Male,22,Freelancer,2025-02-21,Quarterly,3000,No,0,UPI,Akshay Deshmukh,Evening,No,Friend Referral,22.0,88,Active,6000,"Prolift Fitness Gym, Wadi, Nagpur"
PFG20250396,Harsh Rao,Male,18,Government Employee,2025-03-07,Yearly,8000,Yes,3000,Cash,Shubham Kale,Evening,Yes,Instagram,25.2,89,Active,6000,"Prolift Fitness Gym, Wadi, Nagpur"
PFG20251144,Ishita Kale,Female,21,Freelancer,2025-01-11,Monthly,900,Yes,2500,Card,Shubham Kale,Morning,No,Friend Referral,26.3,67,Active,6000,"Prolift Fitness Gym, Wadi, Nagpur"
PFG20250171,Rahul Verma,Male,24,Working Professional,2025-11-11,Monthly,900,No,0,Card,Shubham Kale,Evening,Yes,Instagram,31.7,58,Active,6000,"Prolift Fitness Gym, Wadi, Nagpur"
PFG20250034,Harsh Patil,Male,27,Government Employee,2025-10-07,Monthly,900,No,0,UPI,Aman Sharma,Morning,Yes,Friend Referral,28.2,77,Active,6000,"Prolift Fitness Gym, Wadi, Nagpur"
PFG20250105,Krishna Patil,Male,21,Student,2025-01-27,Yearly,8000,No,0,Card,Rohit Patil,Evening,Yes,Walk-in,26.1,60,Inactive,6000,"Prolift Fitness Gym, Wadi, Nagpur"
PFG20251032,Simran Kulkarni,Female,24,Government Employee,2025-12-24,Monthly,900,Yes,3000,Cash,Rohit Patil,Morning,Yes,Google,33.5,64,Active,6000,"Prolift Fitness Gym, Wadi, Nagpur"
PFG20250813,Ritesh Joshi,Male,21,Working Professional,2025-12-13,Half Yearly,5000,No,0,Cash,Shubham Kale,Evening,Yes,Instagram,32.8,85,Active,6000,"Prolift Fitness Gym, Wadi, Nagpur"
PFG20250237,Pranav Mishra,Male,27,Working Professional,2025-03-02,Monthly,900,Yes,2500,Card,Aman Sharma,Evening,No,Google,32.2,54,Active,6000,"Prolift Fitness Gym, Wadi, Nagpur"
PFG20250356,Pooja Joshi,Female,26,Housewife,2025-09-09,Monthly,900,Yes,2500,Cash,Shubham Kale,Morning,No,Friend Referral,29.0,75,Active,6000,"Prolift Fitness Gym, Wadi, Nagpur"
PFG20250075,Karan Jain,Male,18,Working Professional,2025-01-15,Quarterly,3000,Yes,2500,UPI,Shubham Kale,Morning,No,Instagram,32.1,64,Active,6000,"Prolift Fitness Gym, Wadi, Nagpur"
PFG20250099,Karan Borkar,Male,24,Working Professional,2025-11-20,Monthly,900,No,0,UPI,Shubham Kale,Evening,Yes,Walk-in,26.6,71,Inactive,6000,"Prolift Fitness Gym, Wadi, Nagpur"
PFG20250421,Rahul Borkar,Male,21,Freelancer,2025-04-04,Yearly,8000,No,0,Cash,Akshay Deshmukh,Evening,Yes,Instagram,18.9,67,Inactive,6000,"Prolift Fitness Gym, Wadi, Nagpur"
PFG20250325,Pranav Rao,Male,21,Business,2025-02-26,Monthly,900,No,0,Cash,Akshay Deshmukh,Morning,No,Friend Referral,22.6,59,Active,6000,"Prolift Fitness Gym, Wadi, Nagpur"
PFG20250143,Vivaan Wankhede,Male,18,Working Professional,2025-02-18,Yearly,8000,Yes,4000,UPI,Shubham Kale,Evening,Yes,Instagram,23.0,66,Active,6000,"Prolift Fitness Gym, Wadi, Nagpur"
PFG20250979,Rohan Kale,Male,24,Housewife,2025-03-03,Monthly,900,No,0,Cash,Aman Sharma,Evening,No,Friend Referral,31.7,51,Active,6000,"Prolift Fitness Gym, Wadi, Nagpur"
PFG20251127,Sneha Kale,Female,19,Freelancer,2025-07-13,Half Yearly,5000,No,0,Card,Aman Sharma,Morning,No,Walk-in,23.1,64,Inactive,6000,"Prolift Fitness Gym, Wadi, Nagpur"
PFG20250211,Atharva Kale,Male,28,Student,2025-02-10,Quarterly,3000,No,0,Card,Aman Sharma,Morning,Yes,Banner,28.5,76,Active,6000,"Prolift Fitness Gym, Wadi, Nagpur"
PFG20250570,Ananya Joshi,Female,29,Working Professional,2025-04-14,Monthly,900,No,0,UPI,Shubham Kale,Evening,Yes,Existing Member,29.4,70,Inactive,6000,"Prolift Fitness Gym, Wadi, Nagpur"
PFG20250159,Aarav Yadav,Male,24,Business,2025-02-14,Quarterly,3000,No,0,Cash,Shubham Kale,Evening,Yes,Friend Referral,21.9,102,Active,6000,"Prolift Fitness Gym, Wadi, Nagpur"
PFG20250746,Shubham Verma,Male,26,Business,2025-10-12,Monthly,900,No,0,UPI,Rohit Patil,Morning,Yes,Banner,23.3,83,Inactive,6000,"Prolift Fitness Gym, Wadi, Nagpur"
PFG20250112,Riya Sharma,Female,25,Student,2025-01-11,Monthly,900,Yes,4000,UPI,Aman Sharma,Evening,No,Friend Referral,25.5,96,Active,6000,"Prolift Fitness Gym, Wadi, Nagpur"
PFG20250662,Arjun Yadav,Male,25,Student,2025-01-21,Quarterly,3000,No,0,UPI,Rohit Patil,Morning,No,Friend Referral,20.3,61,Active,6000,"Prolift Fitness Gym, Wadi, Nagpur"
PFG20250043,Aman Rao,Male,19,Business,2025-12-04,Monthly,900,No,0,Cash,Rohit Patil,Morning,Yes,Friend Referral,30.9,85,Active,6000,"Prolift Fitness Gym, Wadi, Nagpur"
PFG20250255,Ankit Gupta,Male,21,Housewife,2025-12-27,Monthly,900,No,0,UPI,Akshay Deshmukh,Morning,Yes,Walk-in,19.3,97,Active,6000,"Prolift Fitness Gym, Wadi, Nagpur"
PFG20250324,Om Jain,Male,23,Government Employee,2025-12-08,Half Yearly,5000,No,0,UPI,Akshay Deshmukh,Morning,Yes,Friend Referral,25.9,97,Active,6000,"Prolift Fitness Gym, Wadi, Nagpur"
PFG20250980,Nikhil Borkar,Male,29,Government Employee,2025-05-17,Monthly,900,No,0,UPI,Aman Sharma,Evening,Yes,Friend Referral,27.2,90,Active,6000,"Prolift Fitness Gym, Wadi, Nagpur"
PFG20251035,Harsh Kulkarni,Male,26,Business,2025-03-08,Half Yearly,5000,Yes,3000,UPI,Rohit Patil,Evening,Yes,Instagram,21.6,56,Active,6000,"Prolift Fitness Gym, Wadi, Nagpur"
PFG20250303,Karan Thakur,Male,26,Freelancer,2025-12-24,Half Yearly,5000,No,0,UPI,Rohit Patil,Morning,Yes,Banner,32.9,74,Active,6000,"Prolift Fitness Gym, Wadi, Nagpur"
PFG20250033,Atharva Joshi,Male,30,Government Employee,2025-02-02,Quarterly,3000,No,0,Card,Rohit Patil,Evening,Yes,Friend Referral,32.7,65,Active,6000,"Prolift Fitness Gym, Wadi, Nagpur"
PFG20250193,Shubham Yadav,Male,28,Business,2025-11-25,Monthly,900,No,0,UPI,Akshay Deshmukh,Evening,Yes,Walk-in,19.5,78,Active,6000,"Prolift Fitness Gym, Wadi, Nagpur"
PFG20250363,Aarav Kulkarni,Male,30,Business,2025-11-25,Yearly,8000,No,0,Cash,Akshay Deshmukh,Morning,Yes,Walk-in,20.8,70,Active,6000,"Prolift Fitness Gym, Wadi, Nagpur"
PFG20250899,Aarav Kale,Male,26,Freelancer,2025-01-02,Monthly,900,No,0,UPI,Aman Sharma,Evening,Yes,Instagram,22.1,89,Active,6000,"Prolift Fitness Gym, Wadi, Nagpur"
PFG20250845,Ankit Kale,Male,29,Working Professional,2025-04-25,Quarterly,3000,No,0,UPI,Akshay Deshmukh,Evening,No,Friend Referral,20.8,70,Active,6000,"Prolift Fitness Gym, Wadi, Nagpur"
PFG20250374,Tanvi Jain,Female,20,Government Employee,2025-12-17,Half Yearly,5000,Yes,2500,UPI,Shubham Kale,Evening,No,Friend Referral,18.7,64,Active,6000,"Prolift Fitness Gym, Wadi, Nagpur"
PFG20251154,Ananya Deshmukh,Female,21,Working Professional,2025-11-11,Quarterly,3000,No,0,UPI,Aman Sharma,Evening,Yes,Instagram,31.3,57,Active,6000,"Prolift Fitness Gym, Wadi, Nagpur"
PFG20251097,Sakshi Mishra,Female,20,Working Professional,2025-11-01,Half Yearly,5000,No,0,UPI,Shubham Kale,Morning,No,Instagram,25.8,66,Inactive,6000,"Prolift Fitness Gym, Wadi, Nagpur"
PFG20250182,Ritesh Yadav,Male,28,Working Professional,2025-11-24,Monthly,900,No,0,Cash,Aman Sharma,Evening,Yes,Walk-in,33.1,90,Active,6000,"Prolift Fitness Gym, Wadi, Nagpur"
PFG20250756,Harsh Sharma,Male,30,Housewife,2025-09-13,Monthly,900,Yes,3000,UPI,Rohit Patil,Morning,Yes,Friend Referral,19.2,51,Active,6000,"Prolift Fitness Gym, Wadi, Nagpur"
PFG20250660,Atharva Patel,Male,28,Working Professional,2025-09-01,Quarterly,3000,Yes,4000,UPI,Aman Sharma,Evening,No,Instagram,28.8,103,Inactive,6000,"Prolift Fitness Gym, Wadi, Nagpur"
PFG20250667,Priya Kale,Female,30,Freelancer,2025-07-06,Monthly,900,No,0,Cash,Akshay Deshmukh,Evening,Yes,Instagram,33.1,53,Active,6000,"Prolift Fitness Gym, Wadi, Nagpur"
PFG20250257,Sahil Deshmukh,Male,19,Student,2025-10-13,Yearly,8000,Yes,3000,Cash,Aman Sharma,Morning,Yes,Friend Referral,22.2,75,Inactive,6000,"Prolift Fitness Gym, Wadi, Nagpur"
PFG20250423,Karan Jain,Male,21,Government Employee,2025-08-27,Monthly,900,Yes,4000,Cash,Shubham Kale,Evening,Yes,Instagram,25.7,76,Active,6000,"Prolift Fitness Gym, Wadi, Nagpur"
PFG20250547,Harsh Mishra,Male,28,Government Employee,2025-07-06,Quarterly,3000,No,0,UPI,Aman Sharma,Evening,No,Instagram,33.5,61,Active,6000,"Prolift Fitness Gym, Wadi, Nagpur"
PFG20250810,Vedant Verma,Male,23,Working Professional,2025-04-22,Monthly,900,No,0,UPI,Aman Sharma,Evening,Yes,Friend Referral,30.3,80,Active,6000,"Prolift Fitness Gym, Wadi, Nagpur"
PFG20250714,Ankit Tiwari,Male,20,Housewife,2025-02-19,Yearly,8000,Yes,2500,UPI,Akshay Deshmukh,Evening,Yes,Friend Referral,31.8,50,Active,6000,"Prolift Fitness Gym, Wadi, Nagpur"
PFG20250674,Om Rao,Male,26,Working Professional,2025-01-23,Quarterly,3000,No,0,UPI,Rohit Patil,Morning,Yes,Friend Referral,23.2,81,Active,6000,"Prolift Fitness Gym, Wadi, Nagpur"
PFG20250643,Krishna Gupta,Male,28,Working Professional,2025-10-16,Monthly,900,No,0,Cash,Akshay Deshmukh,Morning,Yes,Instagram,29.2,68,Active,6000,"Prolift Fitness Gym, Wadi, Nagpur"
PFG20251097,Sakshi Mishra,Female,20,Working Professional,2025-06-24,Monthly,900,Yes,4000,UPI,Shubham Kale,Evening,Yes,Instagram,28.3,70,Active,6000,"Prolift Fitness Gym, Wadi, Nagpur"
PFG20250752,Atharva Joshi,Male,22,Working Professional,2025-01-07,Monthly,900,No,0,Cash,Rohit Patil,Morning,Yes,Banner,20.8,92,Inactive,6000,"Prolift Fitness Gym, Wadi, Nagpur"
PFG20250070,Priya Deshmukh,Female,22,Government Employee,2025-04-26,Monthly,900,Yes,3000,UPI,Shubham Kale,Evening,Yes,Friend Referral,25.2,87,Inactive,6000,"Prolift Fitness Gym, Wadi, Nagpur"
PFG20250221,Shruti Chaudhary,Female,20,Business,2025-10-14,Yearly,8000,No,0,Cash,Shubham Kale,Morning,Yes,Existing Member,24.4,104,Active,6000,"Prolift Fitness Gym, Wadi, Nagpur"
PFG20250870,Om Patil,Male,28,Housewife,2025-11-05,Monthly,900,No,0,UPI,Akshay Deshmukh,Morning,Yes,Banner,20.8,83,Active,6000,"Prolift Fitness Gym, Wadi, Nagpur"
PFG20250384,Om Verma,Male,22,Student,2025-06-14,Half Yearly,5000,No,0,UPI,Shubham Kale,Morning,Yes,Walk-in,28.9,105,Active,6000,"Prolift Fitness Gym, Wadi, Nagpur"
PFG20250035,Vivaan Kale,Male,18,Freelancer,2025-10-17,Quarterly,3000,No,0,UPI,Shubham Kale,Evening,Yes,Friend Referral,32.0,79,Active,6000,"Prolift Fitness Gym, Wadi, Nagpur"
PFG20250245,Atharva Patel,Male,21,Business,2025-02-28,Quarterly,3000,No,0,Card,Akshay Deshmukh,Morning,Yes,Google,23.0,88,Active,6000,"Prolift Fitness Gym, Wadi, Nagpur"
PFG20250317,Aditya Joshi,Male,19,Housewife,2025-05-16,Monthly,900,No,0,Cash,Rohit Patil,Evening,Yes,Existing Member,22.6,70,Active,6000,"Prolift Fitness Gym, Wadi, Nagpur"
PFG20250357,Yash Patel,Male,23,Government Employee,2025-09-10,Quarterly,3000,No,0,UPI,Aman Sharma,Morning,Yes,Friend Referral,29.4,84,Active,6000,"Prolift Fitness Gym, Wadi, Nagpur"
PFG20251004,Nikhil Jain,Male,26,Government Employee,2025-11-08,Half Yearly,5000,No,0,Cash,Shubham Kale,Morning,No,Walk-in,30.4,89,Active,6000,"Prolift Fitness Gym, Wadi, Nagpur"
PFG20251109,Yash Verma,Male,29,Freelancer,2025-04-23,Monthly,900,No,0,UPI,Rohit Patil,Evening,No,Friend Referral,23.9,50,Active,6000,"Prolift Fitness Gym, Wadi, Nagpur"
PFG20250614,Siddharth Verma,Male,27,Housewife,2025-11-08,Quarterly,3000,No,0,UPI,Shubham Kale,Evening,No,Friend Referral,27.6,98,Active,6000,"Prolift Fitness Gym, Wadi, Nagpur"
PFG20251137,Rahul Kulkarni,Male,22,Student,2025-02-23,Half Yearly,5000,No,0,UPI,Aman Sharma,Evening,No,Instagram,25.5,58,Inactive,6000,"Prolift Fitness Gym, Wadi, Nagpur"
PFG20250077,Atharva Rao,Male,20,Business,2025-02-04,Monthly,900,No,0,UPI,Rohit Patil,Morning,Yes,Friend Referral,31.0,75,Inactive,6000,"Prolift Fitness Gym, Wadi, Nagpur"
PFG20251095,Simran Borkar,Female,27,Working Professional,2025-11-23,Half Yearly,5000,No,0,UPI,Rohit Patil,Morning,Yes,Instagram,23.7,64,Inactive,6000,"Prolift Fitness Gym, Wadi, Nagpur"
PFG20250738,Shubham Joshi,Male,30,Business,2025-12-09,Quarterly,3000,No,0,UPI,Aman Sharma,Evening,Yes,Instagram,31.8,58,Active,6000,"Prolift Fitness Gym, Wadi, Nagpur"
PFG20250839,Shubham Jain,Male,26,Working Professional,2025-02-15,Monthly,900,Yes,3000,Cash,Aman Sharma,Morning,No,Instagram,27.9,79,Active,6000,"Prolift Fitness Gym, Wadi, Nagpur"
PFG20250531,Yash Tiwari,Male,24,Government Employee,2025-01-08,Yearly,8000,No,0,Card,Shubham Kale,Evening,No,Friend Referral,23.7,91,Active,6000,"Prolift Fitness Gym, Wadi, Nagpur"
PFG20250976,Tanvi Thakur,Female,28,Government Employee,2025-12-23,Yearly,8000,No,0,Cash,Akshay Deshmukh,Evening,No,Friend Referral,31.1,105,Inactive,6000,"Prolift Fitness Gym, Wadi, Nagpur"
PFG20250787,Vivaan Kale,Male,18,Student,2025-01-24,Monthly,900,No,0,Cash,Aman Sharma,Morning,Yes,Instagram,31.7,51,Active,6000,"Prolift Fitness Gym, Wadi, Nagpur"
PFG20250995,Vedant Patel,Male,27,Government Employee,2025-04-05,Monthly,900,No,0,Card,Shubham Kale,Morning,No,Instagram,30.5,100,Active,6000,"Prolift Fitness Gym, Wadi, Nagpur"
PFG20250083,Ishita Wankhede,Female,25,Business,2025-04-16,Yearly,8000,Yes,3000,Cash,Aman Sharma,Morning,Yes,Friend Referral,23.2,59,Inactive,6000,"Prolift Fitness Gym, Wadi, Nagpur"
PFG20250346,Harsh Kulkarni,Male,26,Working Professional,2025-04-08,Yearly,8000,Yes,3000,UPI,Aman Sharma,Evening,Yes,Instagram,27.9,94,Active,6000,"Prolift Fitness Gym, Wadi, Nagpur"
PFG20250498,Sahil Patil,Male,23,Student,2025-01-10,Quarterly,3000,Yes,4000,UPI,Aman Sharma,Evening,No,Friend Referral,31.6,74,Active,6000,"Prolift Fitness Gym, Wadi, Nagpur"
PFG20250347,Krishna Yadav,Male,21,Freelancer,2025-05-06,Quarterly,3000,No,0,UPI,Akshay Deshmukh,Evening,Yes,Walk-in,26.0,75,Active,6000,"Prolift Fitness Gym, Wadi, Nagpur"
PFG20250722,Ankit Tiwari,Male,25,Working Professional,2025-12-06,Quarterly,3000,No,0,UPI,Shubham Kale,Evening,Yes,Existing Member,26.1,65,Active,6000,"Prolift Fitness Gym, Wadi, Nagpur"
PFG20250571,Sakshi Patil,Female,30,Student,2025-12-05,Yearly,8000,No,0,Card,Shubham Kale,Evening,Yes,Existing Member,19.6,94,Inactive,6000,"Prolift Fitness Gym, Wadi, Nagpur"
PFG20250925,Ritesh Tiwari,Male,21,Business,2025-10-04,Yearly,8000,No,0,UPI,Rohit Patil,Evening,Yes,Walk-in,22.1,99,Active,6000,"Prolift Fitness Gym, Wadi, Nagpur"
PFG20250198,Siddharth Verma,Male,29,Housewife,2025-04-02,Monthly,900,Yes,2500,Cash,Aman Sharma,Morning,Yes,Existing Member,31.2,94,Inactive,6000,"Prolift Fitness Gym, Wadi, Nagpur"
PFG20250203,Aman Patil,Male,22,Student,2025-01-16,Monthly,900,No,0,Cash,Shubham Kale,Morning,Yes,Instagram,22.0,73,Active,6000,"Prolift Fitness Gym, Wadi, Nagpur"
PFG20251076,Vivaan Gupta,Male,18,Freelancer,2025-04-08,Quarterly,3000,No,0,Card,Aman Sharma,Morning,Yes,Walk-in,25.4,77,Active,6000,"Prolift Fitness Gym, Wadi, Nagpur"
PFG20250735,Vivaan Verma,Male,24,Working Professional,2025-01-18,Monthly,900,No,0,Card,Rohit Patil,Morning,No,Instagram,19.9,92,Active,6000,"Prolift Fitness Gym, Wadi, Nagpur"
PFG20251108,Nikhil Wankhede,Male,21,Freelancer,2025-04-06,Monthly,900,No,0,UPI,Akshay Deshmukh,Evening,Yes,Instagram,31.4,60,Active,6000,"Prolift Fitness Gym, Wadi, Nagpur"
PFG20250402,Kavya Rao,Female,28,Business,2025-11-12,Quarterly,3000,No,0,Cash,Rohit Patil,Morning,Yes,Instagram,23.3,74,Active,6000,"Prolift Fitness Gym, Wadi, Nagpur"
PFG20250741,Rahul Gupta,Male,24,Working Professional,2025-11-11,Monthly,900,No,0,Cash,Rohit Patil,Morning,Yes,Friend Referral,27.3,93,Inactive,6000,"Prolift Fitness Gym, Wadi, Nagpur"
PFG20250033,Atharva Joshi,Male,30,Government Employee,2025-02-11,Quarterly,3000,Yes,4000,UPI,Rohit Patil,Evening,No,Friend Referral,18.7,83,Active,6000,"Prolift Fitness Gym, Wadi, Nagpur"
PFG20250008,Nikhil Patel,Male,20,Business,2025-12-11,Monthly,900,Yes,4000,UPI,Rohit Patil,Morning,No,Friend Referral,27.6,104,Active,6000,"Prolift Fitness Gym, Wadi, Nagpur"
PFG20250330,Nikhil Gupta,Male,21,Working Professional,2025-11-08,Half Yearly,5000,No,0,UPI,Akshay Deshmukh,Morning,Yes,Friend Referral,23.7,69,Active,6000,"Prolift Fitness Gym, Wadi, Nagpur"
PFG20250434,Ankit Joshi,Male,24,Working Professional,2025-07-21,Half Yearly,5000,No,0,Card,Rohit Patil,Morning,No,Friend Referral,22.1,89,Active,6000,"Prolift Fitness Gym, Wadi, Nagpur"
PFG20250122,Krishna Borkar,Male,20,Government Employee,2025-01-23,Quarterly,3000,No,0,Card,Akshay Deshmukh,Morning,Yes,Friend Referral,25.8,59,Active,6000,"Prolift Fitness Gym, Wadi, Nagpur"
PFG20250333,Siddharth Rao,Male,29,Freelancer,2025-03-09,Yearly,8000,No,0,Card,Aman Sharma,Evening,Yes,Friend Referral,33.3,91,Active,6000,"Prolift Fitness Gym, Wadi, Nagpur"
PFG20250499,Aditya Kulkarni,Male,28,Government Employee,2025-02-28,Quarterly,3000,No,0,UPI,Akshay Deshmukh,Morning,No,Walk-in,27.7,82,Active,6000,"Prolift Fitness Gym, Wadi, Nagpur"
PFG20250433,Kavya Gupta,Female,22,Housewife,2025-12-28,Monthly,900,No,0,Card,Aman Sharma,Morning,No,Walk-in,26.9,64,Active,6000,"Prolift Fitness Gym, Wadi, Nagpur"
PFG20250734,Akash Borkar,Male,26,Housewife,2025-06-03,Monthly,900,No,0,UPI,Aman Sharma,Morning,No,Instagram,30.6,89,Active,6000,"Prolift Fitness Gym, Wadi, Nagpur"
PFG20250986,Atharva Yadav,Male,26,Housewife,2025-01-21,Half Yearly,5000,No,0,UPI,Shubham Kale,Evening,Yes,Friend Referral,19.4,57,Active,6000,"Prolift Fitness Gym, Wadi, Nagpur"
PFG20250323,Aarav Borkar,Male,19,Business,2025-12-03,Quarterly,3000,No,0,Cash,Aman Sharma,Morning,Yes,Friend Referral,25.4,49,Active,6000,"Prolift Fitness Gym, Wadi, Nagpur"
PFG20250588,Vedant Wankhede,Male,30,Student,2025-12-24,Monthly,900,No,0,UPI,Aman Sharma,Evening,Yes,Friend Referral,30.6,99,Active,6000,"Prolift Fitness Gym, Wadi, Nagpur"
PFG20250959,Pranav Borkar,Male,21,Freelancer,2025-02-28,Quarterly,3000,No,0,Cash,Akshay Deshmukh,Evening,Yes,Existing Member,20.0,87,Active,6000,"Prolift Fitness Gym, Wadi, Nagpur"
PFG20250623,Rohan Patil,Male,27,Business,2025-01-06,Monthly,900,No,0,UPI,Rohit Patil,Evening,No,Walk-in,31.1,103,Active,6000,"Prolift Fitness Gym, Wadi, Nagpur"
PFG20250398,Sahil Patil,Male,24,Freelancer,2025-05-11,Monthly,900,No,0,Cash,Akshay Deshmukh,Morning,Yes,Instagram,31.0,90,Active,6000,"Prolift Fitness Gym, Wadi, Nagpur"
PFG20250790,Vivaan Joshi,Male,27,Freelancer,2025-04-21,Monthly,900,No,0,UPI,Shubham Kale,Evening,Yes,Walk-in,21.7,66,Active,6000,"Prolift Fitness Gym, Wadi, Nagpur"
PFG20250308,Shruti Patil,Female,25,Freelancer,2025-01-15,Quarterly,3000,No,0,Cash,Shubham Kale,Morning,Yes,Walk-in,21.9,94,Inactive,6000,"Prolift Fitness Gym, Wadi, Nagpur"
PFG20250526,Om Mishra,Male,23,Freelancer,2025-05-22,Monthly,900,No,0,Card,Shubham Kale,Evening,No,Walk-in,33.2,99,Active,6000,"Prolift Fitness Gym, Wadi, Nagpur"
PFG20250753,Pooja Verma,Female,26,Housewife,2025-12-24,Monthly,900,No,0,Cash,Aman Sharma,Evening,Yes,Instagram,31.2,84,Active,6000,"Prolift Fitness Gym, Wadi, Nagpur"
PFG20250103,Harsh Sharma,Male,26,Working Professional,2025-11-28,Quarterly,3000,No,0,Card,Rohit Patil,Evening,No,Instagram,25.2,87,Active,6000,"Prolift Fitness Gym, Wadi, Nagpur"
PFG20250069,Om Verma,Male,26,Working Professional,2025-01-20,Yearly,8000,Yes,2500,Cash,Akshay Deshmukh,Morning,Yes,Friend Referral,25.6,90,Inactive,6000,"Prolift Fitness Gym, Wadi, Nagpur"
PFG20250929,Harsh Chaudhary,Male,19,Student,2025-10-15,Quarterly,3000,No,0,UPI,Aman Sharma,Evening,No,Instagram,29.7,72,Active,6000,"Prolift Fitness Gym, Wadi, Nagpur"
PFG20250502,Krishna Kale,Male,20,Freelancer,2025-09-25,Yearly,8000,Yes,2500,UPI,Rohit Patil,Morning,Yes,Friend Referral,22.8,66,Active,6000,"Prolift Fitness Gym, Wadi, Nagpur"
PFG20250128,Krishna Rao,Male,20,Housewife,2025-12-20,Monthly,900,No,0,UPI,Akshay Deshmukh,Evening,No,Banner,20.7,95,Active,6000,"Prolift Fitness Gym, Wadi, Nagpur"
PFG20250731,Tanvi Gupta,Female,29,Business,2025-12-01,Quarterly,3000,No,0,Cash,Akshay Deshmukh,Evening,No,Instagram,23.8,78,Inactive,6000,"Prolift Fitness Gym, Wadi, Nagpur"
PFG20250755,Ananya Mishra,Female,29,Business,2025-01-27,Monthly,900,No,0,UPI,Aman Sharma,Evening,Yes,Friend Referral,21.4,55,Active,6000,"Prolift Fitness Gym, Wadi, Nagpur"
PFG20250678,Nikita Thakur,Female,20,Government Employee,2025-07-22,Yearly,8000,Yes,4000,Cash,Shubham Kale,Evening,Yes,Instagram,28.2,105,Active,6000,"Prolift Fitness Gym, Wadi, Nagpur"
PFG20250277,Kavya Yadav,Female,27,Freelancer,2025-11-15,Quarterly,3000,No,0,Card,Akshay Deshmukh,Morning,Yes,Instagram,19.3,71,Active,6000,"Prolift Fitness Gym, Wadi, Nagpur"
PFG20251072,Nikita Verma,Female,30,Working Professional,2025-01-25,Monthly,900,No,0,Card,Shubham Kale,Evening,Yes,Friend Referral,27.4,51,Active,6000,"Prolift Fitness Gym, Wadi, Nagpur"
PFG20250501,Yash Jain,Male,24,Government Employee,2025-02-11,Yearly,8000,Yes,3000,UPI,Shubham Kale,Evening,Yes,Instagram,32.9,57,Inactive,6000,"Prolift Fitness Gym, Wadi, Nagpur"
PFG20250793,Priya Deshmukh,Female,22,Student,2025-11-22,Yearly,8000,No,0,Card,Aman Sharma,Morning,Yes,Friend Referral,19.2,105,Active,6000,"Prolift Fitness Gym, Wadi, Nagpur"
PFG20250264,Priya Gupta,Female,19,Government Employee,2025-01-06,Monthly,900,Yes,2500,Card,Rohit Patil,Evening,No,Google,28.9,75,Active,6000,"Prolift Fitness Gym, Wadi, Nagpur"
PFG20251145,Ankit Patel,Male,19,Business,2025-11-24,Monthly,900,No,0,UPI,Shubham Kale,Evening,Yes,Friend Referral,20.6,72,Active,6000,"Prolift Fitness Gym, Wadi, Nagpur"
PFG20250263,Akash Wankhede,Male,20,Student,2025-05-12,Monthly,900,Yes,3000,Cash,Akshay Deshmukh,Evening,Yes,Google,28.0,98,Active,6000,"Prolift Fitness Gym, Wadi, Nagpur"
PFG20250730,Om Tiwari,Male,25,Business,2025-03-12,Monthly,900,Yes,4000,UPI,Aman Sharma,Evening,No,Existing Member,25.5,100,Inactive,6000,"Prolift Fitness Gym, Wadi, Nagpur"
PFG20250751,Ritesh Rao,Male,23,Freelancer,2025-11-10,Half Yearly,5000,No,0,UPI,Akshay Deshmukh,Evening,No,Banner,20.3,97,Active,6000,"Prolift Fitness Gym, Wadi, Nagpur"
PFG20250318,Om Deshmukh,Male,20,Freelancer,2025-04-13,Quarterly,3000,No,0,Card,Aman Sharma,Morning,Yes,Friend Referral,28.7,67,Active,6000,"Prolift Fitness Gym, Wadi, Nagpur"
PFG20250342,Aarav Jain,Male,21,Housewife,2025-02-02,Monthly,900,No,0,UPI,Aman Sharma,Morning,Yes,Instagram,30.0,50,Active,6000,"Prolift Fitness Gym, Wadi, Nagpur"
PFG20250984,Siddharth Sharma,Male,20,Government Employee,2025-02-02,Half Yearly,5000,No,0,Cash,Rohit Patil,Evening,No,Walk-in,19.8,72,Active,6000,"Prolift Fitness Gym, Wadi, Nagpur"
PFG20250977,Ritesh Borkar,Male,18,Freelancer,2025-12-05,Monthly,900,No,0,UPI,Akshay Deshmukh,Morning,Yes,Friend Referral,32.0,93,Active,6000,"Prolift Fitness Gym, Wadi, Nagpur"
PFG20250493,Yash Patel,Male,24,Working Professional,2025-10-16,Quarterly,3000,No,0,UPI,Aman Sharma,Morning,Yes,Friend Referral,27.2,57,Active,6000,"Prolift Fitness Gym, Wadi, Nagpur"
PFG20250936,Ritesh Verma,Male,25,Housewife,2025-08-16,Monthly,900,No,0,UPI,Shubham Kale,Morning,Yes,Friend Referral,18.9,69,Active,6000,"Prolift Fitness Gym, Wadi, Nagpur"
PFG20250189,Riya Kale,Female,18,Business,2025-01-25,Quarterly,3000,No,0,Card,Shubham Kale,Evening,No,Friend Referral,27.7,56,Active,6000,"Prolift Fitness Gym, Wadi, Nagpur"
PFG20250590,Sahil Rao,Male,21,Housewife,2025-02-14,Quarterly,3000,No,0,UPI,Aman Sharma,Evening,Yes,Instagram,24.5,49,Active,6000,"Prolift Fitness Gym, Wadi, Nagpur"
PFG20250465,Akash Gupta,Male,29,Student,2025-02-22,Monthly,900,Yes,4000,UPI,Akshay Deshmukh,Evening,No,Banner,27.1,76,Active,6000,"Prolift Fitness Gym, Wadi, Nagpur"
PFG20250295,Nikita Rao,Female,29,Government Employee,2025-10-22,Half Yearly,5000,No,0,Cash,Shubham Kale,Morning,Yes,Walk-in,29.3,68,Active,6000,"Prolift Fitness Gym, Wadi, Nagpur"
PFG20250873,Vivaan Borkar,Male,24,Student,2025-01-21,Quarterly,3000,No,0,UPI,Akshay Deshmukh,Morning,Yes,Friend Referral,28.7,92,Active,6000,"Prolift Fitness Gym, Wadi, Nagpur"
PFG20250725,Om Rao,Male,30,Housewife,2025-04-20,Yearly,8000,Yes,4000,Card,Akshay Deshmukh,Morning,Yes,Instagram,23.6,57,Inactive,6000,"Prolift Fitness Gym, Wadi, Nagpur"
PFG20251147,Siddharth Yadav,Male,27,Freelancer,2025-09-26,Yearly,8000,Yes,2500,Cash,Shubham Kale,Morning,Yes,Walk-in,25.8,55,Inactive,6000,"Prolift Fitness Gym, Wadi, Nagpur"
PFG20250300,Vivaan Wankhede,Male,28,Student,2025-11-22,Monthly,900,No,0,Cash,Rohit Patil,Morning,No,Friend Referral,30.6,75,Inactive,6000,"Prolift Fitness Gym, Wadi, Nagpur"
PFG20250106,Rohan Patel,Male,29,Housewife,2025-11-12,Monthly,900,No,0,Card,Rohit Patil,Evening,No,Banner,27.6,100,Active,6000,"Prolift Fitness Gym, Wadi, Nagpur"
PFG20250556,Rohan Rao,Male,21,Housewife,2025-04-14,Yearly,8000,Yes,4000,Card,Rohit Patil,Morning,No,Instagram,30.0,59,Active,6000,"Prolift Fitness Gym, Wadi, Nagpur"
PFG20250071,Muskan Borkar,Female,26,Freelancer,2025-05-20,Yearly,8000,Yes,4000,UPI,Rohit Patil,Evening,Yes,Walk-in,19.3,52,Inactive,6000,"Prolift Fitness Gym, Wadi, Nagpur"
PFG20251068,Priya Gupta,Female,30,Government Employee,2025-03-12,Quarterly,3000,No,0,Cash,Rohit Patil,Morning,Yes,Existing Member,28.9,94,Active,6000,"Prolift Fitness Gym, Wadi, Nagpur"
PFG20250716,Vedant Verma,Male,30,Government Employee,2025-01-20,Yearly,8000,No,0,UPI,Shubham Kale,Morning,Yes,Google,32.2,62,Inactive,6000,"Prolift Fitness Gym, Wadi, Nagpur"
PFG20251060,Aditya Sharma,Male,24,Business,2025-04-03,Half Yearly,5000,No,0,Cash,Akshay Deshmukh,Morning,No,Friend Referral,19.0,89,Active,6000,"Prolift Fitness Gym, Wadi, Nagpur"
PFG20250564,Shubham Rao,Male,30,Housewife,2025-09-09,Yearly,8000,Yes,2500,UPI,Akshay Deshmukh,Morning,No,Walk-in,28.1,87,Active,6000,"Prolift Fitness Gym, Wadi, Nagpur"
PFG20251127,Sneha Kale,Female,19,Freelancer,2025-11-21,Monthly,900,No,0,Cash,Aman Sharma,Evening,Yes,Banner,20.5,83,Active,6000,"Prolift Fitness Gym, Wadi, Nagpur"
PFG20250371,Aditya Verma,Male,27,Housewife,2025-03-21,Yearly,8000,No,0,UPI,Akshay Deshmukh,Evening,No,Google,25.3,77,Active,6000,"Prolift Fitness Gym, Wadi, Nagpur"
PFG20251157,Neha Wankhede,Female,23,Working Professional,2025-03-26,Yearly,8000,Yes,2500,UPI,Aman Sharma,Morning,Yes,Google,19.6,68,Active,6000,"Prolift Fitness Gym, Wadi, Nagpur"
PFG20250949,Om Borkar,Male,26,Student,2025-02-27,Monthly,900,No,0,UPI,Shubham Kale,Evening,Yes,Google,21.0,79,Inactive,6000,"Prolift Fitness Gym, Wadi, Nagpur"
PFG20250151,Rahul Chaudhary,Male,25,Housewife,2025-02-24,Yearly,8000,No,0,Cash,Shubham Kale,Evening,Yes,Friend Referral,24.0,52,Active,6000,"Prolift Fitness Gym, Wadi, Nagpur"
PFG20250572,Nikita Patel,Female,27,Business,2025-01-21,Yearly,8000,Yes,2500,Card,Aman Sharma,Morning,No,Banner,18.7,103,Active,6000,"Prolift Fitness Gym, Wadi, Nagpur"
PFG20250834,Atharva Kale,Male,22,Student,2025-01-27,Monthly,900,No,0,Cash,Rohit Patil,Evening,No,Friend Referral,18.8,85,Active,6000,"Prolift Fitness Gym, Wadi, Nagpur"
PFG20250381,Aarav Joshi,Male,25,Housewife,2025-08-20,Monthly,900,No,0,Card,Akshay Deshmukh,Morning,Yes,Instagram,27.6,83,Active,6000,"Prolift Fitness Gym, Wadi, Nagpur"
PFG20250880,Ananya Borkar,Female,20,Freelancer,2025-11-27,Monthly,900,No,0,UPI,Shubham Kale,Morning,No,Existing Member,28.3,62,Active,6000,"Prolift Fitness Gym, Wadi, Nagpur"
PFG20250779,Akash Rao,Male,22,Working Professional,2025-01-25,Quarterly,3000,No,0,Card,Rohit Patil,Evening,No,Instagram,23.6,54,Active,6000,"Prolift Fitness Gym, Wadi, Nagpur"
PFG20250270,Sahil Tiwari,Male,21,Freelancer,2025-11-21,Monthly,900,Yes,3000,UPI,Shubham Kale,Evening,No,Instagram,19.5,98,Active,6000,"Prolift Fitness Gym, Wadi, Nagpur"
PFG20250842,Simran Verma,Female,22,Freelancer,2025-11-20,Monthly,900,No,0,UPI,Shubham Kale,Morning,No,Walk-in,27.4,98,Active,6000,"Prolift Fitness Gym, Wadi, Nagpur"
PFG20250508,Akash Wankhede,Male,23,Student,2025-12-14,Quarterly,3000,Yes,4000,UPI,Shubham Kale,Evening,Yes,Instagram,31.9,57,Active,6000,"Prolift Fitness Gym, Wadi, Nagpur"
PFG20250425,Shruti Thakur,Female,24,Business,2025-06-14,Quarterly,3000,Yes,3000,UPI,Shubham Kale,Evening,Yes,Existing Member,20.2,53,Active,6000,"Prolift Fitness Gym, Wadi, Nagpur"
PFG20250618,Aarav Verma,Male,23,Freelancer,2025-12-19,Monthly,900,No,0,Card,Shubham Kale,Morning,No,Instagram,21.8,104,Active,6000,"Prolift Fitness Gym, Wadi, Nagpur"
PFG20250192,Pranav Gupta,Male,18,Freelancer,2025-04-15,Half Yearly,5000,No,0,Cash,Rohit Patil,Evening,Yes,Walk-in,22.9,52,Active,6000,"Prolift Fitness Gym, Wadi, Nagpur"
PFG20250729,Simran Tiwari,Female,25,Freelancer,2025-01-11,Monthly,900,Yes,3000,UPI,Rohit Patil,Evening,Yes,Existing Member,27.8,51,Active,6000,"Prolift Fitness Gym, Wadi, Nagpur"
PFG20250932,Nikhil Tiwari,Male,28,Government Employee,2025-11-01,Half Yearly,5000,No,0,UPI,Shubham Kale,Evening,Yes,Walk-in,18.5,58,Active,6000,"Prolift Fitness Gym, Wadi, Nagpur"
PFG20250804,Aarav Mishra,Male,23,Student,2025-11-13,Quarterly,3000,No,0,UPI,Aman Sharma,Evening,No,Instagram,23.9,60,Active,6000,"Prolift Fitness Gym, Wadi, Nagpur"
PFG20250067,Aman Wankhede,Male,21,Business,2025-06-04,Monthly,900,No,0,Card,Aman Sharma,Evening,Yes,Banner,21.2,50,Active,6000,"Prolift Fitness Gym, Wadi, Nagpur"
PFG20250574,Aarav Gupta,Male,20,Government Employee,2025-01-22,Monthly,900,No,0,UPI,Shubham Kale,Morning,No,Friend Referral,25.5,90,Inactive,6000,"Prolift Fitness Gym, Wadi, Nagpur"
PFG20250695,Ankit Deshmukh,Male,22,Student,2025-10-10,Monthly,900,No,0,Cash,Akshay Deshmukh,Evening,Yes,Existing Member,29.4,88,Active,6000,"Prolift Fitness Gym, Wadi, Nagpur"
PFG20251081,Om Sharma,Male,21,Government Employee,2025-11-12,Yearly,8000,No,0,Card,Aman Sharma,Evening,No,Walk-in,24.2,78,Active,6000,"Prolift Fitness Gym, Wadi, Nagpur"
PFG20250319,Shubham Gupta,Male,19,Business,2025-03-03,Quarterly,3000,No,0,Cash,Rohit Patil,Evening,No,Existing Member,22.0,52,Active,6000,"Prolift Fitness Gym, Wadi, Nagpur"
PFG20250939,Sakshi Tiwari,Female,26,Government Employee,2025-04-05,Quarterly,3000,No,0,UPI,Akshay Deshmukh,Morning,Yes,Friend Referral,32.0,92,Active,6000,"Prolift Fitness Gym, Wadi, Nagpur"
PFG20251041,Yash Patel,Male,22,Working Professional,2025-09-08,Monthly,900,No,0,UPI,Rohit Patil,Evening,Yes,Friend Referral,29.3,78,Inactive,6000,"Prolift Fitness Gym, Wadi, Nagpur"
PFG20251020,Simran Rao,Female,29,Freelancer,2025-11-19,Quarterly,3000,No,0,UPI,Rohit Patil,Evening,No,Walk-in,31.1,94,Active,6000,"Prolift Fitness Gym, Wadi, Nagpur"
PFG20250121,Ishita Mishra,Female,20,Freelancer,2025-06-01,Quarterly,3000,No,0,UPI,Aman Sharma,Morning,Yes,Friend Referral,19.6,86,Active,6000,"Prolift Fitness Gym, Wadi, Nagpur"
PFG20251062,Ankit Wankhede,Male,26,Working Professional,2025-11-02,Quarterly,3000,No,0,Card,Rohit Patil,Evening,No,Friend Referral,24.9,87,Inactive,6000,"Prolift Fitness Gym, Wadi, Nagpur"
PFG20250533,Arjun Joshi,Male,24,Government Employee,2025-03-22,Yearly,8000,No,0,UPI,Aman Sharma,Evening,Yes,Google,18.4,101,Active,6000,"Prolift Fitness Gym, Wadi, Nagpur"
PFG20250818,Riya Jain,Female,19,Working Professional,2025-01-23,Quarterly,3000,Yes,2500,UPI,Aman Sharma,Evening,Yes,Instagram,30.3,85,Active,6000,"Prolift Fitness Gym, Wadi, Nagpur"
PFG20251136,Ritesh Gupta,Male,20,Housewife,2025-01-28,Monthly,900,No,0,UPI,Shubham Kale,Evening,No,Friend Referral,24.3,51,Active,6000,"Prolift Fitness Gym, Wadi, Nagpur"
PFG20251096,Aditya Kale,Male,23,Student,2025-12-22,Monthly,900,No,0,Card,Shubham Kale,Morning,Yes,Instagram,23.2,105,Inactive,6000,"Prolift Fitness Gym, Wadi, Nagpur"
PFG20250961,Yash Mishra,Male,21,Housewife,2025-04-03,Monthly,900,No,0,Card,Shubham Kale,Morning,Yes,Friend Referral,23.5,104,Active,6000,"Prolift Fitness Gym, Wadi, Nagpur"
PFG20250951,Ritesh Patil,Male,25,Business,2025-12-22,Yearly,8000,Yes,2500,UPI,Rohit Patil,Morning,No,Existing Member,30.4,72,Active,6000,"Prolift Fitness Gym, Wadi, Nagpur"
PFG20251014,Yash Borkar,Male,23,Business,2025-01-20,Half Yearly,5000,No,0,UPI,Akshay Deshmukh,Evening,Yes,Instagram,18.6,97,Active,6000,"Prolift Fitness Gym, Wadi, Nagpur"
PFG20250411,Sahil Kulkarni,Male,20,Housewife,2025-02-06,Monthly,900,No,0,UPI,Aman Sharma,Morning,Yes,Google,18.2,104,Inactive,6000,"Prolift Fitness Gym, Wadi, Nagpur"
PFG20251150,Yash Tiwari,Male,28,Business,2025-06-24,Monthly,900,No,0,UPI,Aman Sharma,Morning,Yes,Friend Referral,23.2,71,Active,6000,"Prolift Fitness Gym, Wadi, Nagpur"
PFG20250150,Aditya Wankhede,Male,23,Business,2025-02-13,Monthly,900,Yes,3000,Card,Aman Sharma,Morning,No,Friend Referral,29.6,60,Inactive,6000,"Prolift Fitness Gym, Wadi, Nagpur"
PFG20250363,Aarav Kulkarni,Male,30,Business,2025-12-17,Half Yearly,5000,No,0,UPI,Akshay Deshmukh,Evening,Yes,Banner,30.0,91,Active,6000,"Prolift Fitness Gym, Wadi, Nagpur"
PFG20250933,Vedant Tiwari,Male,26,Government Employee,2025-01-16,Quarterly,3000,No,0,Card,Akshay Deshmukh,Morning,No,Banner,22.5,86,Active,6000,"Prolift Fitness Gym, Wadi, Nagpur"
PFG20251053,Simran Tiwari,Female,19,Student,2025-01-05,Monthly,900,No,0,Card,Akshay Deshmukh,Morning,Yes,Google,30.3,66,Active,6000,"Prolift Fitness Gym, Wadi, Nagpur"
PFG20251099,Akash Yadav,Male,21,Business,2025-10-14,Quarterly,3000,No,0,UPI,Aman Sharma,Morning,Yes,Banner,31.3,55,Active,6000,"Prolift Fitness Gym, Wadi, Nagpur"
PFG20250275,Akash Patil,Male,26,Freelancer,2025-01-16,Monthly,900,Yes,2500,UPI,Rohit Patil,Morning,Yes,Friend Referral,25.8,54,Active,6000,"Prolift Fitness Gym, Wadi, Nagpur"
PFG20250630,Aditya Chaudhary,Male,24,Business,2025-05-04,Quarterly,3000,Yes,4000,UPI,Shubham Kale,Evening,Yes,Google,18.5,50,Active,6000,"Prolift Fitness Gym, Wadi, Nagpur"
PFG20250514,Ritesh Jain,Male,22,Housewife,2025-12-19,Quarterly,3000,No,0,UPI,Akshay Deshmukh,Evening,Yes,Instagram,22.0,65,Active,6000,"Prolift Fitness Gym, Wadi, Nagpur"
PFG20250293,Sahil Patel,Male,22,Freelancer,2025-08-20,Half Yearly,5000,No,0,UPI,Shubham Kale,Evening,Yes,Friend Referral,31.6,69,Inactive,6000,"Prolift Fitness Gym, Wadi, Nagpur"
PFG20250186,Harsh Joshi,Male,21,Business,2025-11-07,Monthly,900,No,0,Cash,Akshay Deshmukh,Morning,Yes,Friend Referral,31.5,101,Active,6000,"Prolift Fitness Gym, Wadi, Nagpur"
PFG20250784,Krishna Verma,Male,22,Housewife,2025-06-06,Monthly,900,No,0,UPI,Rohit Patil,Morning,Yes,Instagram,24.7,79,Active,6000,"Prolift Fitness Gym, Wadi, Nagpur"
PFG20250994,Sahil Rao,Male,27,Business,2025-07-23,Yearly,8000,Yes,4000,UPI,Shubham Kale,Morning,No,Google,28.5,55,Active,6000,"Prolift Fitness Gym, Wadi, Nagpur"
PFG20250989,Kavya Thakur,Female,30,Business,2025-12-14,Monthly,900,No,0,UPI,Aman Sharma,Evening,No,Existing Member,22.0,69,Inactive,6000,"Prolift Fitness Gym, Wadi, Nagpur"
PFG20250076,Muskan Sharma,Female,23,Housewife,2025-05-05,Monthly,900,No,0,UPI,Rohit Patil,Morning,Yes,Friend Referral,22.3,97,Inactive,6000,"Prolift Fitness Gym, Wadi, Nagpur"
PFG20250807,Arjun Gupta,Male,27,Housewife,2025-01-19,Quarterly,3000,Yes,2500,Card,Akshay Deshmukh,Evening,Yes,Friend Referral,28.6,62,Active,6000,"Prolift Fitness Gym, Wadi, Nagpur"
PFG20250261,Arjun Patel,Male,24,Housewife,2025-11-21,Monthly,900,No,0,UPI,Shubham Kale,Evening,Yes,Walk-in,25.4,61,Active,6000,"Prolift Fitness Gym, Wadi, Nagpur"
PFG20251167,Atharva Thakur,Male,25,Working Professional,2025-01-27,Monthly,900,Yes,3000,UPI,Rohit Patil,Morning,Yes,Friend Referral,25.7,98,Active,6000,"Prolift Fitness Gym, Wadi, Nagpur"
PFG20251120,Aditya Patel,Male,26,Government Employee,2025-12-09,Monthly,900,No,0,Cash,Shubham Kale,Morning,Yes,Instagram,18.7,102,Active,6000,"Prolift Fitness Gym, Wadi, Nagpur"
PFG20250866,Karan Kale,Male,28,Student,2025-12-14,Half Yearly,5000,Yes,2500,UPI,Akshay Deshmukh,Morning,Yes,Existing Member,30.4,60,Active,6000,"Prolift Fitness Gym, Wadi, Nagpur"
PFG20250153,Shruti Thakur,Female,29,Government Employee,2025-03-07,Half Yearly,5000,No,0,UPI,Aman Sharma,Morning,Yes,Friend Referral,19.7,79,Active,6000,"Prolift Fitness Gym, Wadi, Nagpur"
PFG20250054,Vedant Chaudhary,Male,29,Government Employee,2025-07-02,Monthly,900,No,0,UPI,Aman Sharma,Evening,Yes,Walk-in,20.2,73,Active,6000,"Prolift Fitness Gym, Wadi, Nagpur"
PFG20250383,Ankit Patil,Male,27,Government Employee,2025-09-02,Quarterly,3000,No,0,Cash,Akshay Deshmukh,Evening,Yes,Friend Referral,31.3,54,Active,6000,"Prolift Fitness Gym, Wadi, Nagpur"
PFG20250440,Aarav Yadav,Male,26,Government Employee,2025-01-25,Monthly,900,No,0,UPI,Rohit Patil,Evening,No,Instagram,20.2,81,Active,6000,"Prolift Fitness Gym, Wadi, Nagpur"
PFG20250768,Nikita Sharma,Female,25,Government Employee,2025-12-18,Monthly,900,Yes,3000,UPI,Rohit Patil,Evening,Yes,Walk-in,28.5,55,Active,6000,"Prolift Fitness Gym, Wadi, Nagpur"
PFG20250276,Vivaan Yadav,Male,21,Government Employee,2025-02-23,Quarterly,3000,No,0,Cash,Aman Sharma,Evening,No,Google,33.0,91,Active,6000,"Prolift Fitness Gym, Wadi, Nagpur"
PFG20250072,Pranav Deshmukh,Male,28,Business,2025-04-05,Monthly,900,No,0,Card,Akshay Deshmukh,Evening,Yes,Google,20.9,70,Active,6000,"Prolift Fitness Gym, Wadi, Nagpur"
PFG20251013,Vivaan Deshmukh,Male,26,Government Employee,2025-07-27,Monthly,900,Yes,4000,Card,Rohit Patil,Morning,No,Friend Referral,19.8,105,Inactive,6000,"Prolift Fitness Gym, Wadi, Nagpur"
PFG20250765,Rohan Verma,Male,24,Working Professional,2025-02-17,Half Yearly,5000,No,0,UPI,Shubham Kale,Morning,Yes,Walk-in,25.4,66,Active,6000,"Prolift Fitness Gym, Wadi, Nagpur"
PFG20250808,Karan Wankhede,Male,24,Business,2025-03-11,Monthly,900,Yes,4000,Card,Rohit Patil,Morning,Yes,Friend Referral,25.3,89,Active,6000,"Prolift Fitness Gym, Wadi, Nagpur"
PFG20250107,Om Gupta,Male,22,Business,2025-03-09,Yearly,8000,No,0,UPI,Shubham Kale,Morning,Yes,Friend Referral,33.1,67,Active,6000,"Prolift Fitness Gym, Wadi, Nagpur"
PFG20250388,Om Joshi,Male,24,Business,2025-03-01,Quarterly,3000,No,0,UPI,Rohit Patil,Evening,No,Walk-in,25.1,60,Inactive,6000,"Prolift Fitness Gym, Wadi, Nagpur"
PFG20251008,Ananya Tiwari,Female,20,Government Employee,2025-06-07,Half Yearly,5000,No,0,UPI,Akshay Deshmukh,Evening,No,Friend Referral,31.7,56,Active,6000,"Prolift Fitness Gym, Wadi, Nagpur"
PFG20250479,Nikhil Deshmukh,Male,30,Student,2025-11-21,Quarterly,3000,Yes,4000,UPI,Akshay Deshmukh,Evening,No,Friend Referral,29.8,53,Active,6000,"Prolift Fitness Gym, Wadi, Nagpur"
PFG20250281,Atharva Borkar,Male,29,Business,2025-01-09,Half Yearly,5000,No,0,UPI,Akshay Deshmukh,Evening,No,Existing Member,22.3,75,Active,6000,"Prolift Fitness Gym, Wadi, Nagpur"
PFG20250849,Rahul Wankhede,Male,19,Business,2025-10-06,Monthly,900,No,0,UPI,Shubham Kale,Morning,No,Walk-in,19.0,100,Active,6000,"Prolift Fitness Gym, Wadi, Nagpur"
PFG20250167,Shubham Wankhede,Male,29,Working Professional,2025-03-01,Half Yearly,5000,No,0,UPI,Shubham Kale,Morning,Yes,Instagram,25.3,105,Inactive,6000,"Prolift Fitness Gym, Wadi, Nagpur"
PFG20250358,Sakshi Chaudhary,Female,30,Student,2025-12-18,Quarterly,3000,No,0,UPI,Shubham Kale,Evening,Yes,Friend Referral,23.5,84,Active,6000,"Prolift Fitness Gym, Wadi, Nagpur"
PFG20250274,Rohan Deshmukh,Male,28,Housewife,2025-10-16,Half Yearly,5000,No,0,Card,Shubham Kale,Evening,Yes,Instagram,23.8,57,Active,6000,"Prolift Fitness Gym, Wadi, Nagpur"
PFG20250100,Rahul Chaudhary,Male,19,Student,2025-02-04,Monthly,900,Yes,3000,UPI,Aman Sharma,Morning,Yes,Existing Member,18.9,80,Active,6000,"Prolift Fitness Gym, Wadi, Nagpur"
PFG20250855,Atharva Gupta,Male,19,Business,2025-07-24,Monthly,900,No,0,Card,Aman Sharma,Evening,Yes,Friend Referral,31.6,64,Active,6000,"Prolift Fitness Gym, Wadi, Nagpur"
PFG20250412,Vedant Kulkarni,Male,26,Freelancer,2025-02-24,Monthly,900,No,0,UPI,Akshay Deshmukh,Morning,Yes,Friend Referral,26.4,79,Active,6000,"Prolift Fitness Gym, Wadi, Nagpur"
PFG20250058,Ananya Tiwari,Female,26,Student,2025-06-26,Monthly,900,Yes,4000,UPI,Shubham Kale,Morning,Yes,Walk-in,32.1,99,Inactive,6000,"Prolift Fitness Gym, Wadi, Nagpur"
PFG20250728,Nikhil Kale,Male,25,Working Professional,2025-02-04,Yearly,8000,No,0,UPI,Aman Sharma,Morning,Yes,Friend Referral,31.6,61,Inactive,6000,"Prolift Fitness Gym, Wadi, Nagpur"
PFG20250522,Sneha Deshmukh,Female,29,Freelancer,2025-01-03,Quarterly,3000,No,0,Cash,Rohit Patil,Morning,Yes,Existing Member,28.1,59,Active,6000,"Prolift Fitness Gym, Wadi, Nagpur"
PFG20250238,Vivaan Sharma,Male,23,Working Professional,2025-10-06,Quarterly,3000,Yes,2500,UPI,Akshay Deshmukh,Morning,No,Existing Member,30.0,50,Active,6000,"Prolift Fitness Gym, Wadi, Nagpur"
PFG20251102,Nikita Chaudhary,Female,25,Housewife,2025-03-16,Quarterly,3000,No,0,UPI,Akshay Deshmukh,Evening,No,Friend Referral,23.4,86,Active,6000,"Prolift Fitness Gym, Wadi, Nagpur"
PFG20250179,Priya Deshmukh,Female,25,Business,2025-01-26,Yearly,8000,Yes,4000,UPI,Aman Sharma,Evening,No,Instagram,33.5,102,Active,6000,"Prolift Fitness Gym, Wadi, Nagpur"
PFG20250132,Aditi Chaudhary,Female,25,Working Professional,2025-09-25,Quarterly,3000,No,0,UPI,Rohit Patil,Morning,Yes,Existing Member,32.3,48,Inactive,6000,"Prolift Fitness Gym, Wadi, Nagpur"
PFG20250963,Aarav Kale,Male,19,Government Employee,2025-09-07,Quarterly,3000,Yes,2500,UPI,Shubham Kale,Morning,Yes,Friend Referral,25.1,96,Active,6000,"Prolift Fitness Gym, Wadi, Nagpur"
PFG20250827,Simran Mishra,Female,30,Student,2025-01-22,Monthly,900,No,0,Cash,Aman Sharma,Evening,Yes,Instagram,32.7,72,Active,6000,"Prolift Fitness Gym, Wadi, Nagpur"
PFG20250717,Atharva Chaudhary,Male,19,Freelancer,2025-01-22,Monthly,900,No,0,Cash,Akshay Deshmukh,Morning,No,Google,24.7,66,Active,6000,"Prolift Fitness Gym, Wadi, Nagpur"
PFG20250176,Aman Yadav,Male,23,Housewife,2025-04-17,Half Yearly,5000,No,0,Card,Rohit Patil,Evening,Yes,Friend Referral,25.9,94,Active,6000,"Prolift Fitness Gym, Wadi, Nagpur"
PFG20250532,Rohan Deshmukh,Male,19,Freelancer,2025-05-19,Monthly,900,No,0,UPI,Rohit Patil,Morning,No,Friend Referral,32.8,49,Active,6000,"Prolift Fitness Gym, Wadi, Nagpur"
PFG20250902,Shruti Rao,Female,24,Freelancer,2025-02-05,Monthly,900,No,0,UPI,Akshay Deshmukh,Morning,No,Google,31.4,93,Active,6000,"Prolift Fitness Gym, Wadi, Nagpur"
PFG20250760,Siddharth Wankhede,Male,18,Freelancer,2025-06-12,Half Yearly,5000,No,0,UPI,Akshay Deshmukh,Evening,Yes,Instagram,30.6,64,Active,6000,"Prolift Fitness Gym, Wadi, Nagpur"
PFG20250212,Nikhil Kale,Male,23,Government Employee,2025-05-11,Monthly,900,No,0,UPI,Rohit Patil,Evening,No,Instagram,31.7,103,Active,6000,"Prolift Fitness Gym, Wadi, Nagpur"
PFG20250038,Vivaan Rao,Male,25,Housewife,2025-01-28,Monthly,900,No,0,UPI,Rohit Patil,Morning,No,Friend Referral,23.6,69,Active,6000,"Prolift Fitness Gym, Wadi, Nagpur"
PFG20250909,Vivaan Sharma,Male,30,Business,2025-11-12,Quarterly,3000,No,0,Cash,Shubham Kale,Evening,No,Friend Referral,30.5,51,Active,6000,"Prolift Fitness Gym, Wadi, Nagpur"
PFG20250815,Aditi Tiwari,Female,22,Government Employee,2025-02-14,Quarterly,3000,No,0,UPI,Akshay Deshmukh,Evening,Yes,Banner,23.4,94,Active,6000,"Prolift Fitness Gym, Wadi, Nagpur"
PFG20250085,Shruti Jain,Female,26,Student,2025-03-06,Half Yearly,5000,No,0,UPI,Akshay Deshmukh,Evening,No,Walk-in,30.7,99,Active,6000,"Prolift Fitness Gym, Wadi, Nagpur"
PFG20250709,Shubham Rao,Male,23,Student,2025-05-04,Half Yearly,5000,No,0,UPI,Rohit Patil,Evening,No,Friend Referral,22.3,72,Active,6000,"Prolift Fitness Gym, Wadi, Nagpur"
PFG20250089,Rahul Verma,Male,24,Housewife,2025-10-18,Monthly,900,No,0,UPI,Rohit Patil,Evening,Yes,Google,21.4,70,Active,6000,"Prolift Fitness Gym, Wadi, Nagpur"
PFG20250700,Atharva Tiwari,Male,27,Freelancer,2025-11-23,Monthly,900,No,0,UPI,Rohit Patil,Evening,Yes,Google,23.1,54,Inactive,6000,"Prolift Fitness Gym, Wadi, Nagpur"
PFG20251176,Harsh Kale,Male,25,Working Professional,2025-12-10,Quarterly,3000,Yes,2500,Cash,Aman Sharma,Morning,Yes,Walk-in,19.5,66,Active,6000,"Prolift Fitness Gym, Wadi, Nagpur"
PFG20250264,Priya Gupta,Female,19,Government Employee,2025-01-25,Half Yearly,5000,No,0,Card,Rohit Patil,Morning,Yes,Friend Referral,26.2,55,Active,6000,"Prolift Fitness Gym, Wadi, Nagpur"
PFG20250247,Vivaan Kale,Male,18,Housewife,2025-08-09,Monthly,900,No,0,Cash,Shubham Kale,Evening,Yes,Walk-in,27.5,88,Inactive,6000,"Prolift Fitness Gym, Wadi, Nagpur"
PFG20250318,Om Deshmukh,Male,20,Freelancer,2025-12-22,Half Yearly,5000,No,0,UPI,Aman Sharma,Morning,Yes,Instagram,19.5,55,Active,6000,"Prolift Fitness Gym, Wadi, Nagpur"
PFG20250509,Muskan Patil,Female,28,Government Employee,2025-01-10,Quarterly,3000,No,0,Cash,Shubham Kale,Morning,No,Instagram,18.2,101,Active,6000,"Prolift Fitness Gym, Wadi, Nagpur"
PFG20250906,Vivaan Yadav,Male,22,Student,2025-01-09,Quarterly,3000,No,0,UPI,Shubham Kale,Evening,Yes,Existing Member,25.9,94,Active,6000,"Prolift Fitness Gym, Wadi, Nagpur"
PFG20251131,Rohan Patil,Male,18,Freelancer,2025-06-13,Yearly,8000,No,0,UPI,Shubham Kale,Evening,Yes,Banner,26.4,87,Active,6000,"Prolift Fitness Gym, Wadi, Nagpur"
PFG20250763,Ritesh Tiwari,Male,23,Student,2025-09-02,Yearly,8000,No,0,Card,Rohit Patil,Morning,No,Friend Referral,27.7,88,Active,6000,"Prolift Fitness Gym, Wadi, Nagpur"
PFG20250129,Vedant Patil,Male,22,Housewife,2025-06-02,Quarterly,3000,No,0,Cash,Rohit Patil,Morning,Yes,Friend Referral,29.4,74,Active,6000,"Prolift Fitness Gym, Wadi, Nagpur"
PFG20250331,Sahil Thakur,Male,18,Business,2025-02-03,Quarterly,3000,No,0,UPI,Rohit Patil,Evening,Yes,Existing Member,20.4,91,Active,6000,"Prolift Fitness Gym, Wadi, Nagpur"
PFG20251043,Karan Patel,Male,21,Working Professional,2025-07-09,Half Yearly,5000,No,0,Cash,Rohit Patil,Morning,No,Banner,22.0,80,Active,6000,"Prolift Fitness Gym, Wadi, Nagpur"
PFG20250529,Aman Verma,Male,21,Business,2025-02-19,Monthly,900,No,0,Cash,Akshay Deshmukh,Evening,Yes,Instagram,20.7,62,Active,6000,"Prolift Fitness Gym, Wadi, Nagpur"
PFG20250690,Priya Jain,Female,25,Housewife,2025-06-11,Half Yearly,5000,No,0,UPI,Rohit Patil,Morning,Yes,Instagram,27.4,100,Active,6000,"Prolift Fitness Gym, Wadi, Nagpur"
PFG20250424,Harsh Rao,Male,25,Housewife,2025-04-08,Monthly,900,No,0,UPI,Rohit Patil,Evening,No,Friend Referral,30.2,87,Active,6000,"Prolift Fitness Gym, Wadi, Nagpur"
PFG20251000,Atharva Wankhede,Male,26,Working Professional,2025-12-27,Yearly,8000,Yes,3000,Cash,Akshay Deshmukh,Evening,Yes,Instagram,32.3,50,Inactive,6000,"Prolift Fitness Gym, Wadi, Nagpur"
PFG20251069,Om Tiwari,Male,19,Student,2025-06-20,Monthly,900,No,0,Cash,Rohit Patil,Morning,No,Walk-in,22.4,91,Active,6000,"Prolift Fitness Gym, Wadi, Nagpur"
PFG20251044,Harsh Mishra,Male,30,Government Employee,2025-08-24,Monthly,900,No,0,UPI,Aman Sharma,Morning,Yes,Friend Referral,30.9,92,Active,6000,"Prolift Fitness Gym, Wadi, Nagpur"
PFG20251164,Neha Kulkarni,Female,30,Business,2025-05-01,Quarterly,3000,No,0,Cash,Rohit Patil,Morning,Yes,Google,19.6,64,Active,6000,"Prolift Fitness Gym, Wadi, Nagpur"
PFG20250526,Om Mishra,Male,23,Freelancer,2025-10-18,Monthly,900,No,0,Card,Shubham Kale,Evening,Yes,Friend Referral,21.3,62,Active,6000,"Prolift Fitness Gym, Wadi, Nagpur"
PFG20250563,Akash Borkar,Male,24,Housewife,2025-12-11,Half Yearly,5000,No,0,Card,Aman Sharma,Morning,Yes,Friend Referral,33.4,92,Active,6000,"Prolift Fitness Gym, Wadi, Nagpur"
PFG20250467,Siddharth Patil,Male,29,Working Professional,2025-11-10,Monthly,900,No,0,UPI,Akshay Deshmukh,Evening,Yes,Friend Referral,23.7,65,Active,6000,"Prolift Fitness Gym, Wadi, Nagpur"
PFG20250126,Atharva Wankhede,Male,19,Government Employee,2025-01-04,Quarterly,3000,No,0,UPI,Akshay Deshmukh,Evening,No,Instagram,32.9,79,Active,6000,"Prolift Fitness Gym, Wadi, Nagpur"
PFG20250991,Shubham Borkar,Male,22,Business,2025-04-24,Monthly,900,No,0,UPI,Akshay Deshmukh,Morning,Yes,Google,20.7,52,Active,6000,"Prolift Fitness Gym, Wadi, Nagpur"
PFG20250127,Harsh Verma,Male,26,Student,2025-01-14,Half Yearly,5000,No,0,Cash,Rohit Patil,Morning,Yes,Walk-in,30.9,57,Active,6000,"Prolift Fitness Gym, Wadi, Nagpur"
PFG20250900,Pranav Joshi,Male,23,Housewife,2025-02-21,Half Yearly,5000,No,0,UPI,Aman Sharma,Morning,Yes,Friend Referral,27.4,104,Active,6000,"Prolift Fitness Gym, Wadi, Nagpur"
PFG20251119,Harsh Mishra,Male,27,Working Professional,2025-01-05,Monthly,900,No,0,Cash,Akshay Deshmukh,Morning,Yes,Friend Referral,29.4,84,Active,6000,"Prolift Fitness Gym, Wadi, Nagpur"
PFG20250006,Sakshi Chaudhary,Female,26,Freelancer,2025-10-14,Monthly,900,No,0,UPI,Rohit Patil,Morning,Yes,Google,21.1,51,Active,6000,"Prolift Fitness Gym, Wadi, Nagpur"
PFG20250456,Rohan Yadav,Male,19,Government Employee,2025-01-06,Quarterly,3000,No,0,Cash,Aman Sharma,Evening,No,Friend Referral,19.4,97,Active,6000,"Prolift Fitness Gym, Wadi, Nagpur"
PFG20250746,Shubham Verma,Male,26,Business,2025-01-06,Monthly,900,Yes,4000,UPI,Rohit Patil,Evening,No,Walk-in,28.4,54,Inactive,6000,"Prolift Fitness Gym, Wadi, Nagpur"
PFG20250681,Arjun Kulkarni,Male,27,Business,2025-04-12,Yearly,8000,Yes,2500,Cash,Akshay Deshmukh,Morning,Yes,Instagram,25.5,98,Active,6000,"Prolift Fitness Gym, Wadi, Nagpur"
PFG20250268,Atharva Wankhede,Male,20,Working Professional,2025-01-05,Yearly,8000,Yes,4000,UPI,Shubham Kale,Morning,No,Existing Member,27.2,89,Inactive,6000,"Prolift Fitness Gym, Wadi, Nagpur"
PFG20251113,Aditya Patel,Male,27,Freelancer,2025-12-20,Yearly,8000,Yes,3000,Card,Akshay Deshmukh,Evening,No,Existing Member,27.2,70,Inactive,6000,"Prolift Fitness Gym, Wadi, Nagpur"
PFG20250840,Sahil Patil,Male,19,Government Employee,2025-03-03,Monthly,900,No,0,UPI,Akshay Deshmukh,Morning,No,Walk-in,30.2,87,Active,6000,"Prolift Fitness Gym, Wadi, Nagpur"
PFG20250215,Om Wankhede,Male,22,Freelancer,2025-01-15,Quarterly,3000,No,0,Cash,Akshay Deshmukh,Evening,No,Google,24.0,50,Active,6000,"Prolift Fitness Gym, Wadi, Nagpur"
PFG20250001,Aman Jain,Male,24,Business,2025-10-14,Monthly,900,Yes,2500,Cash,Shubham Kale,Morning,No,Friend Referral,21.0,50,Active,6000,"Prolift Fitness Gym, Wadi, Nagpur"
PFG20250112,Riya Sharma,Female,25,Student,2025-12-26,Monthly,900,No,0,Cash,Aman Sharma,Evening,Yes,Walk-in,30.7,105,Inactive,6000,"Prolift Fitness Gym, Wadi, Nagpur"
PFG20250878,Ritesh Patel,Male,21,Housewife,2025-03-27,Monthly,900,No,0,UPI,Aman Sharma,Evening,Yes,Instagram,19.9,72,Active,6000,"Prolift Fitness Gym, Wadi, Nagpur"
PFG20250594,Pranav Mishra,Male,27,Student,2025-10-11,Yearly,8000,Yes,3000,UPI,Rohit Patil,Morning,Yes,Instagram,20.0,88,Active,6000,"Prolift Fitness Gym, Wadi, Nagpur"
PFG20251111,Siddharth Gupta,Male,22,Government Employee,2025-09-21,Monthly,900,No,0,UPI,Shubham Kale,Morning,No,Friend Referral,18.8,53,Active,6000,"Prolift Fitness Gym, Wadi, Nagpur"
PFG20250341,Arjun Jain,Male,28,Freelancer,2025-01-08,Quarterly,3000,No,0,UPI,Rohit Patil,Morning,No,Instagram,32.5,68,Active,6000,"Prolift Fitness Gym, Wadi, Nagpur"
PFG20250332,Akash Chaudhary,Male,25,Housewife,2025-10-15,Half Yearly,5000,No,0,UPI,Rohit Patil,Morning,No,Walk-in,26.5,105,Inactive,6000,"Prolift Fitness Gym, Wadi, Nagpur"
PFG20250222,Yash Kale,Male,21,Freelancer,2025-06-12,Half Yearly,5000,No,0,Card,Akshay Deshmukh,Evening,Yes,Instagram,26.8,71,Inactive,6000,"Prolift Fitness Gym, Wadi, Nagpur"
PFG20251024,Shubham Jain,Male,23,Student,2025-07-10,Yearly,8000,Yes,4000,Card,Shubham Kale,Evening,No,Google,25.5,97,Active,6000,"Prolift Fitness Gym, Wadi, Nagpur"
PFG20250203,Aman Patil,Male,22,Student,2025-04-22,Monthly,900,No,0,UPI,Shubham Kale,Morning,No,Instagram,31.0,70,Active,6000,"Prolift Fitness Gym, Wadi, Nagpur"
PFG20250279,Aarav Deshmukh,Male,24,Government Employee,2025-01-05,Half Yearly,5000,No,0,UPI,Aman Sharma,Morning,Yes,Instagram,19.9,89,Active,6000,"Prolift Fitness Gym, Wadi, Nagpur"
PFG20250593,Nikita Patel,Female,28,Housewife,2025-12-13,Quarterly,3000,No,0,Cash,Rohit Patil,Morning,Yes,Friend Referral,22.9,65,Active,6000,"Prolift Fitness Gym, Wadi, Nagpur"
PFG20250770,Rohan Verma,Male,30,Student,2025-12-27,Half Yearly,5000,Yes,4000,Cash,Shubham Kale,Evening,Yes,Existing Member,31.6,91,Active,6000,"Prolift Fitness Gym, Wadi, Nagpur"
PFG20250156,Yash Gupta,Male,26,Housewife,2025-08-12,Yearly,8000,Yes,4000,UPI,Shubham Kale,Evening,Yes,Friend Referral,28.1,54,Active,6000,"Prolift Fitness Gym, Wadi, Nagpur"
PFG20250496,Om Thakur,Male,20,Business,2025-12-25,Monthly,900,No,0,Cash,Akshay Deshmukh,Morning,Yes,Existing Member,29.5,80,Active,6000,"Prolift Fitness Gym, Wadi, Nagpur"
PFG20250251,Harsh Kale,Male,28,Freelancer,2025-01-13,Quarterly,3000,No,0,UPI,Akshay Deshmukh,Morning,Yes,Walk-in,18.7,70,Inactive,6000,"Prolift Fitness Gym, Wadi, Nagpur"
PFG20251141,Rahul Verma,Male,26,Working Professional,2025-04-07,Half Yearly,5000,Yes,2500,UPI,Akshay Deshmukh,Morning,Yes,Google,30.5,70,Active,6000,"Prolift Fitness Gym, Wadi, Nagpur"
PFG20250413,Harsh Patel,Male,21,Business,2025-05-12,Monthly,900,No,0,Card,Aman Sharma,Morning,Yes,Google,31.7,76,Active,6000,"Prolift Fitness Gym, Wadi, Nagpur"
PFG20250057,Karan Wankhede,Male,21,Working Professional,2025-10-04,Yearly,8000,Yes,2500,Card,Akshay Deshmukh,Evening,Yes,Friend Referral,25.4,102,Active,6000,"Prolift Fitness Gym, Wadi, Nagpur"
PFG20250292,Krishna Chaudhary,Male,29,Government Employee,2025-05-01,Half Yearly,5000,No,0,Card,Akshay Deshmukh,Morning,Yes,Friend Referral,30.8,93,Active,6000,"Prolift Fitness Gym, Wadi, Nagpur"
PFG20250191,Ritesh Kale,Male,30,Student,2025-01-09,Yearly,8000,No,0,UPI,Shubham Kale,Evening,Yes,Friend Referral,22.4,98,Active,6000,"Prolift Fitness Gym, Wadi, Nagpur"
PFG20250513,Rahul Jain,Male,20,Government Employee,2025-10-27,Half Yearly,5000,No,0,Cash,Rohit Patil,Evening,Yes,Instagram,29.1,56,Active,6000,"Prolift Fitness Gym, Wadi, Nagpur"
PFG20251129,Arjun Mishra,Male,23,Housewife,2025-01-28,Quarterly,3000,Yes,3000,UPI,Rohit Patil,Evening,Yes,Friend Referral,31.8,75,Active,6000,"Prolift Fitness Gym, Wadi, Nagpur"
PFG20250144,Vedant Borkar,Male,30,Government Employee,2025-02-27,Quarterly,3000,Yes,3000,UPI,Akshay Deshmukh,Morning,No,Friend Referral,28.5,96,Active,6000,"Prolift Fitness Gym, Wadi, Nagpur"
PFG20250857,Yash Jain,Male,26,Government Employee,2025-04-22,Monthly,900,Yes,4000,Cash,Rohit Patil,Morning,Yes,Banner,23.3,70,Active,6000,"Prolift Fitness Gym, Wadi, Nagpur"
PFG20250381,Aarav Joshi,Male,25,Housewife,2025-06-21,Monthly,900,Yes,4000,UPI,Akshay Deshmukh,Morning,No,Instagram,31.2,87,Active,6000,"Prolift Fitness Gym, Wadi, Nagpur"
PFG20250067,Aman Wankhede,Male,21,Business,2025-10-21,Quarterly,3000,No,0,UPI,Aman Sharma,Evening,Yes,Instagram,24.5,62,Active,6000,"Prolift Fitness Gym, Wadi, Nagpur"
PFG20250029,Nikhil Kulkarni,Male,30,Student,2025-10-14,Half Yearly,5000,No,0,UPI,Akshay Deshmukh,Evening,No,Friend Referral,21.4,68,Active,6000,"Prolift Fitness Gym, Wadi, Nagpur"
PFG20250718,Aman Verma,Male,22,Working Professional,2025-09-20,Half Yearly,5000,Yes,2500,UPI,Rohit Patil,Evening,No,Existing Member,27.1,94,Active,6000,"Prolift Fitness Gym, Wadi, Nagpur"
PFG20250882,Om Wankhede,Male,22,Government Employee,2025-05-17,Monthly,900,Yes,4000,UPI,Akshay Deshmukh,Evening,Yes,Friend Referral,19.6,83,Active,6000,"Prolift Fitness Gym, Wadi, Nagpur"
PFG20250871,Nikhil Tiwari,Male,19,Government Employee,2025-12-08,Yearly,8000,No,0,Card,Rohit Patil,Morning,Yes,Instagram,27.5,96,Active,6000,"Prolift Fitness Gym, Wadi, Nagpur"
PFG20250461,Ritesh Tiwari,Male,20,Housewife,2025-03-09,Monthly,900,No,0,UPI,Akshay Deshmukh,Evening,Yes,Existing Member,26.9,104,Active,6000,"Prolift Fitness Gym, Wadi, Nagpur"
PFG20250632,Aarav Kale,Male,27,Student,2025-10-11,Monthly,900,Yes,3000,Cash,Rohit Patil,Morning,Yes,Walk-in,26.9,105,Active,6000,"Prolift Fitness Gym, Wadi, Nagpur"
PFG20250696,Sahil Joshi,Male,24,Government Employee,2025-10-22,Monthly,900,No,0,Cash,Aman Sharma,Evening,No,Banner,20.1,78,Active,6000,"Prolift Fitness Gym, Wadi, Nagpur"
PFG20250301,Vedant Verma,Male,23,Student,2025-01-19,Half Yearly,5000,No,0,UPI,Aman Sharma,Evening,Yes,Friend Referral,33.3,84,Active,6000,"Prolift Fitness Gym, Wadi, Nagpur"
PFG20250297,Krishna Patel,Male,25,Government Employee,2025-11-02,Monthly,900,No,0,UPI,Shubham Kale,Evening,No,Existing Member,31.2,52,Inactive,6000,"Prolift Fitness Gym, Wadi, Nagpur"
PFG20251167,Atharva Thakur,Male,25,Working Professional,2025-11-13,Monthly,900,No,0,Card,Rohit Patil,Morning,Yes,Instagram,30.3,102,Active,6000,"Prolift Fitness Gym, Wadi, Nagpur"
PFG20250992,Pranav Deshmukh,Male,29,Business,2025-04-14,Monthly,900,No,0,UPI,Rohit Patil,Evening,Yes,Walk-in,23.3,94,Inactive,6000,"Prolift Fitness Gym, Wadi, Nagpur"
PFG20250240,Sakshi Thakur,Female,18,Government Employee,2025-12-26,Yearly,8000,No,0,Cash,Shubham Kale,Morning,Yes,Banner,19.3,61,Active,6000,"Prolift Fitness Gym, Wadi, Nagpur"
PFG20250315,Pranav Borkar,Male,24,Business,2025-02-10,Yearly,8000,Yes,2500,UPI,Rohit Patil,Evening,No,Friend Referral,30.0,67,Active,6000,"Prolift Fitness Gym, Wadi, Nagpur"
PFG20250019,Aman Deshmukh,Male,23,Freelancer,2025-12-17,Half Yearly,5000,No,0,Cash,Rohit Patil,Evening,No,Instagram,22.5,74,Active,6000,"Prolift Fitness Gym, Wadi, Nagpur"
PFG20250416,Sahil Rao,Male,24,Government Employee,2025-05-21,Monthly,900,No,0,UPI,Shubham Kale,Evening,No,Existing Member,24.8,87,Active,6000,"Prolift Fitness Gym, Wadi, Nagpur"
PFG20250885,Shubham Mishra,Male,23,Freelancer,2025-11-19,Monthly,900,No,0,UPI,Aman Sharma,Evening,No,Instagram,20.3,88,Inactive,6000,"Prolift Fitness Gym, Wadi, Nagpur"
PFG20250648,Shubham Deshmukh,Male,28,Freelancer,2025-12-25,Monthly,900,Yes,2500,UPI,Shubham Kale,Evening,Yes,Instagram,24.6,73,Inactive,6000,"Prolift Fitness Gym, Wadi, Nagpur"
PFG20251029,Aditya Kulkarni,Male,19,Working Professional,2025-03-25,Yearly,8000,Yes,3000,UPI,Aman Sharma,Morning,Yes,Instagram,29.8,99,Active,6000,"Prolift Fitness Gym, Wadi, Nagpur"
PFG20251092,Harsh Sharma,Male,30,Housewife,2025-12-11,Monthly,900,Yes,4000,UPI,Aman Sharma,Morning,Yes,Friend Referral,28.1,61,Active,6000,"Prolift Fitness Gym, Wadi, Nagpur"
PFG20250229,Harsh Sharma,Male,28,Housewife,2025-11-16,Quarterly,3000,No,0,UPI,Rohit Patil,Evening,Yes,Walk-in,25.1,64,Active,6000,"Prolift Fitness Gym, Wadi, Nagpur"
PFG20251102,Nikita Chaudhary,Female,25,Housewife,2025-08-02,Monthly,900,No,0,UPI,Akshay Deshmukh,Evening,Yes,Friend Referral,19.2,71,Active,6000,"Prolift Fitness Gym, Wadi, Nagpur"
PFG20250449,Shubham Mishra,Male,19,Working Professional,2025-05-22,Half Yearly,5000,No,0,UPI,Aman Sharma,Morning,Yes,Google,20.6,89,Active,6000,"Prolift Fitness Gym, Wadi, Nagpur"
PFG20250074,Vivaan Sharma,Male,28,Student,2025-10-22,Half Yearly,5000,No,0,UPI,Shubham Kale,Evening,No,Walk-in,33.1,58,Active,6000,"Prolift Fitness Gym, Wadi, Nagpur"
PFG20250452,Akash Wankhede,Male,28,Government Employee,2025-03-22,Monthly,900,No,0,Cash,Akshay Deshmukh,Evening,No,Friend Referral,26.4,90,Active,6000,"Prolift Fitness Gym, Wadi, Nagpur"
PFG20250557,Ritesh Jain,Male,24,Student,2025-05-20,Half Yearly,5000,No,0,Card,Aman Sharma,Evening,Yes,Friend Referral,31.6,53,Active,6000,"Prolift Fitness Gym, Wadi, Nagpur"
PFG20250128,Krishna Rao,Male,20,Housewife,2025-07-17,Monthly,900,No,0,UPI,Akshay Deshmukh,Morning,Yes,Instagram,25.7,85,Active,6000,"Prolift Fitness Gym, Wadi, Nagpur"
PFG20250701,Kavya Tiwari,Female,26,Student,2025-02-05,Monthly,900,No,0,UPI,Rohit Patil,Evening,No,Walk-in,28.9,64,Inactive,6000,"Prolift Fitness Gym, Wadi, Nagpur"
PFG20250152,Ankit Patil,Male,19,Freelancer,2025-06-25,Quarterly,3000,No,0,UPI,Akshay Deshmukh,Morning,No,Banner,31.4,101,Active,6000,"Prolift Fitness Gym, Wadi, Nagpur"
PFG20250549,Shubham Patel,Male,28,Government Employee,2025-11-11,Yearly,8000,No,0,UPI,Aman Sharma,Morning,Yes,Existing Member,20.1,52,Active,6000,"Prolift Fitness Gym, Wadi, Nagpur"
PFG20250921,Arjun Patil,Male,18,Government Employee,2025-04-24,Monthly,900,No,0,UPI,Rohit Patil,Evening,No,Friend Referral,26.0,92,Active,6000,"Prolift Fitness Gym, Wadi, Nagpur"
PFG20251035,Harsh Kulkarni,Male,26,Business,2025-12-24,Half Yearly,5000,No,0,UPI,Rohit Patil,Evening,No,Friend Referral,25.0,49,Active,6000,"Prolift Fitness Gym, Wadi, Nagpur"
PFG20250313,Pranav Joshi,Male,29,Freelancer,2025-08-11,Monthly,900,No,0,UPI,Rohit Patil,Morning,Yes,Walk-in,18.8,100,Active,6000,"Prolift Fitness Gym, Wadi, Nagpur"
PFG20250360,Ankit Yadav,Male,30,Student,2025-01-05,Yearly,8000,Yes,4000,UPI,Akshay Deshmukh,Evening,No,Google,24.2,49,Active,6000,"Prolift Fitness Gym, Wadi, Nagpur"
PFG20250066,Yash Patel,Male,21,Student,2025-02-25,Monthly,900,Yes,3000,Cash,Shubham Kale,Evening,No,Friend Referral,20.1,99,Active,6000,"Prolift Fitness Gym, Wadi, Nagpur"
PFG20250062,Pranav Rao,Male,24,Housewife,2025-09-11,Quarterly,3000,Yes,2500,Card,Shubham Kale,Evening,Yes,Friend Referral,29.7,99,Active,6000,"Prolift Fitness Gym, Wadi, Nagpur"
PFG20250869,Akash Borkar,Male,19,Business,2025-03-25,Monthly,900,No,0,UPI,Rohit Patil,Morning,Yes,Banner,27.5,105,Active,6000,"Prolift Fitness Gym, Wadi, Nagpur"
PFG20251182,Rahul Wankhede,Male,29,Business,2025-10-23,Monthly,900,Yes,4000,UPI,Aman Sharma,Evening,No,Walk-in,19.5,64,Active,6000,"Prolift Fitness Gym, Wadi, Nagpur"
PFG20250963,Aarav Kale,Male,19,Government Employee,2025-03-17,Quarterly,3000,No,0,UPI,Shubham Kale,Evening,No,Banner,32.7,63,Active,6000,"Prolift Fitness Gym, Wadi, Nagpur"
PFG20250715,Rahul Patel,Male,26,Freelancer,2025-06-02,Monthly,900,No,0,UPI,Akshay Deshmukh,Evening,Yes,Instagram,19.6,68,Active,6000,"Prolift Fitness Gym, Wadi, Nagpur"
PFG20250475,Yash Wankhede,Male,20,Student,2025-02-26,Yearly,8000,Yes,2500,UPI,Shubham Kale,Morning,No,Google,22.5,104,Active,6000,"Prolift Fitness Gym, Wadi, Nagpur"
PFG20250853,Aditya Thakur,Male,24,Student,2025-12-09,Yearly,8000,Yes,2500,UPI,Shubham Kale,Evening,No,Instagram,21.5,100,Active,6000,"Prolift Fitness Gym, Wadi, Nagpur"
PFG20250658,Shubham Joshi,Male,22,Business,2025-10-09,Quarterly,3000,No,0,Cash,Akshay Deshmukh,Morning,Yes,Google,29.7,67,Active,6000,"Prolift Fitness Gym, Wadi, Nagpur"
PFG20251173,Vivaan Jain,Male,30,Government Employee,2025-02-08,Half Yearly,5000,No,0,UPI,Shubham Kale,Evening,Yes,Friend Referral,22.4,69,Active,6000,"Prolift Fitness Gym, Wadi, Nagpur"
PFG20250628,Ankit Joshi,Male,25,Working Professional,2025-01-11,Yearly,8000,Yes,3000,Card,Akshay Deshmukh,Evening,Yes,Friend Referral,25.5,80,Active,6000,"Prolift Fitness Gym, Wadi, Nagpur"
PFG20250773,Neha Rao,Female,27,Working Professional,2025-09-10,Monthly,900,No,0,Cash,Rohit Patil,Morning,Yes,Instagram,24.0,76,Active,6000,"Prolift Fitness Gym, Wadi, Nagpur"
PFG20250851,Akash Joshi,Male,21,Business,2025-12-14,Half Yearly,5000,Yes,3000,UPI,Akshay Deshmukh,Morning,No,Walk-in,19.0,103,Active,6000,"Prolift Fitness Gym, Wadi, Nagpur"
PFG20250636,Nikhil Jain,Male,18,Student,2025-11-18,Quarterly,3000,No,0,UPI,Rohit Patil,Morning,Yes,Existing Member,30.1,105,Active,6000,"Prolift Fitness Gym, Wadi, Nagpur"
PFG20250597,Nikhil Borkar,Male,28,Student,2025-01-12,Half Yearly,5000,No,0,Cash,Aman Sharma,Morning,Yes,Instagram,20.7,54,Active,6000,"Prolift Fitness Gym, Wadi, Nagpur"
PFG20250161,Om Mishra,Male,24,Freelancer,2025-05-12,Half Yearly,5000,No,0,Card,Akshay Deshmukh,Evening,No,Existing Member,31.6,85,Active,6000,"Prolift Fitness Gym, Wadi, Nagpur"
PFG20250213,Muskan Chaudhary,Female,19,Business,2025-07-23,Monthly,900,No,0,UPI,Shubham Kale,Evening,No,Banner,26.0,84,Active,6000,"Prolift Fitness Gym, Wadi, Nagpur"
PFG20250893,Rahul Mishra,Male,21,Business,2025-01-21,Monthly,900,No,0,UPI,Rohit Patil,Morning,Yes,Existing Member,28.6,79,Active,6000,"Prolift Fitness Gym, Wadi, Nagpur"
PFG20250575,Vedant Thakur,Male,25,Housewife,2025-02-13,Yearly,8000,Yes,4000,Card,Aman Sharma,Evening,Yes,Existing Member,27.2,88,Active,6000,"Prolift Fitness Gym, Wadi, Nagpur"
PFG20250648,Shubham Deshmukh,Male,28,Freelancer,2025-11-08,Yearly,8000,No,0,UPI,Shubham Kale,Morning,Yes,Friend Referral,25.9,94,Active,6000,"Prolift Fitness Gym, Wadi, Nagpur"
PFG20250389,Pranav Kulkarni,Male,27,Business,2025-12-19,Yearly,8000,Yes,3000,Cash,Aman Sharma,Evening,Yes,Existing Member,27.0,48,Active,6000,"Prolift Fitness Gym, Wadi, Nagpur"
PFG20250758,Yash Rao,Male,27,Freelancer,2025-12-04,Monthly,900,No,0,UPI,Rohit Patil,Evening,Yes,Existing Member,33.1,103,Inactive,6000,"Prolift Fitness Gym, Wadi, Nagpur"
PFG20250312,Nikita Patil,Female,19,Government Employee,2025-01-16,Monthly,900,No,0,UPI,Aman Sharma,Evening,Yes,Friend Referral,18.6,89,Active,6000,"Prolift Fitness Gym, Wadi, Nagpur"
PFG20251011,Rahul Mishra,Male,22,Working Professional,2025-11-08,Monthly,900,No,0,UPI,Akshay Deshmukh,Morning,No,Existing Member,22.1,50,Active,6000,"Prolift Fitness Gym, Wadi, Nagpur"
PFG20250946,Nikita Gupta,Female,26,Business,2025-04-13,Quarterly,3000,No,0,UPI,Shubham Kale,Evening,Yes,Banner,31.9,75,Active,6000,"Prolift Fitness Gym, Wadi, Nagpur"
PFG20250497,Aditi Tiwari,Female,23,Business,2025-01-05,Monthly,900,No,0,Cash,Shubham Kale,Evening,No,Friend Referral,24.7,102,Active,6000,"Prolift Fitness Gym, Wadi, Nagpur"
PFG20250310,Priya Wankhede,Female,23,Student,2025-05-03,Monthly,900,No,0,Cash,Rohit Patil,Evening,Yes,Instagram,29.9,81,Active,6000,"Prolift Fitness Gym, Wadi, Nagpur"
PFG20250378,Sahil Tiwari,Male,30,Government Employee,2025-04-25,Quarterly,3000,No,0,UPI,Akshay Deshmukh,Evening,Yes,Existing Member,29.9,95,Active,6000,"Prolift Fitness Gym, Wadi, Nagpur"
PFG20250233,Priya Sharma,Female,22,Working Professional,2025-01-23,Monthly,900,No,0,UPI,Rohit Patil,Evening,No,Walk-in,20.6,81,Active,6000,"Prolift Fitness Gym, Wadi, Nagpur"
PFG20250957,Aman Borkar,Male,27,Working Professional,2025-05-02,Monthly,900,Yes,3000,UPI,Shubham Kale,Evening,Yes,Existing Member,25.1,69,Active,6000,"Prolift Fitness Gym, Wadi, Nagpur"
PFG20250251,Harsh Kale,Male,28,Freelancer,2025-02-05,Monthly,900,No,0,UPI,Akshay Deshmukh,Morning,Yes,Walk-in,26.7,52,Inactive,6000,"Prolift Fitness Gym, Wadi, Nagpur"
PFG20250837,Kavya Patil,Female,18,Government Employee,2025-08-19,Half Yearly,5000,No,0,UPI,Shubham Kale,Morning,Yes,Friend Referral,30.1,68,Active,6000,"Prolift Fitness Gym, Wadi, Nagpur"
PFG20250861,Sneha Chaudhary,Female,19,Housewife,2025-03-01,Half Yearly,5000,No,0,Card,Akshay Deshmukh,Evening,No,Banner,28.8,92,Active,6000,"Prolift Fitness Gym, Wadi, Nagpur"
PFG20250327,Rahul Wankhede,Male,27,Government Employee,2025-11-25,Half Yearly,5000,No,0,UPI,Shubham Kale,Morning,Yes,Friend Referral,30.2,88,Active,6000,"Prolift Fitness Gym, Wadi, Nagpur"
PFG20250124,Sahil Mishra,Male,25,Student,2025-04-25,Quarterly,3000,No,0,Cash,Shubham Kale,Morning,Yes,Instagram,28.4,48,Active,6000,"Prolift Fitness Gym, Wadi, Nagpur"
PFG20250783,Aman Chaudhary,Male,27,Freelancer,2025-04-06,Yearly,8000,No,0,UPI,Rohit Patil,Morning,Yes,Friend Referral,26.1,69,Active,6000,"Prolift Fitness Gym, Wadi, Nagpur"
PFG20250743,Aditi Patil,Female,22,Business,2025-01-26,Quarterly,3000,No,0,Card,Akshay Deshmukh,Evening,No,Google,24.0,69,Active,6000,"Prolift Fitness Gym, Wadi, Nagpur"
PFG20250615,Sneha Yadav,Female,29,Business,2025-03-01,Monthly,900,No,0,Cash,Shubham Kale,Morning,No,Instagram,31.2,89,Active,6000,"Prolift Fitness Gym, Wadi, Nagpur"
PFG20250462,Aarav Verma,Male,28,Business,2025-01-06,Monthly,900,No,0,Card,Rohit Patil,Morning,Yes,Existing Member,28.4,51,Active,6000,"Prolift Fitness Gym, Wadi, Nagpur"
PFG20250836,Nikita Sharma,Female,22,Business,2025-12-19,Monthly,900,No,0,Cash,Shubham Kale,Morning,Yes,Existing Member,27.9,61,Active,6000,"Prolift Fitness Gym, Wadi, Nagpur"
PFG20250867,Rahul Tiwari,Male,22,Student,2025-12-28,Monthly,900,No,0,Cash,Akshay Deshmukh,Morning,Yes,Instagram,27.6,101,Active,6000,"Prolift Fitness Gym, Wadi, Nagpur"
PFG20250311,Aman Kulkarni,Male,20,Working Professional,2025-11-11,Monthly,900,No,0,UPI,Aman Sharma,Morning,Yes,Walk-in,30.2,94,Active,6000,"Prolift Fitness Gym, Wadi, Nagpur"
PFG20251070,Vedant Patel,Male,25,Government Employee,2025-07-03,Half Yearly,5000,No,0,UPI,Akshay Deshmukh,Morning,Yes,Walk-in,24.4,85,Active,6000,"Prolift Fitness Gym, Wadi, Nagpur"
PFG20250710,Tanvi Mishra,Female,30,Working Professional,2025-11-20,Half Yearly,5000,No,0,UPI,Akshay Deshmukh,Evening,No,Existing Member,27.7,68,Active,6000,"Prolift Fitness Gym, Wadi, Nagpur"
PFG20250519,Nikita Jain,Female,19,Housewife,2025-10-19,Quarterly,3000,No,0,Cash,Rohit Patil,Evening,Yes,Friend Referral,22.2,80,Active,6000,"Prolift Fitness Gym, Wadi, Nagpur"
PFG20250056,Yash Kulkarni,Male,26,Freelancer,2025-05-01,Half Yearly,5000,No,0,Cash,Rohit Patil,Evening,Yes,Friend Referral,26.0,63,Inactive,6000,"Prolift Fitness Gym, Wadi, Nagpur"
PFG20250514,Ritesh Jain,Male,22,Housewife,2025-10-13,Half Yearly,5000,No,0,UPI,Akshay Deshmukh,Morning,No,Banner,28.8,56,Inactive,6000,"Prolift Fitness Gym, Wadi, Nagpur"
PFG20250842,Simran Verma,Female,22,Freelancer,2025-04-09,Monthly,900,No,0,Cash,Shubham Kale,Evening,Yes,Friend Referral,26.6,48,Active,6000,"Prolift Fitness Gym, Wadi, Nagpur"
PFG20250582,Vedant Mishra,Male,21,Government Employee,2025-09-17,Yearly,8000,No,0,UPI,Aman Sharma,Morning,No,Walk-in,23.6,65,Inactive,6000,"Prolift Fitness Gym, Wadi, Nagpur"
PFG20250567,Akash Patel,Male,27,Business,2025-06-08,Monthly,900,No,0,UPI,Aman Sharma,Evening,No,Google,33.3,98,Active,6000,"Prolift Fitness Gym, Wadi, Nagpur"
PFG20250819,Shubham Jain,Male,18,Business,2025-01-23,Quarterly,3000,No,0,UPI,Shubham Kale,Evening,Yes,Friend Referral,30.8,67,Active,6000,"Prolift Fitness Gym, Wadi, Nagpur"
PFG20250495,Siddharth Deshmukh,Male,25,Freelancer,2025-08-21,Yearly,8000,No,0,UPI,Akshay Deshmukh,Morning,Yes,Friend Referral,24.2,82,Active,6000,"Prolift Fitness Gym, Wadi, Nagpur"
PFG20250333,Siddharth Rao,Male,29,Freelancer,2025-12-21,Quarterly,3000,Yes,2500,Cash,Aman Sharma,Evening,Yes,Friend Referral,18.7,97,Active,6000,"Prolift Fitness Gym, Wadi, Nagpur"
PFG20250334,Priya Sharma,Female,26,Government Employee,2025-07-19,Quarterly,3000,No,0,Card,Shubham Kale,Morning,Yes,Walk-in,27.4,52,Active,6000,"Prolift Fitness Gym, Wadi, Nagpur"
PFG20250113,Aditi Chaudhary,Female,23,Housewife,2025-02-16,Half Yearly,5000,No,0,UPI,Rohit Patil,Morning,Yes,Banner,21.6,79,Active,6000,"Prolift Fitness Gym, Wadi, Nagpur"
PFG20251017,Ritesh Chaudhary,Male,20,Government Employee,2025-11-16,Monthly,900,Yes,2500,UPI,Shubham Kale,Evening,Yes,Friend Referral,32.9,70,Active,6000,"Prolift Fitness Gym, Wadi, Nagpur"
PFG20250269,Karan Joshi,Male,23,Working Professional,2025-06-04,Quarterly,3000,Yes,2500,UPI,Shubham Kale,Evening,Yes,Google,22.8,90,Active,6000,"Prolift Fitness Gym, Wadi, Nagpur"
PFG20250387,Nikhil Thakur,Male,20,Student,2025-02-09,Half Yearly,5000,Yes,4000,UPI,Akshay Deshmukh,Evening,Yes,Banner,22.3,59,Inactive,6000,"Prolift Fitness Gym, Wadi, Nagpur"
PFG20250329,Yash Sharma,Male,29,Working Professional,2025-08-23,Monthly,900,No,0,Card,Shubham Kale,Evening,No,Friend Referral,25.2,59,Active,6000,"Prolift Fitness Gym, Wadi, Nagpur"
PFG20250927,Aditya Sharma,Male,25,Government Employee,2025-08-25,Half Yearly,5000,No,0,UPI,Akshay Deshmukh,Evening,Yes,Instagram,31.6,60,Active,6000,"Prolift Fitness Gym, Wadi, Nagpur"
PFG20250545,Sakshi Jain,Female,27,Student,2025-03-02,Yearly,8000,Yes,2500,UPI,Akshay Deshmukh,Morning,No,Friend Referral,20.5,74,Active,6000,"Prolift Fitness Gym, Wadi, Nagpur"
PFG20250642,Vedant Thakur,Male,20,Freelancer,2025-01-18,Monthly,900,No,0,Cash,Aman Sharma,Evening,Yes,Instagram,30.1,50,Active,6000,"Prolift Fitness Gym, Wadi, Nagpur"
PFG20250550,Aman Mishra,Male,30,Working Professional,2025-06-08,Half Yearly,5000,No,0,UPI,Shubham Kale,Morning,Yes,Google,25.6,68,Inactive,6000,"Prolift Fitness Gym, Wadi, Nagpur"
PFG20250872,Shubham Joshi,Male,30,Government Employee,2025-01-13,Monthly,900,No,0,UPI,Akshay Deshmukh,Morning,Yes,Instagram,32.2,93,Inactive,6000,"Prolift Fitness Gym, Wadi, Nagpur"
PFG20250742,Ritesh Kulkarni,Male,27,Housewife,2025-03-15,Quarterly,3000,Yes,3000,Card,Shubham Kale,Evening,Yes,Friend Referral,21.6,60,Active,6000,"Prolift Fitness Gym, Wadi, Nagpur"
PFG20250471,Aditya Patel,Male,21,Student,2025-07-02,Quarterly,3000,Yes,2500,Cash,Shubham Kale,Morning,No,Instagram,24.3,70,Active,6000,"Prolift Fitness Gym, Wadi, Nagpur"
PFG20250490,Krishna Kale,Male,20,Freelancer,2025-02-25,Quarterly,3000,Yes,4000,UPI,Rohit Patil,Morning,Yes,Friend Referral,30.7,86,Active,6000,"Prolift Fitness Gym, Wadi, Nagpur"
PFG20250579,Nikhil Sharma,Male,24,Student,2025-02-11,Quarterly,3000,No,0,Cash,Akshay Deshmukh,Morning,No,Instagram,25.4,96,Active,6000,"Prolift Fitness Gym, Wadi, Nagpur"
PFG20250410,Atharva Joshi,Male,22,Housewife,2025-12-13,Monthly,900,No,0,Card,Shubham Kale,Morning,Yes,Existing Member,29.9,69,Inactive,6000,"Prolift Fitness Gym, Wadi, Nagpur"
PFG20250894,Ritesh Tiwari,Male,18,Working Professional,2025-02-26,Monthly,900,No,0,Cash,Akshay Deshmukh,Morning,Yes,Walk-in,18.5,58,Active,6000,"Prolift Fitness Gym, Wadi, Nagpur"
PFG20250042,Yash Kale,Male,23,Freelancer,2025-10-10,Monthly,900,No,0,UPI,Akshay Deshmukh,Morning,Yes,Existing Member,28.9,56,Inactive,6000,"Prolift Fitness Gym, Wadi, Nagpur"
PFG20250860,Nikhil Jain,Male,22,Student,2025-08-27,Half Yearly,5000,No,0,Cash,Akshay Deshmukh,Evening,Yes,Walk-in,28.0,74,Active,6000,"Prolift Fitness Gym, Wadi, Nagpur"
PFG20250493,Yash Patel,Male,24,Working Professional,2025-03-15,Quarterly,3000,No,0,Cash,Aman Sharma,Morning,Yes,Friend Referral,21.8,61,Active,6000,"Prolift Fitness Gym, Wadi, Nagpur"
PFG20250249,Nikhil Chaudhary,Male,26,Freelancer,2025-12-13,Monthly,900,No,0,Card,Rohit Patil,Evening,No,Banner,30.4,66,Active,6000,"Prolift Fitness Gym, Wadi, Nagpur"
PFG20250252,Akash Rao,Male,29,Housewife,2025-10-01,Quarterly,3000,No,0,UPI,Rohit Patil,Evening,No,Walk-in,18.5,58,Inactive,6000,"Prolift Fitness Gym, Wadi, Nagpur"
PFG20251037,Yash Borkar,Male,29,Student,2025-09-08,Quarterly,3000,Yes,3000,UPI,Aman Sharma,Morning,Yes,Instagram,18.6,57,Active,6000,"Prolift Fitness Gym, Wadi, Nagpur"
PFG20250630,Aditya Chaudhary,Male,24,Business,2025-09-06,Monthly,900,No,0,Cash,Shubham Kale,Morning,No,Friend Referral,18.2,83,Active,6000,"Prolift Fitness Gym, Wadi, Nagpur"
PFG20250824,Krishna Wankhede,Male,27,Student,2025-11-01,Half Yearly,5000,No,0,UPI,Shubham Kale,Morning,Yes,Friend Referral,23.8,96,Active,6000,"Prolift Fitness Gym, Wadi, Nagpur"
PFG20250370,Ankit Sharma,Male,28,Business,2025-11-11,Quarterly,3000,No,0,Cash,Shubham Kale,Evening,No,Banner,29.2,57,Active,6000,"Prolift Fitness Gym, Wadi, Nagpur"
PFG20250601,Akash Kulkarni,Male,23,Working Professional,2025-02-22,Monthly,900,No,0,UPI,Aman Sharma,Morning,No,Friend Referral,18.2,59,Inactive,6000,"Prolift Fitness Gym, Wadi, Nagpur"
PFG20250292,Krishna Chaudhary,Male,29,Government Employee,2025-04-24,Monthly,900,Yes,3000,Card,Akshay Deshmukh,Morning,Yes,Friend Referral,21.8,91,Active,6000,"Prolift Fitness Gym, Wadi, Nagpur"
PFG20250713,Siddharth Yadav,Male,25,Student,2025-02-14,Quarterly,3000,No,0,Cash,Akshay Deshmukh,Morning,No,Walk-in,25.4,100,Active,6000,"Prolift Fitness Gym, Wadi, Nagpur"
PFG20250673,Rahul Chaudhary,Male,19,Working Professional,2025-03-16,Half Yearly,5000,No,0,Card,Akshay Deshmukh,Evening,Yes,Walk-in,21.5,83,Active,6000,"Prolift Fitness Gym, Wadi, Nagpur"
PFG20251047,Aarav Deshmukh,Male,26,Student,2025-09-16,Monthly,900,No,0,UPI,Rohit Patil,Evening,No,Friend Referral,23.1,101,Active,6000,"Prolift Fitness Gym, Wadi, Nagpur"
PFG20250659,Kavya Sharma,Female,28,Working Professional,2025-01-28,Monthly,900,No,0,UPI,Akshay Deshmukh,Morning,Yes,Google,31.6,52,Active,6000,"Prolift Fitness Gym, Wadi, Nagpur"
PFG20251065,Ritesh Chaudhary,Male,27,Working Professional,2025-05-17,Monthly,900,No,0,UPI,Shubham Kale,Morning,No,Existing Member,30.4,94,Active,6000,"Prolift Fitness Gym, Wadi, Nagpur"
PFG20250850,Simran Rao,Female,18,Student,2025-12-14,Yearly,8000,Yes,3000,UPI,Rohit Patil,Morning,No,Friend Referral,32.0,99,Inactive,6000,"Prolift Fitness Gym, Wadi, Nagpur"
PFG20250432,Sahil Mishra,Male,22,Government Employee,2025-11-13,Quarterly,3000,No,0,UPI,Rohit Patil,Morning,No,Existing Member,29.6,48,Active,6000,"Prolift Fitness Gym, Wadi, Nagpur"
PFG20250631,Pranav Tiwari,Male,21,Housewife,2025-11-26,Monthly,900,Yes,4000,UPI,Rohit Patil,Evening,No,Existing Member,28.1,89,Active,6000,"Prolift Fitness Gym, Wadi, Nagpur"
PFG20250772,Pranav Joshi,Male,28,Housewife,2025-01-06,Monthly,900,No,0,UPI,Aman Sharma,Morning,Yes,Walk-in,29.9,103,Active,6000,"Prolift Fitness Gym, Wadi, Nagpur"
PFG20250489,Sahil Kulkarni,Male,30,Government Employee,2025-10-14,Half Yearly,5000,No,0,UPI,Akshay Deshmukh,Evening,Yes,Banner,33.5,81,Active,6000,"Prolift Fitness Gym, Wadi, Nagpur"
PFG20250511,Muskan Rao,Female,20,Housewife,2025-08-19,Quarterly,3000,Yes,3000,UPI,Akshay Deshmukh,Morning,Yes,Instagram,27.3,63,Active,6000,"Prolift Fitness Gym, Wadi, Nagpur"
PFG20250539,Aman Yadav,Male,25,Freelancer,2025-11-23,Monthly,900,No,0,Card,Shubham Kale,Morning,Yes,Friend Referral,20.6,102,Active,6000,"Prolift Fitness Gym, Wadi, Nagpur"
PFG20250527,Simran Jain,Female,20,Working Professional,2025-12-02,Monthly,900,No,0,UPI,Aman Sharma,Evening,No,Instagram,29.7,54,Active,6000,"Prolift Fitness Gym, Wadi, Nagpur"
PFG20251058,Om Tiwari,Male,25,Student,2025-10-02,Monthly,900,No,0,UPI,Akshay Deshmukh,Morning,Yes,Friend Referral,30.8,48,Active,6000,"Prolift Fitness Gym, Wadi, Nagpur"
PFG20251073,Atharva Gupta,Male,19,Freelancer,2025-03-03,Monthly,900,No,0,UPI,Rohit Patil,Morning,Yes,Walk-in,18.9,90,Inactive,6000,"Prolift Fitness Gym, Wadi, Nagpur"
PFG20251107,Atharva Deshmukh,Male,24,Working Professional,2025-05-25,Quarterly,3000,Yes,3000,UPI,Aman Sharma,Morning,Yes,Banner,31.2,52,Inactive,6000,"Prolift Fitness Gym, Wadi, Nagpur"
PFG20250789,Simran Chaudhary,Female,18,Freelancer,2025-12-15,Half Yearly,5000,No,0,UPI,Aman Sharma,Evening,Yes,Existing Member,30.0,85,Active,6000,"Prolift Fitness Gym, Wadi, Nagpur"
PFG20250172,Aditya Kulkarni,Male,21,Working Professional,2025-12-22,Yearly,8000,Yes,4000,Card,Akshay Deshmukh,Morning,Yes,Walk-in,23.9,70,Active,6000,"Prolift Fitness Gym, Wadi, Nagpur"
PFG20250920,Vedant Rao,Male,24,Government Employee,2025-11-03,Quarterly,3000,No,0,Card,Akshay Deshmukh,Morning,No,Google,28.8,78,Active,6000,"Prolift Fitness Gym, Wadi, Nagpur"
PFG20250302,Sahil Patil,Male,23,Student,2025-03-15,Monthly,900,No,0,Cash,Akshay Deshmukh,Morning,Yes,Walk-in,27.2,65,Active,6000,"Prolift Fitness Gym, Wadi, Nagpur"
PFG20250406,Yash Kale,Male,23,Business,2025-09-21,Monthly,900,No,0,UPI,Aman Sharma,Morning,Yes,Instagram,21.0,62,Inactive,6000,"Prolift Fitness Gym, Wadi, Nagpur"
PFG20250482,Siddharth Yadav,Male,20,Government Employee,2025-12-18,Yearly,8000,No,0,Card,Rohit Patil,Evening,No,Instagram,22.4,68,Active,6000,"Prolift Fitness Gym, Wadi, Nagpur"
PFG20250866,Karan Kale,Male,28,Student,2025-01-15,Quarterly,3000,Yes,3000,UPI,Akshay Deshmukh,Morning,No,Walk-in,20.7,97,Active,6000,"Prolift Fitness Gym, Wadi, Nagpur"
PFG20250120,Ankit Borkar,Male,24,Government Employee,2025-07-22,Quarterly,3000,No,0,Cash,Akshay Deshmukh,Morning,Yes,Friend Referral,29.5,96,Active,6000,"Prolift Fitness Gym, Wadi, Nagpur"
PFG20250993,Aman Wankhede,Male,22,Freelancer,2025-01-23,Yearly,8000,No,0,Cash,Shubham Kale,Morning,Yes,Existing Member,27.1,62,Active,6000,"Prolift Fitness Gym, Wadi, Nagpur"
PFG20250577,Rohan Rao,Male,23,Student,2025-12-17,Quarterly,3000,No,0,UPI,Akshay Deshmukh,Morning,No,Friend Referral,30.3,80,Active,6000,"Prolift Fitness Gym, Wadi, Nagpur"
PFG20250759,Muskan Kale,Female,23,Government Employee,2025-03-20,Yearly,8000,Yes,3000,Cash,Akshay Deshmukh,Morning,Yes,Instagram,33.1,92,Active,6000,"Prolift Fitness Gym, Wadi, Nagpur"
PFG20250448,Sakshi Sharma,Female,21,Freelancer,2025-12-28,Monthly,900,Yes,3000,UPI,Shubham Kale,Morning,Yes,Banner,27.9,49,Active,6000,"Prolift Fitness Gym, Wadi, Nagpur"
PFG20250432,Sahil Mishra,Male,22,Government Employee,2025-07-08,Half Yearly,5000,No,0,Card,Rohit Patil,Evening,Yes,Instagram,31.2,52,Active,6000,"Prolift Fitness Gym, Wadi, Nagpur"
PFG20250497,Aditi Tiwari,Female,23,Business,2025-09-04,Monthly,900,No,0,UPI,Shubham Kale,Evening,No,Friend Referral,20.4,87,Active,6000,"Prolift Fitness Gym, Wadi, Nagpur"
PFG20250473,Rahul Verma,Male,21,Freelancer,2025-01-19,Half Yearly,5000,No,0,Cash,Akshay Deshmukh,Evening,Yes,Banner,22.1,48,Active,6000,"Prolift Fitness Gym, Wadi, Nagpur"
PFG20250740,Aditya Chaudhary,Male,19,Government Employee,2025-09-03,Monthly,900,No,0,Card,Akshay Deshmukh,Morning,No,Existing Member,19.8,87,Active,6000,"Prolift Fitness Gym, Wadi, Nagpur"
PFG20250376,Akash Joshi,Male,26,Working Professional,2025-11-05,Quarterly,3000,No,0,UPI,Shubham Kale,Morning,No,Walk-in,18.9,97,Active,6000,"Prolift Fitness Gym, Wadi, Nagpur"
PFG20251116,Sneha Wankhede,Female,27,Working Professional,2025-03-12,Quarterly,3000,Yes,3000,UPI,Rohit Patil,Evening,Yes,Google,18.6,59,Active,6000,"Prolift Fitness Gym, Wadi, Nagpur"
PFG20250951,Ritesh Patil,Male,25,Business,2025-09-16,Monthly,900,No,0,UPI,Rohit Patil,Evening,No,Existing Member,28.1,59,Inactive,6000,"Prolift Fitness Gym, Wadi, Nagpur"
PFG20250557,Ritesh Jain,Male,24,Student,2025-05-20,Monthly,900,No,0,UPI,Aman Sharma,Morning,No,Walk-in,18.9,85,Active,6000,"Prolift Fitness Gym, Wadi, Nagpur"
PFG20250100,Rahul Chaudhary,Male,19,Student,2025-02-27,Monthly,900,No,0,UPI,Aman Sharma,Morning,Yes,Instagram,25.7,51,Active,6000,"Prolift Fitness Gym, Wadi, Nagpur"
PFG20250679,Aditi Kale,Female,21,Student,2025-03-17,Monthly,900,No,0,Cash,Akshay Deshmukh,Morning,Yes,Friend Referral,32.0,105,Active,6000,"Prolift Fitness Gym, Wadi, Nagpur"
PFG20250553,Rahul Chaudhary,Male,21,Housewife,2025-02-19,Quarterly,3000,Yes,4000,Cash,Shubham Kale,Evening,Yes,Walk-in,25.8,84,Active,6000,"Prolift Fitness Gym, Wadi, Nagpur"
PFG20250358,Sakshi Chaudhary,Female,30,Student,2025-07-16,Half Yearly,5000,Yes,2500,Card,Shubham Kale,Evening,Yes,Instagram,32.3,52,Active,6000,"Prolift Fitness Gym, Wadi, Nagpur"
PFG20250131,Atharva Jain,Male,20,Working Professional,2025-09-03,Half Yearly,5000,No,0,Card,Aman Sharma,Morning,Yes,Friend Referral,28.8,48,Inactive,6000,"Prolift Fitness Gym, Wadi, Nagpur"
PFG20250451,Aarav Jain,Male,21,Business,2025-10-24,Half Yearly,5000,No,0,UPI,Akshay Deshmukh,Morning,Yes,Instagram,31.8,73,Active,6000,"Prolift Fitness Gym, Wadi, Nagpur"
PFG20250418,Aman Chaudhary,Male,25,Freelancer,2025-11-16,Monthly,900,No,0,Card,Shubham Kale,Morning,Yes,Walk-in,32.7,104,Active,6000,"Prolift Fitness Gym, Wadi, Nagpur"
PFG20250607,Ritesh Jain,Male,22,Working Professional,2025-09-05,Half Yearly,5000,No,0,Cash,Aman Sharma,Evening,Yes,Banner,26.6,54,Active,6000,"Prolift Fitness Gym, Wadi, Nagpur"
PFG20251042,Sahil Rao,Male,30,Business,2025-01-10,Monthly,900,No,0,UPI,Aman Sharma,Morning,No,Friend Referral,25.2,99,Active,6000,"Prolift Fitness Gym, Wadi, Nagpur"
PFG20250824,Krishna Wankhede,Male,27,Student,2025-05-24,Monthly,900,No,0,Cash,Shubham Kale,Morning,No,Friend Referral,20.6,48,Active,6000,"Prolift Fitness Gym, Wadi, Nagpur"
PFG20250351,Pooja Gupta,Female,21,Business,2025-12-19,Yearly,8000,Yes,4000,Card,Shubham Kale,Evening,Yes,Instagram,27.0,95,Active,6000,"Prolift Fitness Gym, Wadi, Nagpur"
PFG20251028,Simran Borkar,Female,28,Business,2025-01-17,Half Yearly,5000,No,0,Card,Akshay Deshmukh,Evening,No,Instagram,23.6,73,Active,6000,"Prolift Fitness Gym, Wadi, Nagpur"
PFG20250912,Pranav Jain,Male,19,Student,2025-02-28,Monthly,900,No,0,UPI,Rohit Patil,Evening,Yes,Instagram,31.6,89,Active,6000,"Prolift Fitness Gym, Wadi, Nagpur"
PFG20250460,Sakshi Borkar,Female,27,Working Professional,2025-09-06,Quarterly,3000,No,0,Cash,Rohit Patil,Evening,No,Google,32.9,99,Inactive,6000,"Prolift Fitness Gym, Wadi, Nagpur"
PFG20250081,Pranav Kulkarni,Male,18,Working Professional,2025-12-04,Half Yearly,5000,No,0,Cash,Akshay Deshmukh,Evening,No,Friend Referral,30.4,103,Active,6000,"Prolift Fitness Gym, Wadi, Nagpur"
PFG20250629,Siddharth Kulkarni,Male,24,Freelancer,2025-05-19,Monthly,900,Yes,3000,UPI,Rohit Patil,Evening,Yes,Friend Referral,19.0,70,Active,6000,"Prolift Fitness Gym, Wadi, Nagpur"
PFG20250392,Nikhil Gupta,Male,23,Business,2025-01-08,Monthly,900,No,0,Cash,Shubham Kale,Morning,No,Friend Referral,26.0,69,Active,6000,"Prolift Fitness Gym, Wadi, Nagpur"
PFG20251048,Arjun Borkar,Male,19,Student,2025-03-20,Yearly,8000,No,0,UPI,Aman Sharma,Evening,No,Banner,30.4,71,Active,6000,"Prolift Fitness Gym, Wadi, Nagpur"
PFG20250415,Ankit Patel,Male,28,Student,2025-01-04,Quarterly,3000,No,0,UPI,Aman Sharma,Evening,No,Walk-in,30.0,66,Active,6000,"Prolift Fitness Gym, Wadi, Nagpur"
PFG20250630,Aditya Chaudhary,Male,24,Business,2025-09-13,Monthly,900,No,0,UPI,Shubham Kale,Morning,No,Instagram,30.4,57,Active,6000,"Prolift Fitness Gym, Wadi, Nagpur"
PFG20250911,Pranav Patel,Male,27,Business,2025-01-24,Yearly,8000,Yes,3000,UPI,Aman Sharma,Evening,No,Friend Referral,23.7,85,Active,6000,"Prolift Fitness Gym, Wadi, Nagpur"
PFG20250189,Riya Kale,Female,18,Business,2025-02-06,Quarterly,3000,Yes,2500,Cash,Shubham Kale,Morning,Yes,Instagram,27.0,71,Active,6000,"Prolift Fitness Gym, Wadi, Nagpur"
PFG20250266,Rahul Kale,Male,26,Housewife,2025-10-11,Yearly,8000,No,0,UPI,Aman Sharma,Evening,No,Friend Referral,27.1,65,Active,6000,"Prolift Fitness Gym, Wadi, Nagpur"
PFG20250353,Vedant Wankhede,Male,23,Student,2025-01-03,Quarterly,3000,No,0,UPI,Rohit Patil,Morning,No,Walk-in,20.6,74,Active,6000,"Prolift Fitness Gym, Wadi, Nagpur"
PFG20250516,Sahil Deshmukh,Male,21,Working Professional,2025-12-27,Half Yearly,5000,No,0,Card,Rohit Patil,Morning,Yes,Friend Referral,31.8,51,Active,6000,"Prolift Fitness Gym, Wadi, Nagpur"
PFG20250617,Arjun Kale,Male,26,Housewife,2025-01-02,Monthly,900,No,0,UPI,Aman Sharma,Evening,Yes,Banner,23.2,52,Active,6000,"Prolift Fitness Gym, Wadi, Nagpur"
PFG20250565,Krishna Sharma,Male,27,Government Employee,2025-04-08,Monthly,900,No,0,UPI,Shubham Kale,Morning,Yes,Google,30.5,50,Active,6000,"Prolift Fitness Gym, Wadi, Nagpur"
PFG20251098,Nikhil Joshi,Male,25,Freelancer,2025-01-22,Monthly,900,No,0,Cash,Aman Sharma,Evening,Yes,Banner,29.1,86,Active,6000,"Prolift Fitness Gym, Wadi, Nagpur"
PFG20251010,Harsh Joshi,Male,30,Working Professional,2025-11-01,Quarterly,3000,No,0,UPI,Shubham Kale,Morning,Yes,Friend Referral,21.9,104,Active,6000,"Prolift Fitness Gym, Wadi, Nagpur"
PFG20250488,Pranav Wankhede,Male,25,Business,2025-01-08,Monthly,900,No,0,UPI,Shubham Kale,Evening,No,Friend Referral,22.3,104,Active,6000,"Prolift Fitness Gym, Wadi, Nagpur"
PFG20250109,Vivaan Deshmukh,Male,24,Working Professional,2025-01-28,Quarterly,3000,No,0,Cash,Rohit Patil,Evening,Yes,Friend Referral,24.8,91,Active,6000,"Prolift Fitness Gym, Wadi, Nagpur"
PFG20250523,Ritesh Tiwari,Male,20,Student,2025-11-10,Quarterly,3000,Yes,4000,Cash,Shubham Kale,Evening,No,Banner,19.3,77,Inactive,6000,"Prolift Fitness Gym, Wadi, Nagpur"
PFG20250035,Vivaan Kale,Male,18,Freelancer,2025-05-19,Monthly,900,Yes,3000,Cash,Shubham Kale,Morning,No,Existing Member,26.8,68,Active,6000,"Prolift Fitness Gym, Wadi, Nagpur"
PFG20250225,Yash Sharma,Male,19,Government Employee,2025-09-18,Half Yearly,5000,No,0,Cash,Shubham Kale,Evening,No,Instagram,18.4,66,Active,6000,"Prolift Fitness Gym, Wadi, Nagpur"
PFG20250484,Vivaan Verma,Male,23,Government Employee,2025-11-20,Monthly,900,No,0,UPI,Rohit Patil,Evening,No,Existing Member,21.6,99,Active,6000,"Prolift Fitness Gym, Wadi, Nagpur"
PFG20251152,Ankit Jain,Male,27,Government Employee,2025-07-03,Monthly,900,No,0,Card,Shubham Kale,Evening,Yes,Existing Member,31.0,76,Active,6000,"Prolift Fitness Gym, Wadi, Nagpur"
PFG20250856,Ankit Wankhede,Male,22,Business,2025-02-09,Yearly,8000,Yes,2500,UPI,Rohit Patil,Evening,No,Instagram,32.1,48,Active,6000,"Prolift Fitness Gym, Wadi, Nagpur"
PFG20250690,Priya Jain,Female,25,Housewife,2025-02-26,Monthly,900,Yes,3000,Cash,Rohit Patil,Evening,No,Friend Referral,28.7,49,Active,6000,"Prolift Fitness Gym, Wadi, Nagpur"
PFG20250231,Aman Verma,Male,25,Government Employee,2025-04-12,Quarterly,3000,No,0,UPI,Rohit Patil,Evening,Yes,Friend Referral,18.8,78,Active,6000,"Prolift Fitness Gym, Wadi, Nagpur"
PFG20250228,Rohan Verma,Male,19,Government Employee,2025-12-07,Monthly,900,No,0,UPI,Aman Sharma,Evening,Yes,Walk-in,19.2,97,Inactive,6000,"Prolift Fitness Gym, Wadi, Nagpur"
PFG20250408,Pooja Jain,Female,25,Housewife,2025-12-28,Quarterly,3000,Yes,3000,UPI,Rohit Patil,Evening,Yes,Friend Referral,21.3,78,Active,6000,"Prolift Fitness Gym, Wadi, Nagpur"
PFG20250470,Rohan Thakur,Male,25,Working Professional,2025-02-17,Yearly,8000,No,0,Cash,Aman Sharma,Morning,Yes,Friend Referral,19.6,96,Inactive,6000,"Prolift Fitness Gym, Wadi, Nagpur"
PFG20250348,Aarav Deshmukh,Male,26,Government Employee,2025-01-08,Quarterly,3000,No,0,UPI,Shubham Kale,Evening,No,Friend Referral,20.1,104,Active,6000,"Prolift Fitness Gym, Wadi, Nagpur"
PFG20250739,Vivaan Chaudhary,Male,26,Housewife,2025-01-01,Monthly,900,No,0,Card,Akshay Deshmukh,Evening,Yes,Google,26.3,98,Active,6000,"Prolift Fitness Gym, Wadi, Nagpur"
PFG20250979,Rohan Kale,Male,24,Housewife,2025-01-04,Quarterly,3000,No,0,UPI,Aman Sharma,Morning,Yes,Instagram,31.1,65,Active,6000,"Prolift Fitness Gym, Wadi, Nagpur"
PFG20250676,Aditya Borkar,Male,24,Government Employee,2025-12-01,Monthly,900,No,0,UPI,Aman Sharma,Morning,Yes,Google,21.0,90,Inactive,6000,"Prolift Fitness Gym, Wadi, Nagpur"
PFG20250416,Sahil Rao,Male,24,Government Employee,2025-05-06,Quarterly,3000,No,0,UPI,Shubham Kale,Morning,Yes,Banner,26.0,60,Active,6000,"Prolift Fitness Gym, Wadi, Nagpur"
PFG20250620,Aman Verma,Male,27,Student,2025-04-09,Quarterly,3000,No,0,UPI,Aman Sharma,Morning,Yes,Instagram,23.8,58,Inactive,6000,"Prolift Fitness Gym, Wadi, Nagpur"
PFG20250452,Akash Wankhede,Male,28,Government Employee,2025-07-26,Half Yearly,5000,No,0,UPI,Akshay Deshmukh,Morning,No,Google,30.9,85,Active,6000,"Prolift Fitness Gym, Wadi, Nagpur"
PFG20251173,Vivaan Jain,Male,30,Government Employee,2025-04-16,Monthly,900,No,0,UPI,Shubham Kale,Morning,Yes,Existing Member,27.9,69,Active,6000,"Prolift Fitness Gym, Wadi, Nagpur"
PFG20250259,Atharva Verma,Male,29,Business,2025-12-05,Monthly,900,Yes,3000,UPI,Rohit Patil,Evening,No,Walk-in,21.6,61,Active,6000,"Prolift Fitness Gym, Wadi, Nagpur"
PFG20250274,Rohan Deshmukh,Male,28,Housewife,2025-01-16,Monthly,900,No,0,Cash,Shubham Kale,Evening,No,Friend Referral,25.5,95,Active,6000,"Prolift Fitness Gym, Wadi, Nagpur"
PFG20251171,Arjun Kulkarni,Male,22,Housewife,2025-01-26,Monthly,900,No,0,Cash,Shubham Kale,Evening,Yes,Banner,30.3,74,Inactive,6000,"Prolift Fitness Gym, Wadi, Nagpur"
PFG20250396,Harsh Rao,Male,18,Government Employee,2025-11-09,Monthly,900,No,0,Card,Shubham Kale,Morning,Yes,Friend Referral,24.3,72,Active,6000,"Prolift Fitness Gym, Wadi, Nagpur"
PFG20250621,Vivaan Deshmukh,Male,19,Student,2025-09-02,Yearly,8000,No,0,UPI,Shubham Kale,Morning,No,Banner,25.3,96,Active,6000,"Prolift Fitness Gym, Wadi, Nagpur"
PFG20250108,Sahil Patel,Male,20,Freelancer,2025-12-06,Monthly,900,No,0,Cash,Aman Sharma,Morning,Yes,Friend Referral,30.9,101,Active,6000,"Prolift Fitness Gym, Wadi, Nagpur"
PFG20250237,Pranav Mishra,Male,27,Working Professional,2025-06-07,Monthly,900,No,0,UPI,Aman Sharma,Morning,No,Instagram,22.4,101,Active,6000,"Prolift Fitness Gym, Wadi, Nagpur"
PFG20250320,Shubham Thakur,Male,18,Housewife,2025-11-08,Half Yearly,5000,No,0,UPI,Rohit Patil,Morning,Yes,Friend Referral,29.4,95,Active,6000,"Prolift Fitness Gym, Wadi, Nagpur"
PFG20250184,Neha Joshi,Female,18,Business,2025-05-11,Monthly,900,Yes,3000,Cash,Akshay Deshmukh,Evening,Yes,Walk-in,27.1,77,Active,6000,"Prolift Fitness Gym, Wadi, Nagpur"
PFG20250708,Aarav Borkar,Male,24,Working Professional,2025-05-21,Monthly,900,No,0,UPI,Aman Sharma,Morning,Yes,Banner,23.3,87,Inactive,6000,"Prolift Fitness Gym, Wadi, Nagpur"
PFG20250910,Karan Verma,Male,18,Government Employee,2025-04-20,Monthly,900,No,0,UPI,Rohit Patil,Morning,Yes,Instagram,24.7,101,Active,6000,"Prolift Fitness Gym, Wadi, Nagpur"
PFG20250216,Atharva Joshi,Male,29,Government Employee,2025-12-27,Yearly,8000,No,0,Cash,Aman Sharma,Evening,No,Walk-in,29.3,85,Active,6000,"Prolift Fitness Gym, Wadi, Nagpur"
PFG20250923,Aditi Borkar,Female,30,Business,2025-03-24,Monthly,900,Yes,2500,UPI,Akshay Deshmukh,Evening,Yes,Friend Referral,31.8,92,Active,6000,"Prolift Fitness Gym, Wadi, Nagpur"
PFG20250217,Ritesh Gupta,Male,18,Freelancer,2025-04-18,Quarterly,3000,No,0,UPI,Shubham Kale,Evening,No,Google,28.0,84,Active,6000,"Prolift Fitness Gym, Wadi, Nagpur"
PFG20251022,Karan Joshi,Male,29,Business,2025-03-09,Monthly,900,No,0,UPI,Rohit Patil,Evening,Yes,Instagram,24.6,86,Active,6000,"Prolift Fitness Gym, Wadi, Nagpur"
PFG20250481,Akash Verma,Male,23,Business,2025-01-09,Quarterly,3000,No,0,UPI,Akshay Deshmukh,Morning,Yes,Friend Referral,26.6,54,Active,6000,"Prolift Fitness Gym, Wadi, Nagpur"
PFG20250254,Arjun Sharma,Male,27,Government Employee,2025-01-01,Monthly,900,No,0,UPI,Shubham Kale,Morning,Yes,Google,25.3,56,Active,6000,"Prolift Fitness Gym, Wadi, Nagpur"
PFG20250403,Aman Verma,Male,29,Working Professional,2025-12-22,Monthly,900,No,0,UPI,Akshay Deshmukh,Morning,Yes,Friend Referral,21.0,98,Inactive,6000,"Prolift Fitness Gym, Wadi, Nagpur"
PFG20250612,Yash Tiwari,Male,26,Student,2025-01-20,Half Yearly,5000,No,0,UPI,Rohit Patil,Morning,No,Google,32.3,62,Active,6000,"Prolift Fitness Gym, Wadi, Nagpur"
PFG20250428,Aman Thakur,Male,19,Business,2025-07-18,Monthly,900,No,0,UPI,Aman Sharma,Evening,No,Friend Referral,28.7,87,Active,6000,"Prolift Fitness Gym, Wadi, Nagpur"
PFG20250851,Akash Joshi,Male,21,Business,2025-12-18,Monthly,900,Yes,3000,Cash,Akshay Deshmukh,Morning,Yes,Walk-in,24.8,50,Active,6000,"Prolift Fitness Gym, Wadi, Nagpur"
PFG20250782,Shubham Sharma,Male,25,Working Professional,2025-12-09,Monthly,900,No,0,UPI,Aman Sharma,Evening,Yes,Google,23.5,63,Active,6000,"Prolift Fitness Gym, Wadi, Nagpur"
PFG20250243,Aditya Gupta,Male,19,Housewife,2025-10-22,Half Yearly,5000,Yes,2500,UPI,Rohit Patil,Morning,No,Banner,18.8,82,Active,6000,"Prolift Fitness Gym, Wadi, Nagpur"
PFG20250483,Aditi Gupta,Female,28,Business,2025-04-01,Monthly,900,No,0,UPI,Akshay Deshmukh,Evening,Yes,Existing Member,22.9,84,Active,6000,"Prolift Fitness Gym, Wadi, Nagpur"
PFG20250650,Karan Patel,Male,20,Student,2025-03-16,Monthly,900,No,0,Cash,Aman Sharma,Evening,Yes,Google,30.6,62,Active,6000,"Prolift Fitness Gym, Wadi, Nagpur"
PFG20250631,Pranav Tiwari,Male,21,Housewife,2025-01-01,Quarterly,3000,Yes,2500,UPI,Rohit Patil,Morning,No,Banner,29.4,51,Active,6000,"Prolift Fitness Gym, Wadi, Nagpur"
PFG20250934,Ritesh Borkar,Male,21,Business,2025-05-25,Quarterly,3000,No,0,UPI,Shubham Kale,Morning,Yes,Friend Referral,31.4,81,Inactive,6000,"Prolift Fitness Gym, Wadi, Nagpur"
PFG20250669,Om Jain,Male,18,Freelancer,2025-11-08,Monthly,900,No,0,Card,Akshay Deshmukh,Evening,Yes,Instagram,20.6,54,Active,6000,"Prolift Fitness Gym, Wadi, Nagpur"
PFG20250475,Yash Wankhede,Male,20,Student,2025-06-05,Half Yearly,5000,Yes,4000,UPI,Shubham Kale,Morning,Yes,Friend Referral,25.5,100,Active,6000,"Prolift Fitness Gym, Wadi, Nagpur"
PFG20250194,Vivaan Chaudhary,Male,22,Housewife,2025-11-05,Monthly,900,No,0,UPI,Akshay Deshmukh,Morning,No,Banner,30.1,95,Inactive,6000,"Prolift Fitness Gym, Wadi, Nagpur"
PFG20250140,Pranav Yadav,Male,22,Working Professional,2025-05-17,Monthly,900,Yes,2500,Cash,Akshay Deshmukh,Evening,Yes,Google,32.3,102,Active,6000,"Prolift Fitness Gym, Wadi, Nagpur"
PFG20250157,Vivaan Yadav,Male,27,Freelancer,2025-02-19,Monthly,900,No,0,UPI,Aman Sharma,Morning,No,Instagram,21.8,57,Active,6000,"Prolift Fitness Gym, Wadi, Nagpur"
PFG20250426,Pooja Thakur,Female,30,Working Professional,2025-07-14,Yearly,8000,Yes,3000,UPI,Rohit Patil,Morning,No,Friend Referral,22.1,63,Active,6000,"Prolift Fitness Gym, Wadi, Nagpur"
PFG20250666,Harsh Sharma,Male,30,Freelancer,2025-11-08,Yearly,8000,No,0,Card,Akshay Deshmukh,Evening,Yes,Instagram,31.4,91,Active,6000,"Prolift Fitness Gym, Wadi, Nagpur"
PFG20250125,Aditya Patil,Male,29,Business,2025-06-27,Monthly,900,No,0,UPI,Rohit Patil,Evening,No,Google,21.1,59,Active,6000,"Prolift Fitness Gym, Wadi, Nagpur"
PFG20250350,Kavya Patel,Female,19,Freelancer,2025-11-12,Quarterly,3000,No,0,UPI,Rohit Patil,Morning,No,Walk-in,18.8,97,Active,6000,"Prolift Fitness Gym, Wadi, Nagpur"
PFG20250954,Arjun Thakur,Male,19,Business,2025-08-14,Monthly,900,No,0,Cash,Akshay Deshmukh,Morning,No,Instagram,30.2,101,Active,6000,"Prolift Fitness Gym, Wadi, Nagpur"
PFG20251064,Shubham Mishra,Male,22,Housewife,2025-01-25,Quarterly,3000,No,0,UPI,Akshay Deshmukh,Evening,Yes,Friend Referral,31.9,48,Active,6000,"Prolift Fitness Gym, Wadi, Nagpur"
PFG20251180,Atharva Yadav,Male,27,Freelancer,2025-12-27,Quarterly,3000,No,0,UPI,Akshay Deshmukh,Evening,No,Instagram,30.1,82,Active,6000,"Prolift Fitness Gym, Wadi, Nagpur"
PFG20250213,Muskan Chaudhary,Female,19,Business,2025-01-17,Monthly,900,No,0,Card,Shubham Kale,Evening,Yes,Google,21.6,95,Active,6000,"Prolift Fitness Gym, Wadi, Nagpur"
PFG20250364,Ritesh Borkar,Male,22,Housewife,2025-08-27,Monthly,900,No,0,UPI,Rohit Patil,Evening,Yes,Instagram,19.6,101,Inactive,6000,"Prolift Fitness Gym, Wadi, Nagpur"
PFG20250480,Nikhil Chaudhary,Male,28,Student,2025-12-25,Yearly,8000,No,0,Cash,Shubham Kale,Morning,Yes,Walk-in,19.2,70,Active,6000,"Prolift Fitness Gym, Wadi, Nagpur"
PFG20250528,Sakshi Thakur,Female,27,Business,2025-11-07,Quarterly,3000,No,0,Cash,Aman Sharma,Evening,No,Instagram,25.5,75,Active,6000,"Prolift Fitness Gym, Wadi, Nagpur"
PFG20250034,Harsh Patil,Male,27,Government Employee,2025-08-26,Monthly,900,No,0,UPI,Aman Sharma,Morning,Yes,Walk-in,20.2,69,Active,6000,"Prolift Fitness Gym, Wadi, Nagpur"
PFG20250558,Yash Jain,Male,23,Housewife,2025-02-21,Monthly,900,No,0,UPI,Aman Sharma,Evening,No,Walk-in,22.2,91,Active,6000,"Prolift Fitness Gym, Wadi, Nagpur"
PFG20250639,Aditya Rao,Male,29,Business,2025-09-18,Monthly,900,No,0,Card,Aman Sharma,Morning,Yes,Friend Referral,27.2,69,Active,6000,"Prolift Fitness Gym, Wadi, Nagpur"
PFG20250726,Muskan Yadav,Female,18,Freelancer,2025-01-20,Monthly,900,No,0,Cash,Aman Sharma,Morning,Yes,Friend Referral,32.5,51,Active,6000,"Prolift Fitness Gym, Wadi, Nagpur"
PFG20250135,Vivaan Tiwari,Male,19,Working Professional,2025-09-14,Half Yearly,5000,No,0,UPI,Rohit Patil,Evening,Yes,Friend Referral,28.0,95,Active,6000,"Prolift Fitness Gym, Wadi, Nagpur"
PFG20250256,Nikhil Verma,Male,21,Housewife,2025-09-02,Monthly,900,Yes,2500,UPI,Aman Sharma,Evening,Yes,Banner,24.3,76,Inactive,6000,"Prolift Fitness Gym, Wadi, Nagpur"
PFG20250166,Arjun Kale,Male,27,Housewife,2025-03-26,Yearly,8000,Yes,2500,UPI,Aman Sharma,Evening,Yes,Google,21.2,72,Inactive,6000,"Prolift Fitness Gym, Wadi, Nagpur"
PFG20250611,Vivaan Wankhede,Male,18,Housewife,2025-06-03,Quarterly,3000,No,0,UPI,Aman Sharma,Evening,Yes,Walk-in,33.0,63,Active,6000,"Prolift Fitness Gym, Wadi, Nagpur"
PFG20250385,Rohan Sharma,Male,21,Freelancer,2025-12-17,Monthly,900,No,0,UPI,Aman Sharma,Morning,Yes,Walk-in,32.1,104,Active,6000,"Prolift Fitness Gym, Wadi, Nagpur"
PFG20250677,Shubham Patel,Male,22,Government Employee,2025-01-27,Half Yearly,5000,No,0,UPI,Akshay Deshmukh,Evening,No,Existing Member,29.1,84,Active,6000,"Prolift Fitness Gym, Wadi, Nagpur"
PFG20250778,Vedant Wankhede,Male,25,Student,2025-06-10,Half Yearly,5000,No,0,UPI,Rohit Patil,Morning,Yes,Instagram,18.4,65,Active,6000,"Prolift Fitness Gym, Wadi, Nagpur"
PFG20250321,Arjun Borkar,Male,19,Government Employee,2025-01-05,Monthly,900,No,0,UPI,Aman Sharma,Evening,Yes,Friend Referral,28.8,67,Inactive,6000,"Prolift Fitness Gym, Wadi, Nagpur"
PFG20251132,Vedant Wankhede,Male,22,Freelancer,2025-04-17,Quarterly,3000,No,0,UPI,Akshay Deshmukh,Morning,No,Banner,24.3,56,Active,6000,"Prolift Fitness Gym, Wadi, Nagpur"
PFG20250097,Shruti Thakur,Female,23,Working Professional,2025-12-06,Quarterly,3000,Yes,2500,UPI,Shubham Kale,Morning,Yes,Google,33.0,73,Active,6000,"Prolift Fitness Gym, Wadi, Nagpur"
PFG20250284,Atharva Wankhede,Male,19,Student,2025-11-20,Monthly,900,No,0,UPI,Shubham Kale,Morning,Yes,Banner,21.8,85,Active,6000,"Prolift Fitness Gym, Wadi, Nagpur"
PFG20250509,Muskan Patil,Female,28,Government Employee,2025-06-03,Yearly,8000,Yes,2500,Card,Shubham Kale,Morning,No,Instagram,23.0,56,Active,6000,"Prolift Fitness Gym, Wadi, Nagpur"
PFG20250508,Akash Wankhede,Male,23,Student,2025-03-14,Monthly,900,No,0,Cash,Shubham Kale,Morning,Yes,Existing Member,33.1,48,Active,6000,"Prolift Fitness Gym, Wadi, Nagpur"
PFG20250542,Shubham Jain,Male,19,Housewife,2025-12-07,Monthly,900,No,0,Card,Aman Sharma,Evening,Yes,Friend Referral,25.8,55,Active,6000,"Prolift Fitness Gym, Wadi, Nagpur"
PFG20250055,Sneha Chaudhary,Female,24,Government Employee,2025-01-09,Yearly,8000,Yes,4000,UPI,Shubham Kale,Evening,Yes,Existing Member,29.5,58,Active,6000,"Prolift Fitness Gym, Wadi, Nagpur"
PFG20250158,Om Patil,Male,23,Freelancer,2025-02-20,Half Yearly,5000,No,0,Cash,Aman Sharma,Morning,No,Instagram,31.0,63,Active,6000,"Prolift Fitness Gym, Wadi, Nagpur"
PFG20250404,Krishna Deshmukh,Male,24,Business,2025-10-15,Yearly,8000,Yes,2500,UPI,Rohit Patil,Evening,No,Friend Referral,29.3,51,Active,6000,"Prolift Fitness Gym, Wadi, Nagpur"
PFG20250025,Aditi Yadav,Female,21,Housewife,2025-04-19,Monthly,900,No,0,UPI,Shubham Kale,Evening,No,Instagram,31.3,72,Active,6000,"Prolift Fitness Gym, Wadi, Nagpur"
PFG20250439,Yash Joshi,Male,25,Housewife,2025-10-15,Quarterly,3000,No,0,Cash,Akshay Deshmukh,Morning,No,Walk-in,25.2,87,Active,6000,"Prolift Fitness Gym, Wadi, Nagpur"
PFG20250340,Ankit Patel,Male,30,Working Professional,2025-09-16,Half Yearly,5000,No,0,UPI,Aman Sharma,Evening,No,Walk-in,24.5,58,Active,6000,"Prolift Fitness Gym, Wadi, Nagpur"
PFG20250800,Aditya Kale,Male,26,Housewife,2025-09-22,Half Yearly,5000,No,0,UPI,Aman Sharma,Evening,Yes,Existing Member,33.0,62,Active,6000,"Prolift Fitness Gym, Wadi, Nagpur"
PFG20250047,Ritesh Jain,Male,24,Government Employee,2025-05-08,Monthly,900,No,0,UPI,Rohit Patil,Morning,Yes,Existing Member,22.2,90,Active,6000,"Prolift Fitness Gym, Wadi, Nagpur"
PFG20250286,Nikhil Kulkarni,Male,30,Business,2025-05-23,Monthly,900,Yes,4000,Card,Aman Sharma,Evening,No,Friend Referral,19.0,88,Inactive,6000,"Prolift Fitness Gym, Wadi, Nagpur"
PFG20251006,Ritesh Rao,Male,30,Working Professional,2025-03-18,Yearly,8000,Yes,2500,UPI,Akshay Deshmukh,Morning,Yes,Friend Referral,28.0,53,Inactive,6000,"Prolift Fitness Gym, Wadi, Nagpur"
PFG20250393,Rahul Thakur,Male,19,Business,2025-10-10,Yearly,8000,Yes,3000,Card,Shubham Kale,Morning,Yes,Google,30.9,76,Active,6000,"Prolift Fitness Gym, Wadi, Nagpur"
PFG20250288,Ritesh Rao,Male,19,Business,2025-03-10,Monthly,900,No,0,UPI,Aman Sharma,Morning,Yes,Walk-in,22.1,51,Active,6000,"Prolift Fitness Gym, Wadi, Nagpur"
PFG20250766,Om Jain,Male,28,Freelancer,2025-11-26,Half Yearly,5000,Yes,2500,Cash,Shubham Kale,Evening,No,Friend Referral,29.0,94,Active,6000,"Prolift Fitness Gym, Wadi, Nagpur"
PFG20250002,Nikhil Deshmukh,Male,25,Freelancer,2025-02-13,Quarterly,3000,No,0,UPI,Aman Sharma,Morning,Yes,Friend Referral,33.1,54,Inactive,6000,"Prolift Fitness Gym, Wadi, Nagpur"
PFG20250236,Siddharth Borkar,Male,26,Government Employee,2025-01-01,Quarterly,3000,No,0,Cash,Rohit Patil,Morning,No,Walk-in,19.5,105,Active,6000,"Prolift Fitness Gym, Wadi, Nagpur"
PFG20250665,Vivaan Deshmukh,Male,23,Freelancer,2025-03-26,Quarterly,3000,Yes,2500,Cash,Rohit Patil,Morning,Yes,Existing Member,32.6,94,Inactive,6000,"Prolift Fitness Gym, Wadi, Nagpur"
PFG20250793,Priya Deshmukh,Female,22,Student,2025-01-06,Quarterly,3000,No,0,Cash,Aman Sharma,Morning,Yes,Walk-in,33.0,53,Active,6000,"Prolift Fitness Gym, Wadi, Nagpur"
PFG20251123,Vivaan Wankhede,Male,26,Business,2025-12-22,Monthly,900,No,0,Card,Shubham Kale,Morning,Yes,Google,31.3,60,Inactive,6000,"Prolift Fitness Gym, Wadi, Nagpur"
PFG20250803,Ritesh Sharma,Male,29,Student,2025-02-11,Quarterly,3000,No,0,Card,Shubham Kale,Morning,Yes,Instagram,23.3,66,Inactive,6000,"Prolift Fitness Gym, Wadi, Nagpur"
PFG20250405,Neha Verma,Female,25,Housewife,2025-05-28,Monthly,900,No,0,Cash,Shubham Kale,Evening,Yes,Friend Referral,32.8,96,Inactive,6000,"Prolift Fitness Gym, Wadi, Nagpur"
PFG20251061,Sakshi Sharma,Female,22,Business,2025-01-16,Quarterly,3000,No,0,Cash,Shubham Kale,Evening,Yes,Existing Member,23.2,59,Active,6000,"Prolift Fitness Gym, Wadi, Nagpur"
PFG20250517,Atharva Patil,Male,28,Business,2025-06-11,Half Yearly,5000,No,0,UPI,Rohit Patil,Evening,No,Friend Referral,21.5,57,Active,6000,"Prolift Fitness Gym, Wadi, Nagpur"
PFG20250159,Aarav Yadav,Male,24,Business,2025-08-26,Quarterly,3000,No,0,Cash,Shubham Kale,Evening,Yes,Friend Referral,21.1,62,Active,6000,"Prolift Fitness Gym, Wadi, Nagpur"
PFG20250703,Nikita Sharma,Female,22,Government Employee,2025-11-05,Quarterly,3000,Yes,2500,UPI,Akshay Deshmukh,Morning,Yes,Friend Referral,26.4,77,Active,6000,"Prolift Fitness Gym, Wadi, Nagpur"
PFG20250294,Pranav Patil,Male,29,Student,2025-06-21,Monthly,900,No,0,Card,Aman Sharma,Morning,Yes,Walk-in,24.3,63,Inactive,6000,"Prolift Fitness Gym, Wadi, Nagpur"
PFG20250090,Yash Mishra,Male,30,Business,2025-01-14,Yearly,8000,Yes,2500,UPI,Aman Sharma,Evening,Yes,Banner,30.7,94,Active,6000,"Prolift Fitness Gym, Wadi, Nagpur"
PFG20250838,Karan Tiwari,Male,25,Housewife,2025-06-03,Yearly,8000,Yes,3000,UPI,Akshay Deshmukh,Evening,Yes,Walk-in,23.6,54,Active,6000,"Prolift Fitness Gym, Wadi, Nagpur"
PFG20250978,Aditi Borkar,Female,26,Student,2025-12-24,Quarterly,3000,No,0,UPI,Aman Sharma,Morning,No,Google,18.6,88,Inactive,6000,"Prolift Fitness Gym, Wadi, Nagpur"
PFG20251184,Siddharth Joshi,Male,30,Freelancer,2025-02-19,Yearly,8000,No,0,UPI,Aman Sharma,Evening,Yes,Friend Referral,27.7,61,Active,6000,"Prolift Fitness Gym, Wadi, Nagpur"
PFG20250764,Vedant Patil,Male,27,Business,2025-03-05,Monthly,900,No,0,UPI,Shubham Kale,Evening,Yes,Friend Referral,31.0,67,Active,6000,"Prolift Fitness Gym, Wadi, Nagpur"
PFG20250314,Pranav Wankhede,Male,21,Business,2025-11-15,Yearly,8000,Yes,4000,Card,Rohit Patil,Morning,No,Friend Referral,21.3,52,Inactive,6000,"Prolift Fitness Gym, Wadi, Nagpur"
PFG20250675,Aditya Borkar,Male,27,Government Employee,2025-02-17,Half Yearly,5000,Yes,2500,Cash,Rohit Patil,Morning,No,Friend Referral,33.2,73,Active,6000,"Prolift Fitness Gym, Wadi, Nagpur"
PFG20250293,Sahil Patel,Male,22,Freelancer,2025-03-03,Quarterly,3000,No,0,UPI,Shubham Kale,Evening,No,Walk-in,31.1,102,Active,6000,"Prolift Fitness Gym, Wadi, Nagpur"
PFG20251052,Rahul Thakur,Male,21,Freelancer,2025-06-05,Monthly,900,No,0,Card,Akshay Deshmukh,Morning,No,Instagram,27.3,68,Active,6000,"Prolift Fitness Gym, Wadi, Nagpur"
PFG20250581,Rohan Wankhede,Male,19,Government Employee,2025-12-07,Yearly,8000,No,0,UPI,Akshay Deshmukh,Evening,No,Friend Referral,23.1,63,Active,6000,"Prolift Fitness Gym, Wadi, Nagpur"
PFG20250605,Aman Kale,Male,18,Freelancer,2025-12-07,Monthly,900,No,0,Card,Aman Sharma,Morning,Yes,Banner,30.2,61,Active,6000,"Prolift Fitness Gym, Wadi, Nagpur"
PFG20250453,Om Borkar,Male,30,Business,2025-05-28,Monthly,900,Yes,3000,Card,Rohit Patil,Evening,No,Walk-in,33.2,105,Active,6000,"Prolift Fitness Gym, Wadi, Nagpur"
PFG20250476,Riya Rao,Female,28,Working Professional,2025-01-13,Monthly,900,No,0,UPI,Aman Sharma,Morning,Yes,Instagram,27.6,49,Active,6000,"Prolift Fitness Gym, Wadi, Nagpur"
PFG20250534,Aditya Sharma,Male,23,Government Employee,2025-12-19,Monthly,900,Yes,4000,Cash,Akshay Deshmukh,Evening,Yes,Friend Referral,22.4,93,Active,6000,"Prolift Fitness Gym, Wadi, Nagpur"
PFG20250712,Aman Deshmukh,Male,25,Government Employee,2025-12-02,Half Yearly,5000,Yes,2500,Cash,Akshay Deshmukh,Evening,No,Instagram,32.4,51,Inactive,6000,"Prolift Fitness Gym, Wadi, Nagpur"
PFG20250466,Ritesh Yadav,Male,29,Housewife,2025-06-05,Yearly,8000,Yes,2500,Cash,Rohit Patil,Morning,Yes,Friend Referral,32.1,74,Active,6000,"Prolift Fitness Gym, Wadi, Nagpur"
PFG20250289,Aditya Borkar,Male,18,Business,2025-02-16,Monthly,900,No,0,Card,Rohit Patil,Evening,Yes,Walk-in,21.8,62,Active,6000,"Prolift Fitness Gym, Wadi, Nagpur"
PFG20250632,Aarav Kale,Male,27,Student,2025-03-12,Yearly,8000,Yes,4000,Cash,Rohit Patil,Evening,Yes,Google,22.3,59,Active,6000,"Prolift Fitness Gym, Wadi, Nagpur"
PFG20250307,Ankit Wankhede,Male,20,Working Professional,2025-01-26,Monthly,900,No,0,UPI,Aman Sharma,Morning,No,Friend Referral,27.6,52,Inactive,6000,"Prolift Fitness Gym, Wadi, Nagpur"
PFG20250915,Nikhil Sharma,Male,19,Freelancer,2025-01-25,Monthly,900,No,0,UPI,Rohit Patil,Evening,Yes,Walk-in,24.0,84,Inactive,6000,"Prolift Fitness Gym, Wadi, Nagpur"
PFG20251178,Pranav Kale,Male,26,Housewife,2025-11-15,Quarterly,3000,No,0,UPI,Rohit Patil,Evening,Yes,Walk-in,20.3,86,Active,6000,"Prolift Fitness Gym, Wadi, Nagpur"
PFG20250051,Shubham Jain,Male,18,Housewife,2025-10-04,Yearly,8000,Yes,2500,Cash,Aman Sharma,Evening,No,Walk-in,22.3,87,Active,6000,"Prolift Fitness Gym, Wadi, Nagpur"
PFG20250546,Atharva Borkar,Male,26,Working Professional,2025-06-15,Yearly,8000,Yes,2500,UPI,Shubham Kale,Morning,Yes,Banner,30.7,59,Active,6000,"Prolift Fitness Gym, Wadi, Nagpur"
PFG20250822,Sneha Wankhede,Female,23,Government Employee,2025-12-15,Monthly,900,No,0,UPI,Aman Sharma,Evening,Yes,Instagram,19.8,59,Active,6000,"Prolift Fitness Gym, Wadi, Nagpur"
PFG20250816,Nikhil Wankhede,Male,28,Working Professional,2025-10-05,Yearly,8000,Yes,4000,Cash,Aman Sharma,Evening,No,Walk-in,21.0,78,Active,6000,"Prolift Fitness Gym, Wadi, Nagpur"
PFG20251182,Rahul Wankhede,Male,29,Business,2025-01-20,Monthly,900,No,0,Card,Aman Sharma,Evening,No,Friend Referral,31.0,101,Active,6000,"Prolift Fitness Gym, Wadi, Nagpur"
PFG20250829,Karan Yadav,Male,30,Working Professional,2025-10-01,Monthly,900,Yes,2500,UPI,Akshay Deshmukh,Evening,Yes,Instagram,32.4,64,Active,6000,"Prolift Fitness Gym, Wadi, Nagpur"
PFG20250945,Arjun Sharma,Male,23,Government Employee,2025-01-28,Yearly,8000,Yes,2500,Cash,Aman Sharma,Morning,Yes,Friend Referral,33.1,70,Active,6000,"Prolift Fitness Gym, Wadi, Nagpur"
PFG20250436,Aditya Rao,Male,27,Freelancer,2025-10-04,Quarterly,3000,No,0,UPI,Shubham Kale,Morning,Yes,Friend Referral,27.2,66,Active,6000,"Prolift Fitness Gym, Wadi, Nagpur"
PFG20250306,Priya Joshi,Female,30,Working Professional,2025-12-15,Monthly,900,No,0,Cash,Rohit Patil,Morning,No,Friend Referral,22.0,85,Inactive,6000,"Prolift Fitness Gym, Wadi, Nagpur"
PFG20250367,Muskan Borkar,Female,18,Housewife,2025-01-05,Monthly,900,Yes,2500,UPI,Rohit Patil,Evening,No,Friend Referral,30.6,59,Active,6000,"Prolift Fitness Gym, Wadi, Nagpur"
PFG20250657,Ishita Deshmukh,Female,26,Business,2025-06-06,Monthly,900,No,0,Card,Rohit Patil,Morning,Yes,Existing Member,27.4,83,Active,6000,"Prolift Fitness Gym, Wadi, Nagpur"
PFG20250699,Akash Borkar,Male,28,Freelancer,2025-03-04,Half Yearly,5000,No,0,UPI,Rohit Patil,Morning,Yes,Walk-in,20.8,61,Inactive,6000,"Prolift Fitness Gym, Wadi, Nagpur"
PFG20250830,Yash Kale,Male,25,Housewife,2025-03-02,Monthly,900,Yes,4000,UPI,Aman Sharma,Evening,Yes,Instagram,27.4,67,Active,6000,"Prolift Fitness Gym, Wadi, Nagpur"
PFG20250621,Vivaan Deshmukh,Male,19,Student,2025-04-08,Monthly,900,Yes,4000,Cash,Shubham Kale,Evening,No,Walk-in,27.1,60,Active,6000,"Prolift Fitness Gym, Wadi, Nagpur"
PFG20250280,Rahul Rao,Male,29,Government Employee,2025-04-17,Monthly,900,No,0,Cash,Aman Sharma,Morning,Yes,Walk-in,25.7,91,Active,6000,"Prolift Fitness Gym, Wadi, Nagpur"
PFG20251045,Vivaan Verma,Male,20,Business,2025-02-05,Monthly,900,No,0,Cash,Aman Sharma,Morning,No,Banner,28.1,67,Active,6000,"Prolift Fitness Gym, Wadi, Nagpur"
PFG20250386,Ritesh Deshmukh,Male,28,Housewife,2025-04-13,Half Yearly,5000,Yes,4000,UPI,Akshay Deshmukh,Morning,Yes,Instagram,29.8,82,Active,6000,"Prolift Fitness Gym, Wadi, Nagpur"
PFG20250398,Sahil Patil,Male,24,Freelancer,2025-03-13,Monthly,900,No,0,Card,Akshay Deshmukh,Evening,Yes,Friend Referral,19.9,82,Active,6000,"Prolift Fitness Gym, Wadi, Nagpur"
PFG20250347,Krishna Yadav,Male,21,Freelancer,2025-11-17,Quarterly,3000,No,0,Cash,Akshay Deshmukh,Evening,Yes,Friend Referral,21.7,89,Active,6000,"Prolift Fitness Gym, Wadi, Nagpur"
PFG20251090,Krishna Tiwari,Male,29,Student,2025-08-23,Monthly,900,Yes,4000,UPI,Rohit Patil,Evening,Yes,Instagram,25.8,99,Active,6000,"Prolift Fitness Gym, Wadi, Nagpur"
PFG20250750,Om Jain,Male,25,Government Employee,2025-03-26,Quarterly,3000,No,0,Card,Rohit Patil,Evening,Yes,Existing Member,22.8,81,Active,6000,"Prolift Fitness Gym, Wadi, Nagpur"
PFG20250768,Nikita Sharma,Female,25,Government Employee,2025-10-13,Monthly,900,No,0,UPI,Rohit Patil,Morning,Yes,Walk-in,21.0,97,Inactive,6000,"Prolift Fitness Gym, Wadi, Nagpur"
PFG20250092,Pranav Jain,Male,18,Freelancer,2025-11-22,Monthly,900,No,0,UPI,Rohit Patil,Morning,Yes,Friend Referral,25.0,48,Active,6000,"Prolift Fitness Gym, Wadi, Nagpur"
PFG20250930,Rahul Tiwari,Male,25,Working Professional,2025-01-18,Half Yearly,5000,Yes,3000,UPI,Rohit Patil,Morning,Yes,Walk-in,30.9,61,Active,6000,"Prolift Fitness Gym, Wadi, Nagpur"
PFG20250601,Akash Kulkarni,Male,23,Working Professional,2025-01-16,Yearly,8000,No,0,Card,Aman Sharma,Evening,No,Instagram,26.7,70,Active,6000,"Prolift Fitness Gym, Wadi, Nagpur"
PFG20251012,Ananya Chaudhary,Female,24,Working Professional,2025-10-25,Half Yearly,5000,No,0,Cash,Akshay Deshmukh,Evening,Yes,Walk-in,28.6,101,Active,6000,"Prolift Fitness Gym, Wadi, Nagpur"
PFG20250101,Pooja Patil,Female,28,Freelancer,2025-02-21,Quarterly,3000,No,0,UPI,Aman Sharma,Morning,Yes,Friend Referral,29.5,88,Active,6000,"Prolift Fitness Gym, Wadi, Nagpur"
PFG20250718,Aman Verma,Male,22,Working Professional,2025-06-11,Quarterly,3000,No,0,Cash,Rohit Patil,Evening,No,Friend Referral,23.0,81,Active,6000,"Prolift Fitness Gym, Wadi, Nagpur"
PFG20250085,Shruti Jain,Female,26,Student,2025-11-08,Monthly,900,No,0,Card,Akshay Deshmukh,Morning,No,Friend Referral,28.5,83,Active,6000,"Prolift Fitness Gym, Wadi, Nagpur"
PFG20250270,Sahil Tiwari,Male,21,Freelancer,2025-11-28,Half Yearly,5000,No,0,UPI,Shubham Kale,Morning,No,Walk-in,30.5,102,Active,6000,"Prolift Fitness Gym, Wadi, Nagpur"
PFG20250499,Aditya Kulkarni,Male,28,Government Employee,2025-12-03,Monthly,900,No,0,UPI,Akshay Deshmukh,Evening,Yes,Google,22.8,54,Inactive,6000,"Prolift Fitness Gym, Wadi, Nagpur"
PFG20250958,Ananya Mishra,Female,29,Freelancer,2025-05-26,Half Yearly,5000,No,0,UPI,Aman Sharma,Evening,No,Walk-in,33.3,73,Active,6000,"Prolift Fitness Gym, Wadi, Nagpur"
PFG20250124,Sahil Mishra,Male,25,Student,2025-11-18,Monthly,900,No,0,Card,Shubham Kale,Morning,No,Banner,22.8,74,Active,6000,"Prolift Fitness Gym, Wadi, Nagpur"
PFG20250832,Akash Patil,Male,26,Freelancer,2025-12-27,Yearly,8000,No,0,Card,Shubham Kale,Evening,No,Instagram,21.9,57,Active,6000,"Prolift Fitness Gym, Wadi, Nagpur"
PFG20250965,Ritesh Gupta,Male,18,Student,2025-01-21,Quarterly,3000,No,0,UPI,Shubham Kale,Evening,Yes,Friend Referral,20.3,97,Inactive,6000,"Prolift Fitness Gym, Wadi, Nagpur"
PFG20250207,Ankit Deshmukh,Male,28,Working Professional,2025-12-23,Monthly,900,No,0,UPI,Rohit Patil,Morning,Yes,Existing Member,26.0,102,Active,6000,"Prolift Fitness Gym, Wadi, Nagpur"
PFG20250204,Ritesh Yadav,Male,28,Housewife,2025-01-20,Quarterly,3000,No,0,UPI,Rohit Patil,Evening,No,Existing Member,19.4,61,Active,6000,"Prolift Fitness Gym, Wadi, Nagpur"
PFG20250905,Aditya Kale,Male,26,Government Employee,2025-01-19,Quarterly,3000,No,0,Cash,Akshay Deshmukh,Evening,Yes,Friend Referral,26.0,94,Active,6000,"Prolift Fitness Gym, Wadi, Nagpur"
PFG20250215,Om Wankhede,Male,22,Freelancer,2025-03-07,Quarterly,3000,Yes,3000,UPI,Akshay Deshmukh,Morning,No,Existing Member,29.6,86,Active,6000,"Prolift Fitness Gym, Wadi, Nagpur"
PFG20250828,Vivaan Patel,Male,22,Freelancer,2025-01-06,Quarterly,3000,No,0,UPI,Rohit Patil,Morning,No,Existing Member,28.3,94,Active,6000,"Prolift Fitness Gym, Wadi, Nagpur"
PFG20250328,Atharva Patel,Male,20,Government Employee,2025-01-09,Yearly,8000,Yes,2500,UPI,Shubham Kale,Morning,Yes,Friend Referral,22.3,64,Active,6000,"Prolift Fitness Gym, Wadi, Nagpur"
PFG20250709,Shubham Rao,Male,23,Student,2025-07-19,Half Yearly,5000,No,0,Card,Rohit Patil,Morning,Yes,Instagram,28.3,53,Active,6000,"Prolift Fitness Gym, Wadi, Nagpur"
PFG20251025,Sneha Yadav,Female,23,Government Employee,2025-02-14,Monthly,900,No,0,Card,Aman Sharma,Evening,Yes,Instagram,20.6,77,Active,6000,"Prolift Fitness Gym, Wadi, Nagpur"
PFG20250786,Ananya Jain,Female,18,Housewife,2025-11-23,Yearly,8000,No,0,Cash,Aman Sharma,Morning,No,Walk-in,27.2,62,Active,6000,"Prolift Fitness Gym, Wadi, Nagpur"
PFG20250130,Aman Tiwari,Male,22,Student,2025-01-28,Monthly,900,No,0,Card,Akshay Deshmukh,Morning,Yes,Instagram,25.9,86,Inactive,6000,"Prolift Fitness Gym, Wadi, Nagpur"
PFG20250369,Atharva Borkar,Male,25,Government Employee,2025-05-02,Monthly,900,No,0,UPI,Aman Sharma,Evening,Yes,Instagram,29.9,63,Active,6000,"Prolift Fitness Gym, Wadi, Nagpur"
PFG20250530,Sahil Wankhede,Male,21,Business,2025-01-28,Quarterly,3000,No,0,UPI,Aman Sharma,Evening,Yes,Walk-in,27.0,95,Active,6000,"Prolift Fitness Gym, Wadi, Nagpur"
PFG20251179,Harsh Yadav,Male,18,Government Employee,2025-03-28,Monthly,900,No,0,UPI,Shubham Kale,Evening,No,Google,19.3,91,Active,6000,"Prolift Fitness Gym, Wadi, Nagpur"
PFG20250309,Aarav Patil,Male,21,Government Employee,2025-02-16,Monthly,900,No,0,UPI,Shubham Kale,Morning,Yes,Banner,21.8,102,Active,6000,"Prolift Fitness Gym, Wadi, Nagpur"
PFG20250792,Sakshi Wankhede,Female,22,Government Employee,2025-11-11,Yearly,8000,No,0,UPI,Rohit Patil,Morning,No,Banner,25.5,86,Active,6000,"Prolift Fitness Gym, Wadi, Nagpur"
PFG20250430,Akash Sharma,Male,20,Business,2025-08-05,Monthly,900,Yes,2500,UPI,Akshay Deshmukh,Evening,Yes,Walk-in,21.4,54,Active,6000,"Prolift Fitness Gym, Wadi, Nagpur"
PFG20250997,Atharva Sharma,Male,21,Business,2025-06-04,Half Yearly,5000,No,0,UPI,Shubham Kale,Morning,Yes,Walk-in,28.8,84,Active,6000,"Prolift Fitness Gym, Wadi, Nagpur"
PFG20250039,Siddharth Borkar,Male,29,Housewife,2025-07-28,Monthly,900,No,0,Cash,Shubham Kale,Evening,Yes,Google,18.5,77,Active,6000,"Prolift Fitness Gym, Wadi, Nagpur"
PFG20250542,Shubham Jain,Male,19,Housewife,2025-01-22,Quarterly,3000,No,0,Cash,Aman Sharma,Evening,Yes,Walk-in,21.7,71,Inactive,6000,"Prolift Fitness Gym, Wadi, Nagpur"
PFG20250227,Muskan Patel,Female,24,Business,2025-09-23,Yearly,8000,No,0,Card,Shubham Kale,Morning,Yes,Friend Referral,23.4,101,Active,6000,"Prolift Fitness Gym, Wadi, Nagpur"
PFG20250355,Harsh Borkar,Male,18,Government Employee,2025-03-17,Yearly,8000,Yes,4000,UPI,Aman Sharma,Evening,Yes,Friend Referral,25.5,91,Active,6000,"Prolift Fitness Gym, Wadi, Nagpur"
PFG20250931,Shruti Thakur,Female,26,Working Professional,2025-01-22,Monthly,900,No,0,UPI,Shubham Kale,Morning,Yes,Banner,23.0,104,Active,6000,"Prolift Fitness Gym, Wadi, Nagpur"
PFG20251087,Karan Borkar,Male,26,Business,2025-01-08,Monthly,900,No,0,UPI,Shubham Kale,Morning,No,Instagram,23.4,91,Inactive,6000,"Prolift Fitness Gym, Wadi, Nagpur"
PFG20251135,Ananya Chaudhary,Female,20,Freelancer,2025-01-28,Half Yearly,5000,Yes,4000,Cash,Rohit Patil,Morning,Yes,Friend Referral,28.1,66,Active,6000,"Prolift Fitness Gym, Wadi, Nagpur"
PFG20250519,Nikita Jain,Female,19,Housewife,2025-06-10,Monthly,900,No,0,Cash,Rohit Patil,Morning,No,Banner,20.3,89,Active,6000,"Prolift Fitness Gym, Wadi, Nagpur"
PFG20250283,Akash Rao,Male,21,Government Employee,2025-08-26,Monthly,900,No,0,UPI,Rohit Patil,Evening,Yes,Friend Referral,20.8,63,Inactive,6000,"Prolift Fitness Gym, Wadi, Nagpur"
PFG20250458,Om Kale,Male,26,Student,2025-12-11,Yearly,8000,No,0,UPI,Akshay Deshmukh,Morning,No,Friend Referral,28.1,48,Inactive,6000,"Prolift Fitness Gym, Wadi, Nagpur"
PFG20250560,Ankit Deshmukh,Male,28,Freelancer,2025-10-13,Quarterly,3000,No,0,UPI,Shubham Kale,Evening,No,Friend Referral,20.9,84,Active,6000,"Prolift Fitness Gym, Wadi, Nagpur"
PFG20250683,Vedant Yadav,Male,29,Student,2025-02-28,Quarterly,3000,No,0,UPI,Shubham Kale,Evening,Yes,Instagram,19.0,67,Inactive,6000,"Prolift Fitness Gym, Wadi, Nagpur"
PFG20250646,Nikhil Rao,Male,26,Government Employee,2025-03-24,Monthly,900,No,0,Card,Rohit Patil,Morning,No,Instagram,29.6,82,Active,6000,"Prolift Fitness Gym, Wadi, Nagpur"
PFG20250513,Rahul Jain,Male,20,Government Employee,2025-02-04,Half Yearly,5000,No,0,Cash,Rohit Patil,Morning,Yes,Friend Referral,32.1,74,Active,6000,"Prolift Fitness Gym, Wadi, Nagpur"
PFG20250414,Rahul Mishra,Male,30,Housewife,2025-05-18,Yearly,8000,Yes,4000,UPI,Shubham Kale,Morning,No,Banner,28.9,98,Active,6000,"Prolift Fitness Gym, Wadi, Nagpur"
PFG20250065,Akash Thakur,Male,23,Freelancer,2025-10-10,Quarterly,3000,Yes,4000,Cash,Akshay Deshmukh,Evening,Yes,Instagram,19.2,99,Active,6000,"Prolift Fitness Gym, Wadi, Nagpur"
PFG20250521,Vedant Wankhede,Male,20,Freelancer,2025-03-25,Yearly,8000,Yes,3000,UPI,Shubham Kale,Evening,No,Instagram,28.9,59,Active,6000,"Prolift Fitness Gym, Wadi, Nagpur"
PFG20250012,Nikhil Kulkarni,Male,20,Business,2025-11-19,Quarterly,3000,No,0,UPI,Rohit Patil,Evening,Yes,Instagram,20.7,101,Active,6000,"Prolift Fitness Gym, Wadi, Nagpur"
PFG20250915,Nikhil Sharma,Male,19,Freelancer,2025-07-28,Quarterly,3000,No,0,UPI,Rohit Patil,Evening,Yes,Google,26.2,78,Active,6000,"Prolift Fitness Gym, Wadi, Nagpur"
PFG20250604,Aditya Verma,Male,23,Business,2025-08-03,Monthly,900,No,0,UPI,Shubham Kale,Evening,Yes,Walk-in,20.0,56,Inactive,6000,"Prolift Fitness Gym, Wadi, Nagpur"
PFG20250749,Atharva Kale,Male,25,Housewife,2025-01-12,Quarterly,3000,No,0,UPI,Shubham Kale,Morning,Yes,Friend Referral,23.7,70,Active,6000,"Prolift Fitness Gym, Wadi, Nagpur"
PFG20251027,Karan Deshmukh,Male,30,Business,2025-11-03,Monthly,900,No,0,UPI,Akshay Deshmukh,Evening,Yes,Friend Referral,32.0,80,Active,6000,"Prolift Fitness Gym, Wadi, Nagpur"
PFG20250496,Om Thakur,Male,20,Business,2025-06-28,Quarterly,3000,No,0,Card,Akshay Deshmukh,Morning,Yes,Banner,28.6,82,Active,6000,"Prolift Fitness Gym, Wadi, Nagpur"
PFG20250234,Yash Borkar,Male,28,Working Professional,2025-11-09,Half Yearly,5000,No,0,UPI,Aman Sharma,Evening,Yes,Google,19.1,57,Active,6000,"Prolift Fitness Gym, Wadi, Nagpur"
PFG20251085,Akash Wankhede,Male,24,Government Employee,2025-01-05,Quarterly,3000,No,0,UPI,Rohit Patil,Evening,No,Google,25.7,81,Active,6000,"Prolift Fitness Gym, Wadi, Nagpur"
PFG20250826,Vedant Sharma,Male,21,Business,2025-04-12,Monthly,900,No,0,UPI,Akshay Deshmukh,Evening,No,Google,19.6,103,Active,6000,"Prolift Fitness Gym, Wadi, Nagpur"
PFG20250114,Karan Patel,Male,23,Business,2025-05-15,Monthly,900,No,0,UPI,Rohit Patil,Morning,Yes,Walk-in,26.6,56,Active,6000,"Prolift Fitness Gym, Wadi, Nagpur"
PFG20250275,Akash Patil,Male,26,Freelancer,2025-06-21,Monthly,900,No,0,UPI,Rohit Patil,Evening,No,Friend Referral,30.5,50,Inactive,6000,"Prolift Fitness Gym, Wadi, Nagpur"
PFG20250879,Priya Mishra,Female,20,Business,2025-10-20,Quarterly,3000,No,0,UPI,Rohit Patil,Evening,Yes,Friend Referral,23.0,57,Active,6000,"Prolift Fitness Gym, Wadi, Nagpur"
PFG20250500,Ankit Gupta,Male,18,Freelancer,2025-01-05,Monthly,900,No,0,UPI,Akshay Deshmukh,Evening,No,Instagram,31.7,80,Active,6000,"Prolift Fitness Gym, Wadi, Nagpur"
PFG20250223,Shubham Chaudhary,Male,29,Housewife,2025-12-08,Monthly,900,No,0,UPI,Aman Sharma,Morning,Yes,Friend Referral,25.5,79,Active,6000,"Prolift Fitness Gym, Wadi, Nagpur"
PFG20250200,Ankit Yadav,Male,18,Working Professional,2025-11-23,Half Yearly,5000,No,0,UPI,Akshay Deshmukh,Evening,Yes,Walk-in,31.4,71,Active,6000,"Prolift Fitness Gym, Wadi, Nagpur"
PFG20251121,Atharva Kale,Male,30,Housewife,2025-09-15,Monthly,900,No,0,UPI,Rohit Patil,Evening,Yes,Walk-in,24.0,59,Active,6000,"Prolift Fitness Gym, Wadi, Nagpur"
PFG20250798,Nikita Kale,Female,30,Freelancer,2025-04-17,Monthly,900,No,0,UPI,Rohit Patil,Morning,Yes,Walk-in,26.8,91,Active,6000,"Prolift Fitness Gym, Wadi, Nagpur"
PFG20250185,Aarav Wankhede,Male,28,Working Professional,2025-11-11,Yearly,8000,Yes,4000,UPI,Akshay Deshmukh,Evening,Yes,Instagram,26.2,57,Active,6000,"Prolift Fitness Gym, Wadi, Nagpur"
PFG20250955,Nikhil Patel,Male,27,Working Professional,2025-03-21,Yearly,8000,Yes,3000,Cash,Akshay Deshmukh,Evening,Yes,Instagram,30.8,95,Active,6000,"Prolift Fitness Gym, Wadi, Nagpur"
PFG20250073,Shubham Patel,Male,28,Student,2025-12-13,Monthly,900,No,0,UPI,Shubham Kale,Evening,Yes,Google,29.0,66,Inactive,6000,"Prolift Fitness Gym, Wadi, Nagpur"
PFG20250801,Yash Chaudhary,Male,21,Housewife,2025-01-08,Quarterly,3000,No,0,Card,Aman Sharma,Morning,Yes,Friend Referral,30.9,67,Active,6000,"Prolift Fitness Gym, Wadi, Nagpur"
PFG20250598,Aditya Wankhede,Male,25,Student,2025-05-04,Yearly,8000,Yes,4000,Card,Shubham Kale,Morning,No,Instagram,31.0,104,Active,6000,"Prolift Fitness Gym, Wadi, Nagpur"
PFG20251057,Nikhil Wankhede,Male,20,Business,2025-12-21,Half Yearly,5000,No,0,UPI,Rohit Patil,Evening,Yes,Google,22.6,79,Active,6000,"Prolift Fitness Gym, Wadi, Nagpur"
PFG20250219,Aman Verma,Male,22,Student,2025-02-07,Quarterly,3000,No,0,UPI,Rohit Patil,Morning,Yes,Google,20.2,62,Inactive,6000,"Prolift Fitness Gym, Wadi, Nagpur"
PFG20250487,Aman Tiwari,Male,27,Freelancer,2025-06-28,Half Yearly,5000,No,0,Cash,Akshay Deshmukh,Morning,Yes,Walk-in,24.5,51,Active,6000,"Prolift Fitness Gym, Wadi, Nagpur"
PFG20250336,Ishita Sharma,Female,30,Government Employee,2025-11-02,Monthly,900,No,0,UPI,Rohit Patil,Evening,Yes,Existing Member,27.2,65,Inactive,6000,"Prolift Fitness Gym, Wadi, Nagpur"
PFG20250376,Akash Joshi,Male,26,Working Professional,2025-05-27,Monthly,900,No,0,UPI,Shubham Kale,Evening,Yes,Friend Referral,20.7,56,Active,6000,"Prolift Fitness Gym, Wadi, Nagpur"
PFG20250637,Ritesh Patel,Male,21,Student,2025-01-25,Monthly,900,Yes,2500,UPI,Rohit Patil,Morning,Yes,Friend Referral,19.4,94,Active,6000,"Prolift Fitness Gym, Wadi, Nagpur"
PFG20250732,Rahul Verma,Male,18,Business,2025-01-12,Monthly,900,No,0,UPI,Shubham Kale,Evening,Yes,Existing Member,32.6,105,Inactive,6000,"Prolift Fitness Gym, Wadi, Nagpur"
PFG20250870,Om Patil,Male,28,Housewife,2025-09-02,Half Yearly,5000,No,0,UPI,Akshay Deshmukh,Morning,No,Google,26.2,63,Active,6000,"Prolift Fitness Gym, Wadi, Nagpur"
PFG20250705,Simran Mishra,Female,19,Student,2025-09-15,Monthly,900,No,0,UPI,Rohit Patil,Morning,Yes,Banner,27.2,95,Active,6000,"Prolift Fitness Gym, Wadi, Nagpur"
PFG20250496,Om Thakur,Male,20,Business,2025-04-15,Quarterly,3000,No,0,Cash,Akshay Deshmukh,Evening,Yes,Google,28.5,54,Active,6000,"Prolift Fitness Gym, Wadi, Nagpur"
PFG20251159,Ritesh Wankhede,Male,21,Freelancer,2025-12-13,Quarterly,3000,No,0,UPI,Shubham Kale,Morning,No,Friend Referral,19.8,71,Active,6000,"Prolift Fitness Gym, Wadi, Nagpur"
PFG20250262,Harsh Chaudhary,Male,27,Government Employee,2025-03-20,Quarterly,3000,No,0,Cash,Rohit Patil,Morning,Yes,Friend Referral,32.7,78,Active,6000,"Prolift Fitness Gym, Wadi, Nagpur"
PFG20251153,Ananya Tiwari,Female,25,Working Professional,2025-09-11,Half Yearly,5000,No,0,UPI,Shubham Kale,Morning,No,Instagram,23.0,90,Active,6000,"Prolift Fitness Gym, Wadi, Nagpur"
PFG20250904,Yash Yadav,Male,20,Government Employee,2025-03-20,Monthly,900,No,0,Cash,Aman Sharma,Morning,No,Instagram,27.3,78,Active,6000,"Prolift Fitness Gym, Wadi, Nagpur"
PFG20250352,Priya Kulkarni,Female,24,Government Employee,2025-02-15,Monthly,900,No,0,UPI,Aman Sharma,Evening,Yes,Friend Referral,27.0,82,Active,6000,"Prolift Fitness Gym, Wadi, Nagpur"
PFG20251033,Vedant Tiwari,Male,23,Housewife,2025-06-05,Monthly,900,No,0,UPI,Rohit Patil,Morning,Yes,Instagram,31.3,78,Active,6000,"Prolift Fitness Gym, Wadi, Nagpur"
PFG20250655,Nikita Kulkarni,Female,27,Government Employee,2025-04-08,Quarterly,3000,Yes,3000,UPI,Rohit Patil,Evening,Yes,Existing Member,21.2,51,Active,6000,"Prolift Fitness Gym, Wadi, Nagpur"
PFG20250602,Om Tiwari,Male,29,Working Professional,2025-11-20,Monthly,900,Yes,2500,UPI,Aman Sharma,Evening,Yes,Friend Referral,24.8,82,Active,6000,"Prolift Fitness Gym, Wadi, Nagpur"
PFG20250219,Aman Verma,Male,22,Student,2025-11-13,Monthly,900,No,0,Card,Rohit Patil,Morning,No,Walk-in,29.8,77,Active,6000,"Prolift Fitness Gym, Wadi, Nagpur"
PFG20250142,Om Tiwari,Male,24,Student,2025-10-09,Quarterly,3000,No,0,Cash,Akshay Deshmukh,Morning,No,Friend Referral,32.4,84,Inactive,6000,"Prolift Fitness Gym, Wadi, Nagpur"
PFG20250397,Arjun Chaudhary,Male,18,Government Employee,2025-11-18,Monthly,900,No,0,UPI,Aman Sharma,Evening,No,Friend Referral,23.3,94,Active,6000,"Prolift Fitness Gym, Wadi, Nagpur"
PFG20251183,Shubham Mishra,Male,28,Freelancer,2025-06-07,Monthly,900,No,0,UPI,Shubham Kale,Evening,No,Existing Member,19.0,62,Active,6000,"Prolift Fitness Gym, Wadi, Nagpur"
PFG20250444,Neha Jain,Female,27,Freelancer,2025-07-21,Quarterly,3000,No,0,UPI,Rohit Patil,Evening,Yes,Friend Referral,21.3,100,Active,6000,"Prolift Fitness Gym, Wadi, Nagpur"
PFG20250337,Karan Verma,Male,24,Working Professional,2025-02-28,Monthly,900,No,0,Card,Akshay Deshmukh,Evening,No,Friend Referral,24.1,103,Active,6000,"Prolift Fitness Gym, Wadi, Nagpur"
PFG20250603,Aarav Sharma,Male,25,Working Professional,2025-08-16,Monthly,900,No,0,UPI,Rohit Patil,Evening,No,Instagram,18.3,53,Active,6000,"Prolift Fitness Gym, Wadi, Nagpur"
PFG20251056,Arjun Thakur,Male,28,Working Professional,2025-09-15,Quarterly,3000,Yes,3000,UPI,Akshay Deshmukh,Morning,No,Friend Referral,30.8,87,Active,6000,"Prolift Fitness Gym, Wadi, Nagpur"
PFG20250582,Vedant Mishra,Male,21,Government Employee,2025-10-13,Quarterly,3000,No,0,UPI,Aman Sharma,Evening,No,Google,19.0,77,Active,6000,"Prolift Fitness Gym, Wadi, Nagpur"
PFG20250622,Siddharth Patel,Male,22,Student,2025-05-22,Monthly,900,No,0,UPI,Rohit Patil,Morning,Yes,Friend Referral,25.0,60,Active,6000,"Prolift Fitness Gym, Wadi, Nagpur"
PFG20250254,Arjun Sharma,Male,27,Government Employee,2025-04-25,Monthly,900,No,0,Cash,Shubham Kale,Morning,Yes,Instagram,21.0,98,Inactive,6000,"Prolift Fitness Gym, Wadi, Nagpur"
PFG20250883,Ankit Thakur,Male,28,Business,2025-05-05,Yearly,8000,Yes,3000,Cash,Akshay Deshmukh,Evening,Yes,Instagram,28.7,69,Active,6000,"Prolift Fitness Gym, Wadi, Nagpur"
PFG20251026,Krishna Verma,Male,25,Business,2025-04-25,Monthly,900,No,0,Card,Shubham Kale,Morning,Yes,Walk-in,20.5,48,Active,6000,"Prolift Fitness Gym, Wadi, Nagpur"
PFG20251038,Aditi Kale,Female,29,Business,2025-03-01,Yearly,8000,No,0,Cash,Akshay Deshmukh,Morning,Yes,Instagram,25.0,87,Active,6000,"Prolift Fitness Gym, Wadi, Nagpur"
PFG20251003,Krishna Patil,Male,19,Housewife,2025-02-13,Monthly,900,No,0,Card,Aman Sharma,Morning,Yes,Friend Referral,22.9,80,Active,6000,"Prolift Fitness Gym, Wadi, Nagpur"
PFG20251083,Ritesh Rao,Male,21,Government Employee,2025-02-01,Monthly,900,Yes,4000,Cash,Shubham Kale,Evening,Yes,Google,23.7,81,Active,6000,"Prolift Fitness Gym, Wadi, Nagpur"
PFG20250896,Om Patel,Male,30,Freelancer,2025-02-21,Monthly,900,No,0,Card,Shubham Kale,Evening,Yes,Friend Referral,25.3,61,Active,6000,"Prolift Fitness Gym, Wadi, Nagpur"
PFG20250224,Atharva Yadav,Male,23,Business,2025-12-06,Half Yearly,5000,Yes,3000,UPI,Shubham Kale,Morning,Yes,Friend Referral,31.2,60,Inactive,6000,"Prolift Fitness Gym, Wadi, Nagpur"
PFG20250017,Ritesh Wankhede,Male,22,Student,2025-06-14,Monthly,900,No,0,Cash,Shubham Kale,Evening,No,Instagram,32.1,102,Active,6000,"Prolift Fitness Gym, Wadi, Nagpur"
PFG20250659,Kavya Sharma,Female,28,Working Professional,2025-10-10,Quarterly,3000,Yes,2500,UPI,Akshay Deshmukh,Evening,Yes,Instagram,26.4,72,Active,6000,"Prolift Fitness Gym, Wadi, Nagpur"
PFG20250409,Siddharth Joshi,Male,26,Business,2025-02-27,Monthly,900,No,0,UPI,Aman Sharma,Evening,Yes,Instagram,21.0,55,Inactive,6000,"Prolift Fitness Gym, Wadi, Nagpur"
PFG20251040,Harsh Verma,Male,19,Student,2025-05-20,Quarterly,3000,No,0,UPI,Rohit Patil,Morning,Yes,Friend Referral,25.2,86,Active,6000,"Prolift Fitness Gym, Wadi, Nagpur"
PFG20250785,Siddharth Kale,Male,25,Business,2025-02-01,Monthly,900,No,0,UPI,Rohit Patil,Evening,Yes,Walk-in,24.1,88,Active,6000,"Prolift Fitness Gym, Wadi, Nagpur"
PFG20250640,Rohan Mishra,Male,25,Government Employee,2025-03-25,Monthly,900,No,0,UPI,Aman Sharma,Morning,Yes,Google,23.7,66,Active,6000,"Prolift Fitness Gym, Wadi, Nagpur"
PFG20250471,Aditya Patel,Male,21,Student,2025-11-27,Quarterly,3000,No,0,UPI,Shubham Kale,Morning,No,Walk-in,31.4,80,Active,6000,"Prolift Fitness Gym, Wadi, Nagpur"
PFG20250478,Nikhil Tiwari,Male,19,Working Professional,2025-11-05,Monthly,900,No,0,UPI,Rohit Patil,Morning,Yes,Friend Referral,25.7,61,Active,6000,"Prolift Fitness Gym, Wadi, Nagpur"
PFG20250250,Nikhil Borkar,Male,20,Student,2025-02-20,Half Yearly,5000,No,0,Card,Akshay Deshmukh,Evening,Yes,Google,18.3,55,Active,6000,"Prolift Fitness Gym, Wadi, Nagpur"
PFG20250022,Akash Yadav,Male,18,Business,2025-11-20,Monthly,900,No,0,Cash,Aman Sharma,Evening,Yes,Friend Referral,31.2,52,Inactive,6000,"Prolift Fitness Gym, Wadi, Nagpur"
PFG20250296,Rahul Kulkarni,Male,23,Freelancer,2025-10-11,Monthly,900,No,0,Cash,Shubham Kale,Evening,Yes,Instagram,19.2,64,Active,6000,"Prolift Fitness Gym, Wadi, Nagpur"
PFG20250963,Aarav Kale,Male,19,Government Employee,2025-11-01,Half Yearly,5000,No,0,UPI,Shubham Kale,Morning,Yes,Friend Referral,21.1,75,Active,6000,"Prolift Fitness Gym, Wadi, Nagpur"
PFG20250520,Rohan Rao,Male,27,Government Employee,2025-10-24,Monthly,900,No,0,UPI,Akshay Deshmukh,Evening,No,Instagram,20.0,72,Inactive,6000,"Prolift Fitness Gym, Wadi, Nagpur"
PFG20250613,Neha Borkar,Female,24,Housewife,2025-10-28,Half Yearly,5000,No,0,UPI,Akshay Deshmukh,Evening,No,Walk-in,31.9,83,Active,6000,"Prolift Fitness Gym, Wadi, Nagpur"
PFG20250685,Arjun Kulkarni,Male,20,Business,2025-02-01,Yearly,8000,Yes,4000,UPI,Rohit Patil,Morning,Yes,Banner,28.6,77,Active,6000,"Prolift Fitness Gym, Wadi, Nagpur"
PFG20250327,Rahul Wankhede,Male,27,Government Employee,2025-06-13,Quarterly,3000,No,0,Cash,Shubham Kale,Evening,No,Existing Member,33.2,92,Active,6000,"Prolift Fitness Gym, Wadi, Nagpur"
PFG20250139,Aditya Wankhede,Male,30,Freelancer,2025-08-07,Quarterly,3000,No,0,UPI,Aman Sharma,Evening,Yes,Friend Referral,28.4,68,Active,6000,"Prolift Fitness Gym, Wadi, Nagpur"
PFG20250726,Muskan Yadav,Female,18,Freelancer,2025-12-27,Monthly,900,No,0,Cash,Aman Sharma,Morning,Yes,Instagram,28.4,49,Active,6000,"Prolift Fitness Gym, Wadi, Nagpur"
PFG20250445,Rohan Gupta,Male,19,Working Professional,2025-10-11,Half Yearly,5000,Yes,2500,UPI,Aman Sharma,Evening,Yes,Banner,23.0,54,Active,6000,"Prolift Fitness Gym, Wadi, Nagpur"
PFG20250853,Aditya Thakur,Male,24,Student,2025-02-22,Yearly,8000,No,0,Cash,Shubham Kale,Morning,Yes,Walk-in,30.0,69,Active,6000,"Prolift Fitness Gym, Wadi, Nagpur"
PFG20251156,Aditya Borkar,Male,23,Student,2025-01-18,Half Yearly,5000,Yes,2500,Cash,Akshay Deshmukh,Evening,No,Google,25.5,99,Active,6000,"Prolift Fitness Gym, Wadi, Nagpur"
PFG20250638,Simran Mishra,Female,27,Student,2025-06-19,Half Yearly,5000,No,0,UPI,Rohit Patil,Morning,Yes,Walk-in,31.0,58,Active,6000,"Prolift Fitness Gym, Wadi, Nagpur"
PFG20250822,Sneha Wankhede,Female,23,Government Employee,2025-12-16,Yearly,8000,Yes,4000,UPI,Aman Sharma,Evening,No,Google,32.8,60,Active,6000,"Prolift Fitness Gym, Wadi, Nagpur"
PFG20250613,Neha Borkar,Female,24,Housewife,2025-09-01,Quarterly,3000,No,0,UPI,Akshay Deshmukh,Evening,Yes,Instagram,30.6,72,Active,6000,"Prolift Fitness Gym, Wadi, Nagpur"
PFG20251046,Pranav Borkar,Male,18,Freelancer,2025-06-07,Quarterly,3000,Yes,3000,UPI,Rohit Patil,Evening,Yes,Friend Referral,27.4,53,Active,6000,"Prolift Fitness Gym, Wadi, Nagpur"
PFG20250937,Krishna Chaudhary,Male,25,Business,2025-04-02,Monthly,900,No,0,UPI,Akshay Deshmukh,Morning,Yes,Friend Referral,26.4,49,Inactive,6000,"Prolift Fitness Gym, Wadi, Nagpur"
PFG20250065,Akash Thakur,Male,23,Freelancer,2025-05-08,Half Yearly,5000,No,0,UPI,Akshay Deshmukh,Evening,No,Walk-in,26.0,84,Active,6000,"Prolift Fitness Gym, Wadi, Nagpur"
PFG20250377,Atharva Gupta,Male,22,Government Employee,2025-06-09,Quarterly,3000,No,0,Card,Shubham Kale,Morning,No,Friend Referral,21.0,68,Active,6000,"Prolift Fitness Gym, Wadi, Nagpur"
PFG20250541,Vedant Jain,Male,20,Government Employee,2025-01-23,Monthly,900,No,0,Card,Aman Sharma,Morning,Yes,Friend Referral,19.1,69,Active,6000,"Prolift Fitness Gym, Wadi, Nagpur"
PFG20250769,Riya Yadav,Female,25,Housewife,2025-04-21,Quarterly,3000,No,0,UPI,Akshay Deshmukh,Morning,Yes,Existing Member,22.2,91,Inactive,6000,"Prolift Fitness Gym, Wadi, Nagpur"
PFG20251088,Ananya Tiwari,Female,30,Housewife,2025-06-27,Monthly,900,No,0,Cash,Akshay Deshmukh,Evening,Yes,Instagram,18.7,79,Active,6000,"Prolift Fitness Gym, Wadi, Nagpur"
PFG20250338,Aman Patel,Male,24,Student,2025-02-24,Quarterly,3000,No,0,Card,Akshay Deshmukh,Evening,Yes,Friend Referral,23.1,51,Active,6000,"Prolift Fitness Gym, Wadi, Nagpur"
PFG20250088,Aditya Borkar,Male,27,Business,2025-02-05,Quarterly,3000,No,0,Cash,Shubham Kale,Morning,No,Google,29.3,79,Active,6000,"Prolift Fitness Gym, Wadi, Nagpur"
PFG20250052,Harsh Borkar,Male,29,Government Employee,2025-12-10,Monthly,900,No,0,UPI,Aman Sharma,Morning,Yes,Instagram,19.4,100,Active,6000,"Prolift Fitness Gym, Wadi, Nagpur"
PFG20250704,Neha Verma,Female,23,Government Employee,2025-03-26,Monthly,900,No,0,UPI,Shubham Kale,Morning,Yes,Google,25.3,81,Inactive,6000,"Prolift Fitness Gym, Wadi, Nagpur"
PFG20250258,Ishita Gupta,Female,22,Government Employee,2025-07-23,Monthly,900,No,0,Cash,Shubham Kale,Evening,No,Friend Referral,25.2,77,Active,6000,"Prolift Fitness Gym, Wadi, Nagpur"
PFG20250809,Shruti Kale,Female,26,Student,2025-01-04,Half Yearly,5000,No,0,UPI,Shubham Kale,Morning,No,Walk-in,28.6,63,Active,6000,"Prolift Fitness Gym, Wadi, Nagpur"
PFG20250587,Aman Thakur,Male,29,Business,2025-03-05,Monthly,900,Yes,2500,UPI,Shubham Kale,Morning,Yes,Friend Referral,27.4,103,Active,6000,"Prolift Fitness Gym, Wadi, Nagpur"
PFG20250825,Neha Rao,Female,29,Housewife,2025-03-14,Half Yearly,5000,Yes,3000,UPI,Shubham Kale,Morning,No,Instagram,31.3,68,Active,6000,"Prolift Fitness Gym, Wadi, Nagpur"
PFG20250274,Rohan Deshmukh,Male,28,Housewife,2025-05-07,Monthly,900,No,0,UPI,Shubham Kale,Evening,Yes,Walk-in,32.3,89,Active,6000,"Prolift Fitness Gym, Wadi, Nagpur"
PFG20250469,Ritesh Mishra,Male,19,Government Employee,2025-06-24,Monthly,900,No,0,Card,Rohit Patil,Morning,Yes,Banner,30.4,63,Active,6000,"Prolift Fitness Gym, Wadi, Nagpur"
PFG20251089,Shubham Sharma,Male,19,Housewife,2025-12-11,Monthly,900,No,0,UPI,Rohit Patil,Evening,Yes,Walk-in,24.9,48,Inactive,6000,"Prolift Fitness Gym, Wadi, Nagpur"
PFG20250797,Rohan Joshi,Male,28,Freelancer,2025-01-05,Monthly,900,No,0,Cash,Aman Sharma,Evening,No,Instagram,30.8,93,Active,6000,"Prolift Fitness Gym, Wadi, Nagpur"
PFG20250420,Aarav Kale,Male,23,Government Employee,2025-01-20,Monthly,900,No,0,UPI,Shubham Kale,Morning,No,Instagram,27.5,77,Active,6000,"Prolift Fitness Gym, Wadi, Nagpur"
PFG20250162,Nikhil Patel,Male,28,Student,2025-11-26,Monthly,900,No,0,Card,Aman Sharma,Evening,Yes,Instagram,33.2,94,Active,6000,"Prolift Fitness Gym, Wadi, Nagpur"
PFG20250049,Aarav Deshmukh,Male,19,Government Employee,2025-08-01,Quarterly,3000,No,0,UPI,Shubham Kale,Morning,Yes,Google,32.1,93,Active,6000,"Prolift Fitness Gym, Wadi, Nagpur"
PFG20250342,Aarav Jain,Male,21,Housewife,2025-11-09,Quarterly,3000,No,0,UPI,Aman Sharma,Evening,No,Banner,21.4,99,Active,6000,"Prolift Fitness Gym, Wadi, Nagpur"
PFG20250799,Shubham Yadav,Male,18,Business,2025-01-15,Yearly,8000,Yes,3000,Cash,Aman Sharma,Morning,No,Friend Referral,30.2,94,Active,6000,"Prolift Fitness Gym, Wadi, Nagpur"
PFG20250538,Simran Gupta,Female,21,Housewife,2025-10-01,Monthly,900,No,0,UPI,Akshay Deshmukh,Evening,Yes,Walk-in,20.6,58,Active,6000,"Prolift Fitness Gym, Wadi, Nagpur"
PFG20250491,Nikhil Patil,Male,20,Housewife,2025-12-09,Monthly,900,No,0,UPI,Rohit Patil,Evening,Yes,Banner,18.3,86,Active,6000,"Prolift Fitness Gym, Wadi, Nagpur"
PFG20250820,Nikita Chaudhary,Female,25,Working Professional,2025-05-12,Monthly,900,No,0,UPI,Shubham Kale,Evening,Yes,Instagram,27.2,59,Active,6000,"Prolift Fitness Gym, Wadi, Nagpur"
PFG20250642,Vedant Thakur,Male,20,Freelancer,2025-10-26,Monthly,900,Yes,4000,Card,Aman Sharma,Morning,No,Instagram,31.0,59,Active,6000,"Prolift Fitness Gym, Wadi, Nagpur"
PFG20250864,Sahil Tiwari,Male,24,Student,2025-05-16,Half Yearly,5000,Yes,4000,UPI,Rohit Patil,Evening,No,Existing Member,26.6,76,Active,6000,"Prolift Fitness Gym, Wadi, Nagpur"
PFG20250128,Krishna Rao,Male,20,Housewife,2025-09-28,Quarterly,3000,No,0,UPI,Akshay Deshmukh,Morning,Yes,Friend Referral,18.8,59,Active,6000,"Prolift Fitness Gym, Wadi, Nagpur"
PFG20250037,Shubham Rao,Male,18,Working Professional,2025-01-12,Monthly,900,No,0,Cash,Aman Sharma,Morning,No,Walk-in,24.8,68,Active,6000,"Prolift Fitness Gym, Wadi, Nagpur"
PFG20250680,Sahil Kale,Male,27,Business,2025-10-24,Half Yearly,5000,No,0,Cash,Shubham Kale,Morning,Yes,Google,18.9,79,Active,6000,"Prolift Fitness Gym, Wadi, Nagpur"
PFG20250175,Aman Verma,Male,26,Business,2025-07-26,Monthly,900,No,0,UPI,Rohit Patil,Evening,Yes,Google,23.6,77,Active,6000,"Prolift Fitness Gym, Wadi, Nagpur"
PFG20250686,Om Chaudhary,Male,24,Government Employee,2025-08-19,Half Yearly,5000,No,0,UPI,Aman Sharma,Evening,Yes,Instagram,22.9,70,Active,6000,"Prolift Fitness Gym, Wadi, Nagpur"
PFG20250805,Aman Patel,Male,29,Student,2025-12-17,Monthly,900,No,0,Cash,Akshay Deshmukh,Morning,Yes,Instagram,21.1,69,Active,6000,"Prolift Fitness Gym, Wadi, Nagpur"
PFG20250639,Aditya Rao,Male,29,Business,2025-05-17,Monthly,900,No,0,Cash,Aman Sharma,Morning,Yes,Google,33.2,79,Active,6000,"Prolift Fitness Gym, Wadi, Nagpur"
PFG20250271,Harsh Kulkarni,Male,20,Freelancer,2025-02-18,Monthly,900,No,0,Cash,Shubham Kale,Evening,Yes,Walk-in,25.9,54,Active,6000,"Prolift Fitness Gym, Wadi, Nagpur"
PFG20250210,Pranav Gupta,Male,30,Student,2025-02-25,Quarterly,3000,No,0,Cash,Shubham Kale,Morning,Yes,Walk-in,21.3,52,Active,6000,"Prolift Fitness Gym, Wadi, Nagpur"
PFG20250532,Rohan Deshmukh,Male,19,Freelancer,2025-12-17,Half Yearly,5000,No,0,UPI,Rohit Patil,Evening,Yes,Walk-in,23.7,96,Active,6000,"Prolift Fitness Gym, Wadi, Nagpur"
PFG20250913,Rohan Jain,Male,25,Government Employee,2025-06-06,Half Yearly,5000,No,0,Card,Shubham Kale,Morning,No,Instagram,19.5,99,Active,6000,"Prolift Fitness Gym, Wadi, Nagpur"
PFG20250723,Arjun Wankhede,Male,22,Housewife,2025-11-28,Monthly,900,No,0,UPI,Akshay Deshmukh,Evening,Yes,Friend Referral,19.6,80,Active,6000,"Prolift Fitness Gym, Wadi, Nagpur"
PFG20251039,Ritesh Thakur,Male,18,Government Employee,2025-12-28,Yearly,8000,Yes,2500,Cash,Aman Sharma,Evening,Yes,Existing Member,20.9,97,Active,6000,"Prolift Fitness Gym, Wadi, Nagpur"
PFG20250110,Pranav Mishra,Male,21,Student,2025-11-03,Half Yearly,5000,Yes,3000,UPI,Rohit Patil,Evening,No,Google,19.2,68,Active,6000,"Prolift Fitness Gym, Wadi, Nagpur"
PFG20250282,Vivaan Joshi,Male,30,Government Employee,2025-04-02,Quarterly,3000,No,0,Card,Akshay Deshmukh,Evening,Yes,Friend Referral,25.8,83,Active,6000,"Prolift Fitness Gym, Wadi, Nagpur"
PFG20250091,Ankit Patil,Male,21,Freelancer,2025-12-01,Half Yearly,5000,Yes,2500,Card,Shubham Kale,Evening,No,Banner,25.2,61,Active,6000,"Prolift Fitness Gym, Wadi, Nagpur"
PFG20250781,Om Borkar,Male,28,Government Employee,2025-09-21,Quarterly,3000,Yes,3000,Cash,Rohit Patil,Morning,No,Instagram,26.2,88,Active,6000,"Prolift Fitness Gym, Wadi, Nagpur"
PFG20250044,Shubham Kulkarni,Male,24,Student,2025-04-28,Half Yearly,5000,No,0,UPI,Rohit Patil,Morning,No,Walk-in,27.8,55,Active,6000,"Prolift Fitness Gym, Wadi, Nagpur"
PFG20250844,Harsh Kale,Male,22,Working Professional,2025-03-21,Half Yearly,5000,No,0,Card,Akshay Deshmukh,Evening,Yes,Instagram,22.0,85,Active,6000,"Prolift Fitness Gym, Wadi, Nagpur"
PFG20251177,Arjun Borkar,Male,27,Freelancer,2025-01-02,Yearly,8000,No,0,Card,Rohit Patil,Morning,Yes,Instagram,29.2,95,Active,6000,"Prolift Fitness Gym, Wadi, Nagpur"
PFG20250078,Krishna Deshmukh,Male,30,Working Professional,2025-11-20,Half Yearly,5000,No,0,Cash,Akshay Deshmukh,Morning,Yes,Friend Referral,30.5,93,Active,6000,"Prolift Fitness Gym, Wadi, Nagpur"
PFG20250966,Ankit Kulkarni,Male,30,Freelancer,2025-11-24,Quarterly,3000,No,0,UPI,Shubham Kale,Morning,No,Banner,22.3,59,Active,6000,"Prolift Fitness Gym, Wadi, Nagpur"
PFG20251050,Arjun Jain,Male,30,Working Professional,2025-04-01,Yearly,8000,Yes,2500,UPI,Shubham Kale,Morning,Yes,Friend Referral,26.4,53,Active,6000,"Prolift Fitness Gym, Wadi, Nagpur"
PFG20250079,Simran Chaudhary,Female,20,Housewife,2025-07-11,Half Yearly,5000,No,0,UPI,Aman Sharma,Evening,Yes,Walk-in,22.8,94,Active,6000,"Prolift Fitness Gym, Wadi, Nagpur"
PFG20250118,Sahil Verma,Male,29,Business,2025-05-27,Monthly,900,No,0,Cash,Rohit Patil,Morning,Yes,Google,19.0,88,Active,6000,"Prolift Fitness Gym, Wadi, Nagpur"
PFG20251188,Krishna Patel,Male,29,Housewife,2025-08-24,Monthly,900,No,0,UPI,Aman Sharma,Evening,No,Friend Referral,26.9,59,Active,6000,"Prolift Fitness Gym, Wadi, Nagpur"
PFG20250400,Sneha Joshi,Female,24,Student,2025-08-27,Monthly,900,No,0,UPI,Rohit Patil,Evening,Yes,Walk-in,30.8,51,Inactive,6000,"Prolift Fitness Gym, Wadi, Nagpur"
PFG20250210,Pranav Gupta,Male,30,Student,2025-03-24,Quarterly,3000,No,0,UPI,Shubham Kale,Morning,No,Friend Referral,22.5,65,Active,6000,"Prolift Fitness Gym, Wadi, Nagpur"
PFG20250181,Nikhil Deshmukh,Male,25,Freelancer,2025-12-08,Half Yearly,5000,No,0,UPI,Aman Sharma,Evening,Yes,Instagram,18.5,92,Active,6000,"Prolift Fitness Gym, Wadi, Nagpur"
PFG20250985,Pooja Borkar,Female,27,Student,2025-01-17,Monthly,900,No,0,UPI,Rohit Patil,Morning,Yes,Instagram,25.9,93,Active,6000,"Prolift Fitness Gym, Wadi, Nagpur"
PFG20250525,Vedant Chaudhary,Male,28,Freelancer,2025-05-16,Quarterly,3000,Yes,2500,UPI,Shubham Kale,Evening,No,Banner,32.3,48,Active,6000,"Prolift Fitness Gym, Wadi, Nagpur"
PFG20250260,Ritesh Verma,Male,25,Housewife,2025-03-21,Yearly,8000,Yes,4000,UPI,Shubham Kale,Evening,No,Friend Referral,27.8,96,Active,6000,"Prolift Fitness Gym, Wadi, Nagpur"
PFG20250886,Shruti Patel,Female,18,Government Employee,2025-08-27,Half Yearly,5000,No,0,Card,Aman Sharma,Morning,Yes,Friend Referral,26.3,86,Active,6000,"Prolift Fitness Gym, Wadi, Nagpur"
PFG20250354,Shubham Kale,Male,27,Housewife,2025-07-12,Monthly,900,No,0,UPI,Rohit Patil,Morning,Yes,Instagram,26.1,88,Active,6000,"Prolift Fitness Gym, Wadi, Nagpur"
PFG20250559,Om Deshmukh,Male,23,Freelancer,2025-01-24,Monthly,900,No,0,UPI,Shubham Kale,Morning,No,Instagram,21.1,74,Active,6000,"Prolift Fitness Gym, Wadi, Nagpur"
PFG20250552,Sahil Deshmukh,Male,24,Business,2025-03-20,Half Yearly,5000,No,0,UPI,Aman Sharma,Morning,Yes,Friend Referral,24.1,89,Active,6000,"Prolift Fitness Gym, Wadi, Nagpur"
PFG20250366,Atharva Thakur,Male,23,Student,2025-01-20,Monthly,900,No,0,UPI,Akshay Deshmukh,Evening,Yes,Banner,22.5,71,Active,6000,"Prolift Fitness Gym, Wadi, Nagpur"
PFG20250608,Om Rao,Male,22,Student,2025-04-03,Monthly,900,No,0,Card,Shubham Kale,Morning,Yes,Banner,23.2,104,Active,6000,"Prolift Fitness Gym, Wadi, Nagpur"
PFG20250720,Krishna Patil,Male,26,Government Employee,2025-04-04,Yearly,8000,Yes,2500,UPI,Aman Sharma,Morning,Yes,Google,29.4,98,Active,6000,"Prolift Fitness Gym, Wadi, Nagpur"
PFG20251135,Ananya Chaudhary,Female,20,Freelancer,2025-06-06,Half Yearly,5000,No,0,Cash,Rohit Patil,Evening,No,Banner,32.7,48,Active,6000,"Prolift Fitness Gym, Wadi, Nagpur"
PFG20250474,Pranav Gupta,Male,21,Student,2025-02-18,Monthly,900,No,0,UPI,Aman Sharma,Morning,No,Instagram,28.9,60,Active,6000,"Prolift Fitness Gym, Wadi, Nagpur"
PFG20251013,Vivaan Deshmukh,Male,26,Government Employee,2025-02-13,Quarterly,3000,Yes,2500,UPI,Rohit Patil,Morning,Yes,Instagram,19.7,92,Active,6000,"Prolift Fitness Gym, Wadi, Nagpur"
PFG20250736,Arjun Tiwari,Male,25,Business,2025-06-07,Monthly,900,No,0,UPI,Rohit Patil,Evening,Yes,Walk-in,22.5,85,Active,6000,"Prolift Fitness Gym, Wadi, Nagpur"
PFG20251140,Om Mishra,Male,22,Freelancer,2025-06-20,Quarterly,3000,No,0,Cash,Rohit Patil,Evening,Yes,Instagram,31.9,77,Active,6000,"Prolift Fitness Gym, Wadi, Nagpur"
PFG20250481,Akash Verma,Male,23,Business,2025-04-19,Monthly,900,Yes,3000,Card,Akshay Deshmukh,Evening,Yes,Friend Referral,23.3,87,Inactive,6000,"Prolift Fitness Gym, Wadi, Nagpur"
PFG20251009,Rohan Rao,Male,21,Housewife,2025-03-11,Monthly,900,No,0,UPI,Rohit Patil,Morning,No,Friend Referral,27.1,59,Active,6000,"Prolift Fitness Gym, Wadi, Nagpur"
PFG20250988,Kavya Wankhede,Female,19,Housewife,2025-10-02,Quarterly,3000,No,0,UPI,Rohit Patil,Evening,No,Friend Referral,23.2,49,Active,6000,"Prolift Fitness Gym, Wadi, Nagpur"
PFG20250745,Nikita Borkar,Female,28,Working Professional,2025-11-15,Yearly,8000,Yes,4000,Card,Akshay Deshmukh,Morning,Yes,Google,32.5,90,Active,6000,"Prolift Fitness Gym, Wadi, Nagpur"
PFG20250982,Atharva Verma,Male,23,Housewife,2025-05-25,Monthly,900,No,0,Cash,Aman Sharma,Morning,Yes,Banner,25.3,92,Active,6000,"Prolift Fitness Gym, Wadi, Nagpur"
PFG20250713,Siddharth Yadav,Male,25,Student,2025-11-26,Quarterly,3000,No,0,UPI,Akshay Deshmukh,Morning,No,Walk-in,32.2,54,Inactive,6000,"Prolift Fitness Gym, Wadi, Nagpur"
PFG20250780,Karan Wankhede,Male,27,Business,2025-01-02,Yearly,8000,Yes,2500,UPI,Rohit Patil,Evening,No,Walk-in,20.3,89,Active,6000,"Prolift Fitness Gym, Wadi, Nagpur"
PFG20251132,Vedant Wankhede,Male,22,Freelancer,2025-02-06,Yearly,8000,Yes,4000,UPI,Akshay Deshmukh,Evening,Yes,Walk-in,21.6,90,Active,6000,"Prolift Fitness Gym, Wadi, Nagpur"
PFG20250942,Nikhil Gupta,Male,20,Student,2025-06-18,Quarterly,3000,No,0,UPI,Shubham Kale,Evening,No,Existing Member,30.7,92,Active,6000,"Prolift Fitness Gym, Wadi, Nagpur"
PFG20250616,Arjun Kale,Male,26,Government Employee,2025-11-13,Yearly,8000,No,0,Card,Akshay Deshmukh,Morning,Yes,Walk-in,22.0,100,Active,6000,"Prolift Fitness Gym, Wadi, Nagpur"
PFG20250124,Sahil Mishra,Male,25,Student,2025-06-06,Quarterly,3000,No,0,Cash,Shubham Kale,Evening,Yes,Friend Referral,22.0,71,Inactive,6000,"Prolift Fitness Gym, Wadi, Nagpur"
PFG20250693,Karan Sharma,Male,18,Working Professional,2025-12-01,Yearly,8000,Yes,3000,UPI,Aman Sharma,Evening,Yes,Instagram,33.1,94,Inactive,6000,"Prolift Fitness Gym, Wadi, Nagpur"
PFG20250447,Siddharth Sharma,Male,30,Student,2025-01-14,Quarterly,3000,No,0,UPI,Shubham Kale,Morning,Yes,Friend Referral,30.9,66,Active,6000,"Prolift Fitness Gym, Wadi, Nagpur"
PFG20250890,Ishita Patel,Female,27,Housewife,2025-08-28,Monthly,900,No,0,UPI,Shubham Kale,Morning,Yes,Friend Referral,31.7,71,Active,6000,"Prolift Fitness Gym, Wadi, Nagpur"
PFG20250996,Rohan Patel,Male,21,Business,2025-03-22,Quarterly,3000,No,0,UPI,Aman Sharma,Evening,No,Friend Referral,31.8,56,Active,6000,"Prolift Fitness Gym, Wadi, Nagpur"
PFG20250653,Atharva Wankhede,Male,23,Housewife,2025-02-17,Monthly,900,No,0,UPI,Akshay Deshmukh,Evening,No,Walk-in,31.8,95,Active,6000,"Prolift Fitness Gym, Wadi, Nagpur"
PFG20251185,Simran Gupta,Female,20,Freelancer,2025-12-16,Yearly,8000,No,0,Cash,Shubham Kale,Morning,Yes,Instagram,31.6,89,Active,6000,"Prolift Fitness Gym, Wadi, Nagpur"
PFG20250051,Shubham Jain,Male,18,Housewife,2025-09-27,Monthly,900,No,0,UPI,Aman Sharma,Evening,Yes,Existing Member,29.9,77,Active,6000,"Prolift Fitness Gym, Wadi, Nagpur"
PFG20250589,Arjun Chaudhary,Male,20,Housewife,2025-01-04,Yearly,8000,Yes,3000,Cash,Aman Sharma,Morning,Yes,Walk-in,19.2,68,Active,6000,"Prolift Fitness Gym, Wadi, Nagpur"
PFG20250469,Ritesh Mishra,Male,19,Government Employee,2025-11-28,Monthly,900,Yes,2500,Card,Rohit Patil,Evening,No,Instagram,18.4,68,Active,6000,"Prolift Fitness Gym, Wadi, Nagpur"
PFG20250005,Nikhil Patel,Male,21,Housewife,2025-01-12,Yearly,8000,Yes,2500,Card,Shubham Kale,Evening,No,Instagram,30.5,54,Active,6000,"Prolift Fitness Gym, Wadi, Nagpur"
PFG20250230,Siddharth Patel,Male,24,Working Professional,2025-02-11,Monthly,900,No,0,UPI,Aman Sharma,Evening,Yes,Walk-in,19.0,64,Active,6000,"Prolift Fitness Gym, Wadi, Nagpur"
PFG20250119,Ananya Borkar,Female,24,Working Professional,2025-06-12,Half Yearly,5000,No,0,UPI,Aman Sharma,Evening,No,Banner,19.9,71,Active,6000,"Prolift Fitness Gym, Wadi, Nagpur"
PFG20250446,Neha Sharma,Female,23,Housewife,2025-02-16,Monthly,900,No,0,UPI,Rohit Patil,Morning,No,Instagram,30.1,101,Active,6000,"Prolift Fitness Gym, Wadi, Nagpur"
PFG20250812,Om Tiwari,Male,29,Student,2025-11-15,Half Yearly,5000,No,0,Card,Shubham Kale,Evening,Yes,Friend Referral,29.6,100,Active,6000,"Prolift Fitness Gym, Wadi, Nagpur"
PFG20250339,Sneha Mishra,Female,19,Student,2025-04-16,Monthly,900,No,0,Card,Rohit Patil,Morning,Yes,Friend Referral,19.8,71,Active,6000,"Prolift Fitness Gym, Wadi, Nagpur"
PFG20250148,Ankit Gupta,Male,20,Business,2025-01-09,Half Yearly,5000,No,0,Card,Akshay Deshmukh,Morning,Yes,Instagram,31.5,69,Active,6000,"Prolift Fitness Gym, Wadi, Nagpur"
PFG20250170,Atharva Mishra,Male,21,Freelancer,2025-12-10,Monthly,900,No,0,Cash,Rohit Patil,Morning,Yes,Instagram,18.8,65,Active,6000,"Prolift Fitness Gym, Wadi, Nagpur"
PFG20250819,Shubham Jain,Male,18,Business,2025-02-26,Half Yearly,5000,No,0,Cash,Shubham Kale,Evening,Yes,Existing Member,31.5,55,Active,6000,"Prolift Fitness Gym, Wadi, Nagpur"
PFG20250847,Siddharth Deshmukh,Male,26,Business,2025-11-24,Quarterly,3000,Yes,4000,UPI,Rohit Patil,Morning,No,Friend Referral,31.1,85,Active,6000,"Prolift Fitness Gym, Wadi, Nagpur"
PFG20250706,Sakshi Tiwari,Female,27,Student,2025-12-09,Half Yearly,5000,Yes,2500,UPI,Akshay Deshmukh,Morning,No,Google,29.0,96,Active,6000,"Prolift Fitness Gym, Wadi, Nagpur"
PFG20250549,Shubham Patel,Male,28,Government Employee,2025-08-03,Monthly,900,No,0,UPI,Aman Sharma,Evening,No,Existing Member,29.8,96,Active,6000,"Prolift Fitness Gym, Wadi, Nagpur"
PFG20250510,Akash Kulkarni,Male,28,Housewife,2025-02-27,Monthly,900,No,0,UPI,Akshay Deshmukh,Evening,Yes,Friend Referral,27.7,96,Active,6000,"Prolift Fitness Gym, Wadi, Nagpur"
PFG20250204,Ritesh Yadav,Male,28,Housewife,2025-04-22,Monthly,900,No,0,UPI,Rohit Patil,Morning,Yes,Friend Referral,22.6,101,Active,6000,"Prolift Fitness Gym, Wadi, Nagpur"
PFG20250326,Siddharth Kulkarni,Male,21,Student,2025-04-13,Yearly,8000,No,0,Cash,Rohit Patil,Morning,No,Friend Referral,31.4,74,Active,6000,"Prolift Fitness Gym, Wadi, Nagpur"
PFG20250298,Tanvi Kulkarni,Female,23,Business,2025-11-08,Half Yearly,5000,No,0,UPI,Rohit Patil,Evening,Yes,Walk-in,27.9,84,Active,6000,"Prolift Fitness Gym, Wadi, Nagpur"
PFG20250552,Sahil Deshmukh,Male,24,Business,2025-11-25,Quarterly,3000,No,0,UPI,Aman Sharma,Evening,No,Friend Referral,26.0,62,Active,6000,"Prolift Fitness Gym, Wadi, Nagpur"
PFG20251082,Nikhil Borkar,Male,28,Freelancer,2025-05-09,Monthly,900,No,0,Cash,Rohit Patil,Morning,No,Instagram,28.0,66,Active,6000,"Prolift Fitness Gym, Wadi, Nagpur"
PFG20250011,Aman Kulkarni,Male,18,Freelancer,2025-12-23,Yearly,8000,No,0,UPI,Aman Sharma,Evening,Yes,Friend Referral,27.0,62,Inactive,6000,"Prolift Fitness Gym, Wadi, Nagpur"
PFG20250220,Sneha Verma,Female,21,Student,2025-09-10,Yearly,8000,No,0,UPI,Shubham Kale,Morning,Yes,Instagram,27.0,57,Active,6000,"Prolift Fitness Gym, Wadi, Nagpur"
PFG20250955,Nikhil Patel,Male,27,Working Professional,2025-10-10,Monthly,900,No,0,UPI,Akshay Deshmukh,Morning,Yes,Google,18.5,90,Active,6000,"Prolift Fitness Gym, Wadi, Nagpur"
PFG20250463,Pranav Chaudhary,Male,25,Working Professional,2025-02-11,Yearly,8000,Yes,4000,UPI,Rohit Patil,Evening,Yes,Instagram,25.4,75,Inactive,6000,"Prolift Fitness Gym, Wadi, Nagpur"
PFG20250174,Sahil Thakur,Male,21,Student,2025-03-21,Half Yearly,5000,No,0,UPI,Aman Sharma,Evening,No,Walk-in,19.9,91,Active,6000,"Prolift Fitness Gym, Wadi, Nagpur"
PFG20250489,Sahil Kulkarni,Male,30,Government Employee,2025-12-01,Monthly,900,No,0,Cash,Akshay Deshmukh,Morning,Yes,Friend Referral,20.6,91,Active,6000,"Prolift Fitness Gym, Wadi, Nagpur"
PFG20250990,Neha Mishra,Female,23,Freelancer,2025-04-03,Monthly,900,No,0,UPI,Aman Sharma,Morning,Yes,Friend Referral,27.7,99,Active,6000,"Prolift Fitness Gym, Wadi, Nagpur"
PFG20250806,Ishita Mishra,Female,27,Business,2025-10-05,Monthly,900,No,0,UPI,Aman Sharma,Evening,No,Instagram,32.8,102,Active,6000,"Prolift Fitness Gym, Wadi, Nagpur"
PFG20250651,Om Patel,Male,23,Working Professional,2025-02-14,Quarterly,3000,No,0,UPI,Rohit Patil,Evening,Yes,Google,24.4,65,Active,6000,"Prolift Fitness Gym, Wadi, Nagpur"
PFG20250887,Krishna Rao,Male,24,Student,2025-11-03,Yearly,8000,No,0,Cash,Shubham Kale,Morning,Yes,Google,25.4,66,Active,6000,"Prolift Fitness Gym, Wadi, Nagpur"
PFG20250624,Arjun Patil,Male,27,Freelancer,2025-03-06,Monthly,900,No,0,UPI,Akshay Deshmukh,Evening,Yes,Instagram,29.9,81,Active,6000,"Prolift Fitness Gym, Wadi, Nagpur"
PFG20250841,Aditya Chaudhary,Male,26,Working Professional,2025-01-23,Monthly,900,No,0,UPI,Rohit Patil,Morning,Yes,Walk-in,33.3,65,Active,6000,"Prolift Fitness Gym, Wadi, Nagpur"
PFG20250105,Krishna Patil,Male,21,Student,2025-12-20,Half Yearly,5000,No,0,Cash,Rohit Patil,Evening,Yes,Friend Referral,27.0,58,Active,6000,"Prolift Fitness Gym, Wadi, Nagpur"
PFG20250791,Ishita Mishra,Female,19,Student,2025-12-20,Quarterly,3000,No,0,Card,Akshay Deshmukh,Evening,Yes,Walk-in,29.8,50,Active,6000,"Prolift Fitness Gym, Wadi, Nagpur"
PFG20250515,Ritesh Chaudhary,Male,24,Student,2025-02-23,Quarterly,3000,No,0,Card,Rohit Patil,Evening,No,Walk-in,21.2,67,Inactive,6000,"Prolift Fitness Gym, Wadi, Nagpur"
PFG20250244,Krishna Patil,Male,20,Freelancer,2025-11-20,Yearly,8000,No,0,UPI,Aman Sharma,Morning,No,Friend Referral,29.0,82,Active,6000,"Prolift Fitness Gym, Wadi, Nagpur"
PFG20250150,Aditya Wankhede,Male,23,Business,2025-06-11,Half Yearly,5000,No,0,Cash,Aman Sharma,Morning,No,Friend Referral,25.2,58,Inactive,6000,"Prolift Fitness Gym, Wadi, Nagpur"
PFG20250070,Priya Deshmukh,Female,22,Government Employee,2025-12-22,Half Yearly,5000,No,0,Cash,Shubham Kale,Evening,No,Walk-in,29.6,99,Active,6000,"Prolift Fitness Gym, Wadi, Nagpur"
PFG20250747,Rohan Sharma,Male,28,Freelancer,2025-03-03,Half Yearly,5000,No,0,UPI,Aman Sharma,Evening,Yes,Banner,20.1,92,Active,6000,"Prolift Fitness Gym, Wadi, Nagpur"
PFG20250390,Krishna Patel,Male,23,Working Professional,2025-02-12,Quarterly,3000,No,0,UPI,Aman Sharma,Morning,Yes,Banner,33.4,57,Active,6000,"Prolift Fitness Gym, Wadi, Nagpur"
PFG20250759,Muskan Kale,Female,23,Government Employee,2025-11-19,Monthly,900,No,0,Card,Akshay Deshmukh,Evening,No,Existing Member,26.4,101,Active,6000,"Prolift Fitness Gym, Wadi, Nagpur"
PFG20250794,Shubham Kale,Male,19,Government Employee,2025-03-08,Monthly,900,Yes,3000,Cash,Aman Sharma,Evening,No,Instagram,31.9,95,Active,6000,"Prolift Fitness Gym, Wadi, Nagpur"
PFG20250285,Aditi Thakur,Female,29,Government Employee,2025-04-07,Half Yearly,5000,Yes,3000,UPI,Rohit Patil,Morning,No,Instagram,29.3,66,Active,6000,"Prolift Fitness Gym, Wadi, Nagpur"
PFG20250543,Krishna Deshmukh,Male,29,Business,2025-04-14,Monthly,900,No,0,Cash,Rohit Patil,Morning,No,Friend Referral,26.6,78,Active,6000,"Prolift Fitness Gym, Wadi, Nagpur"
PFG20251124,Arjun Deshmukh,Male,25,Freelancer,2025-09-20,Monthly,900,No,0,Card,Akshay Deshmukh,Morning,No,Friend Referral,28.9,82,Active,6000,"Prolift Fitness Gym, Wadi, Nagpur"
PFG20250248,Ritesh Tiwari,Male,20,Freelancer,2025-04-17,Yearly,8000,Yes,3000,UPI,Akshay Deshmukh,Evening,Yes,Instagram,29.0,104,Active,6000,"Prolift Fitness Gym, Wadi, Nagpur"
PFG20250626,Vedant Wankhede,Male,24,Business,2025-02-04,Monthly,900,No,0,UPI,Aman Sharma,Evening,Yes,Friend Referral,21.1,67,Active,6000,"Prolift Fitness Gym, Wadi, Nagpur"
PFG20250882,Om Wankhede,Male,22,Government Employee,2025-04-18,Monthly,900,No,0,UPI,Akshay Deshmukh,Morning,Yes,Instagram,32.0,68,Active,6000,"Prolift Fitness Gym, Wadi, Nagpur"
PFG20250046,Karan Mishra,Male,26,Government Employee,2025-05-10,Monthly,900,No,0,Card,Akshay Deshmukh,Morning,No,Instagram,26.3,84,Active,6000,"Prolift Fitness Gym, Wadi, Nagpur"
PFG20250595,Arjun Gupta,Male,24,Business,2025-01-14,Quarterly,3000,No,0,UPI,Aman Sharma,Morning,No,Instagram,22.3,57,Active,6000,"Prolift Fitness Gym, Wadi, Nagpur"
PFG20250926,Harsh Sharma,Male,28,Student,2025-02-13,Monthly,900,No,0,UPI,Akshay Deshmukh,Evening,Yes,Walk-in,24.4,92,Active,6000,"Prolift Fitness Gym, Wadi, Nagpur"
PFG20251030,Vedant Deshmukh,Male,19,Student,2025-04-08,Monthly,900,No,0,Cash,Aman Sharma,Morning,No,Walk-in,29.8,84,Active,6000,"Prolift Fitness Gym, Wadi, Nagpur"
PFG20250495,Siddharth Deshmukh,Male,25,Freelancer,2025-11-09,Half Yearly,5000,No,0,Card,Akshay Deshmukh,Morning,No,Instagram,30.1,60,Active,6000,"Prolift Fitness Gym, Wadi, Nagpur"
PFG20250235,Shubham Tiwari,Male,25,Student,2025-04-04,Monthly,900,No,0,UPI,Aman Sharma,Evening,Yes,Walk-in,32.5,52,Active,6000,"Prolift Fitness Gym, Wadi, Nagpur"
PFG20251174,Priya Borkar,Female,23,Business,2025-02-23,Monthly,900,No,0,UPI,Akshay Deshmukh,Morning,Yes,Google,32.0,50,Active,6000,"Prolift Fitness Gym, Wadi, Nagpur"
PFG20250178,Sakshi Tiwari,Female,21,Housewife,2025-10-11,Yearly,8000,Yes,4000,Card,Akshay Deshmukh,Evening,No,Friend Referral,28.6,91,Active,6000,"Prolift Fitness Gym, Wadi, Nagpur"
PFG20250999,Rohan Gupta,Male,29,Business,2025-09-22,Half Yearly,5000,No,0,UPI,Aman Sharma,Morning,Yes,Friend Referral,21.3,86,Active,6000,"Prolift Fitness Gym, Wadi, Nagpur"
PFG20251118,Sahil Mishra,Male,28,Student,2025-10-19,Yearly,8000,No,0,UPI,Aman Sharma,Morning,Yes,Friend Referral,21.0,54,Active,6000,"Prolift Fitness Gym, Wadi, Nagpur"
PFG20250084,Aarav Chaudhary,Male,28,Business,2025-08-23,Quarterly,3000,No,0,UPI,Rohit Patil,Evening,No,Friend Referral,26.9,103,Active,6000,"Prolift Fitness Gym, Wadi, Nagpur"
PFG20250068,Pooja Chaudhary,Female,25,Housewife,2025-02-10,Quarterly,3000,No,0,UPI,Shubham Kale,Morning,Yes,Walk-in,25.5,53,Active,6000,"Prolift Fitness Gym, Wadi, Nagpur"
PFG20250384,Om Verma,Male,22,Student,2025-07-28,Monthly,900,No,0,UPI,Shubham Kale,Evening,Yes,Instagram,25.7,89,Inactive,6000,"Prolift Fitness Gym, Wadi, Nagpur"
PFG20250301,Vedant Verma,Male,23,Student,2025-11-18,Quarterly,3000,No,0,UPI,Aman Sharma,Morning,Yes,Google,19.2,79,Active,6000,"Prolift Fitness Gym, Wadi, Nagpur"
PFG20250183,Karan Joshi,Male,24,Working Professional,2025-03-09,Monthly,900,No,0,Cash,Rohit Patil,Evening,No,Walk-in,26.2,58,Active,6000,"Prolift Fitness Gym, Wadi, Nagpur"
PFG20250272,Ritesh Kulkarni,Male,27,Government Employee,2025-03-09,Yearly,8000,Yes,3000,UPI,Rohit Patil,Evening,Yes,Banner,31.1,82,Active,6000,"Prolift Fitness Gym, Wadi, Nagpur"
PFG20250437,Ananya Yadav,Female,28,Business,2025-06-13,Monthly,900,No,0,UPI,Akshay Deshmukh,Evening,Yes,Google,22.1,99,Active,6000,"Prolift Fitness Gym, Wadi, Nagpur"
PFG20250380,Ankit Patel,Male,21,Business,2025-08-12,Yearly,8000,Yes,2500,Card,Aman Sharma,Morning,Yes,Instagram,31.6,99,Active,6000,"Prolift Fitness Gym, Wadi, Nagpur"
PFG20250196,Aditya Jain,Male,20,Working Professional,2025-10-22,Quarterly,3000,No,0,Card,Shubham Kale,Morning,No,Walk-in,31.3,79,Active,6000,"Prolift Fitness Gym, Wadi, Nagpur"
PFG20251029,Aditya Kulkarni,Male,19,Working Professional,2025-11-12,Yearly,8000,No,0,Cash,Aman Sharma,Evening,Yes,Google,30.5,60,Active,6000,"Prolift Fitness Gym, Wadi, Nagpur"
PFG20250501,Yash Jain,Male,24,Government Employee,2025-12-06,Monthly,900,No,0,Cash,Shubham Kale,Evening,Yes,Walk-in,31.7,92,Active,6000,"Prolift Fitness Gym, Wadi, Nagpur"
PFG20251050,Arjun Jain,Male,30,Working Professional,2025-03-24,Monthly,900,No,0,Cash,Shubham Kale,Morning,No,Google,32.1,105,Inactive,6000,"Prolift Fitness Gym, Wadi, Nagpur"
PFG20251071,Rahul Patil,Male,29,Business,2025-05-27,Monthly,900,Yes,4000,Cash,Akshay Deshmukh,Morning,Yes,Instagram,33.2,73,Active,6000,"Prolift Fitness Gym, Wadi, Nagpur"
PFG20250986,Atharva Yadav,Male,26,Housewife,2025-12-07,Half Yearly,5000,No,0,UPI,Shubham Kale,Evening,Yes,Existing Member,23.7,66,Active,6000,"Prolift Fitness Gym, Wadi, Nagpur"
PFG20251122,Shubham Kulkarni,Male,27,Housewife,2025-10-23,Monthly,900,No,0,Cash,Rohit Patil,Morning,Yes,Walk-in,24.9,81,Active,6000,"Prolift Fitness Gym, Wadi, Nagpur"
PFG20250024,Vedant Borkar,Male,19,Working Professional,2025-04-02,Quarterly,3000,Yes,2500,Cash,Akshay Deshmukh,Evening,No,Friend Referral,18.5,53,Active,6000,"Prolift Fitness Gym, Wadi, Nagpur"
PFG20250821,Priya Verma,Female,25,Working Professional,2025-11-17,Half Yearly,5000,No,0,UPI,Aman Sharma,Evening,Yes,Instagram,29.1,97,Active,6000,"Prolift Fitness Gym, Wadi, Nagpur"
PFG20251155,Om Patel,Male,20,Business,2025-02-10,Quarterly,3000,No,0,UPI,Shubham Kale,Morning,No,Walk-in,31.8,68,Active,6000,"Prolift Fitness Gym, Wadi, Nagpur"
PFG20251125,Yash Jain,Male,24,Business,2025-01-17,Half Yearly,5000,No,0,UPI,Aman Sharma,Evening,Yes,Walk-in,32.9,52,Active,6000,"Prolift Fitness Gym, Wadi, Nagpur"
PFG20251078,Shruti Chaudhary,Female,27,Student,2025-09-09,Half Yearly,5000,No,0,UPI,Shubham Kale,Morning,Yes,Existing Member,28.4,49,Active,6000,"Prolift Fitness Gym, Wadi, Nagpur"
PFG20251023,Muskan Gupta,Female,24,Business,2025-12-07,Yearly,8000,No,0,UPI,Shubham Kale,Evening,Yes,Instagram,20.5,58,Active,6000,"Prolift Fitness Gym, Wadi, Nagpur"
PFG20250854,Vedant Joshi,Male,25,Working Professional,2025-12-16,Monthly,900,No,0,Cash,Aman Sharma,Evening,Yes,Friend Referral,33.2,66,Active,6000,"Prolift Fitness Gym, Wadi, Nagpur"
PFG20251091,Karan Jain,Male,30,Freelancer,2025-10-05,Yearly,8000,No,0,UPI,Akshay Deshmukh,Evening,Yes,Existing Member,19.5,55,Active,6000,"Prolift Fitness Gym, Wadi, Nagpur"
PFG20250762,Pooja Wankhede,Female,30,Business,2025-02-04,Half Yearly,5000,No,0,Cash,Rohit Patil,Morning,Yes,Google,21.2,85,Active,6000,"Prolift Fitness Gym, Wadi, Nagpur"
PFG20250131,Atharva Jain,Male,20,Working Professional,2025-01-23,Half Yearly,5000,No,0,Cash,Aman Sharma,Evening,No,Friend Referral,28.5,57,Active,6000,"Prolift Fitness Gym, Wadi, Nagpur"
PFG20250610,Siddharth Patel,Male,24,Freelancer,2025-06-07,Monthly,900,No,0,UPI,Shubham Kale,Evening,Yes,Friend Referral,25.4,82,Active,6000,"Prolift Fitness Gym, Wadi, Nagpur"
PFG20250569,Rohan Wankhede,Male,25,Business,2025-10-07,Half Yearly,5000,Yes,2500,UPI,Shubham Kale,Evening,No,Friend Referral,21.6,101,Active,6000,"Prolift Fitness Gym, Wadi, Nagpur"
PFG20250578,Sahil Yadav,Male,22,Government Employee,2025-12-04,Quarterly,3000,No,0,UPI,Aman Sharma,Evening,Yes,Friend Referral,29.3,103,Inactive,6000,"Prolift Fitness Gym, Wadi, Nagpur"
PFG20250675,Aditya Borkar,Male,27,Government Employee,2025-11-27,Monthly,900,No,0,Card,Rohit Patil,Morning,Yes,Friend Referral,21.7,70,Active,6000,"Prolift Fitness Gym, Wadi, Nagpur"
PFG20250349,Aditi Patel,Female,23,Government Employee,2025-01-10,Half Yearly,5000,No,0,Card,Aman Sharma,Morning,Yes,Walk-in,19.4,85,Active,6000,"Prolift Fitness Gym, Wadi, Nagpur"
PFG20250082,Aditya Jain,Male,23,Business,2025-04-24,Quarterly,3000,No,0,Card,Shubham Kale,Morning,Yes,Instagram,21.3,54,Inactive,6000,"Prolift Fitness Gym, Wadi, Nagpur"
PFG20251134,Pooja Rao,Female,23,Government Employee,2025-02-22,Yearly,8000,No,0,UPI,Aman Sharma,Morning,Yes,Google,25.0,90,Active,6000,"Prolift Fitness Gym, Wadi, Nagpur"
PFG20250147,Nikita Wankhede,Female,23,Working Professional,2025-05-22,Yearly,8000,No,0,Card,Shubham Kale,Evening,Yes,Instagram,26.4,58,Active,6000,"Prolift Fitness Gym, Wadi, Nagpur"
PFG20250205,Ritesh Joshi,Male,23,Working Professional,2025-11-28,Monthly,900,No,0,UPI,Shubham Kale,Evening,Yes,Walk-in,23.8,49,Active,6000,"Prolift Fitness Gym, Wadi, Nagpur"
PFG20251059,Karan Gupta,Male,20,Housewife,2025-04-13,Monthly,900,No,0,UPI,Shubham Kale,Evening,Yes,Instagram,30.4,92,Active,6000,"Prolift Fitness Gym, Wadi, Nagpur"
PFG20250477,Aman Wankhede,Male,18,Housewife,2025-01-08,Monthly,900,No,0,UPI,Shubham Kale,Evening,Yes,Existing Member,21.8,75,Active,6000,"Prolift Fitness Gym, Wadi, Nagpur"
PFG20250760,Siddharth Wankhede,Male,18,Freelancer,2025-09-07,Monthly,900,No,0,Card,Akshay Deshmukh,Morning,Yes,Friend Referral,31.2,85,Active,6000,"Prolift Fitness Gym, Wadi, Nagpur"
PFG20250721,Nikita Deshmukh,Female,27,Working Professional,2025-10-15,Quarterly,3000,No,0,UPI,Aman Sharma,Morning,No,Instagram,23.9,84,Inactive,6000,"Prolift Fitness Gym, Wadi, Nagpur"
PFG20250865,Rahul Mishra,Male,22,Government Employee,2025-03-03,Quarterly,3000,No,0,UPI,Akshay Deshmukh,Morning,No,Google,24.4,49,Active,6000,"Prolift Fitness Gym, Wadi, Nagpur"
PFG20250145,Rahul Wankhede,Male,28,Business,2025-08-26,Monthly,900,No,0,UPI,Shubham Kale,Morning,Yes,Friend Referral,29.5,101,Active,6000,"Prolift Fitness Gym, Wadi, Nagpur"
PFG20250788,Siddharth Wankhede,Male,28,Business,2025-12-24,Monthly,900,No,0,UPI,Shubham Kale,Evening,Yes,Walk-in,33.0,77,Active,6000,"Prolift Fitness Gym, Wadi, Nagpur"
PFG20250573,Sahil Patil,Male,25,Student,2025-12-04,Quarterly,3000,Yes,4000,Card,Rohit Patil,Morning,No,Instagram,32.3,78,Active,6000,"Prolift Fitness Gym, Wadi, Nagpur"
PFG20250875,Aman Borkar,Male,28,Working Professional,2025-11-25,Monthly,900,No,0,UPI,Aman Sharma,Evening,Yes,Instagram,20.1,93,Active,6000,"Prolift Fitness Gym, Wadi, Nagpur"
PFG20250948,Aditya Gupta,Male,27,Housewife,2025-10-20,Quarterly,3000,No,0,UPI,Rohit Patil,Morning,No,Instagram,31.2,65,Active,6000,"Prolift Fitness Gym, Wadi, Nagpur"
PFG20250653,Atharva Wankhede,Male,23,Housewife,2025-03-12,Monthly,900,Yes,2500,Cash,Akshay Deshmukh,Evening,Yes,Walk-in,23.2,68,Active,6000,"Prolift Fitness Gym, Wadi, Nagpur"
PFG20250886,Shruti Patel,Female,18,Government Employee,2025-02-27,Yearly,8000,No,0,Cash,Aman Sharma,Evening,Yes,Friend Referral,29.2,102,Inactive,6000,"Prolift Fitness Gym, Wadi, Nagpur"
PFG20250852,Ritesh Gupta,Male,25,Freelancer,2025-12-28,Half Yearly,5000,No,0,UPI,Akshay Deshmukh,Evening,No,Friend Referral,28.7,53,Active,6000,"Prolift Fitness Gym, Wadi, Nagpur"
PFG20251158,Ishita Sharma,Female,29,Housewife,2025-02-25,Monthly,900,No,0,UPI,Rohit Patil,Morning,No,Walk-in,25.5,84,Active,6000,"Prolift Fitness Gym, Wadi, Nagpur"
PFG20250299,Nikhil Patil,Male,29,Business,2025-06-25,Half Yearly,5000,No,0,Card,Akshay Deshmukh,Evening,Yes,Walk-in,24.1,103,Active,6000,"Prolift Fitness Gym, Wadi, Nagpur"
PFG20250774,Shubham Wankhede,Male,24,Business,2025-12-23,Monthly,900,No,0,UPI,Rohit Patil,Morning,Yes,Friend Referral,21.3,83,Active,6000,"Prolift Fitness Gym, Wadi, Nagpur"
PFG20250434,Ankit Joshi,Male,24,Working Professional,2025-02-18,Monthly,900,No,0,Cash,Rohit Patil,Morning,No,Friend Referral,19.2,51,Active,6000,"Prolift Fitness Gym, Wadi, Nagpur"
PFG20251093,Rahul Thakur,Male,25,Government Employee,2025-05-02,Monthly,900,Yes,2500,Card,Akshay Deshmukh,Morning,Yes,Friend Referral,31.3,54,Active,6000,"Prolift Fitness Gym, Wadi, Nagpur"
PFG20250671,Aarav Patel,Male,24,Government Employee,2025-06-02,Quarterly,3000,No,0,Card,Rohit Patil,Evening,No,Google,33.2,66,Inactive,6000,"Prolift Fitness Gym, Wadi, Nagpur"
PFG20250548,Siddharth Gupta,Male,23,Working Professional,2025-07-21,Monthly,900,No,0,Cash,Aman Sharma,Morning,No,Friend Referral,27.5,57,Active,6000,"Prolift Fitness Gym, Wadi, Nagpur"
PFG20250546,Atharva Borkar,Male,26,Working Professional,2025-01-07,Monthly,900,Yes,2500,UPI,Shubham Kale,Evening,Yes,Google,28.5,103,Active,6000,"Prolift Fitness Gym, Wadi, Nagpur"
PFG20250435,Yash Joshi,Male,22,Working Professional,2025-01-25,Monthly,900,No,0,UPI,Shubham Kale,Evening,Yes,Friend Referral,28.2,101,Active,6000,"Prolift Fitness Gym, Wadi, Nagpur"
PFG20251063,Akash Verma,Male,22,Housewife,2025-01-15,Yearly,8000,Yes,2500,UPI,Shubham Kale,Evening,No,Friend Referral,19.5,54,Active,6000,"Prolift Fitness Gym, Wadi, Nagpur"
PFG20250197,Aarav Jain,Male,29,Housewife,2025-11-04,Monthly,900,No,0,UPI,Akshay Deshmukh,Evening,No,Friend Referral,21.4,83,Active,6000,"Prolift Fitness Gym, Wadi, Nagpur"
PFG20250795,Vivaan Patil,Male,19,Working Professional,2025-02-07,Monthly,900,No,0,Cash,Aman Sharma,Morning,Yes,Friend Referral,25.8,89,Active,6000,"Prolift Fitness Gym, Wadi, Nagpur"
PFG20250009,Harsh Rao,Male,29,Working Professional,2025-11-02,Quarterly,3000,No,0,Card,Rohit Patil,Evening,Yes,Instagram,26.2,79,Active,6000,"Prolift Fitness Gym, Wadi, Nagpur"
PFG20250682,Ankit Borkar,Male,25,Housewife,2025-03-04,Monthly,900,No,0,UPI,Rohit Patil,Morning,Yes,Friend Referral,31.7,81,Active,6000,"Prolift Fitness Gym, Wadi, Nagpur"
PFG20250688,Vivaan Sharma,Male,28,Government Employee,2025-06-28,Monthly,900,No,0,Cash,Akshay Deshmukh,Morning,Yes,Google,19.3,67,Active,6000,"Prolift Fitness Gym, Wadi, Nagpur"
PFG20250391,Shubham Sharma,Male,30,Student,2025-02-07,Monthly,900,No,0,UPI,Rohit Patil,Morning,No,Walk-in,23.9,98,Active,6000,"Prolift Fitness Gym, Wadi, Nagpur"
PFG20251115,Arjun Tiwari,Male,24,Housewife,2025-01-04,Monthly,900,No,0,UPI,Akshay Deshmukh,Evening,Yes,Instagram,19.3,72,Active,6000,"Prolift Fitness Gym, Wadi, Nagpur"
PFG20250924,Karan Mishra,Male,19,Government Employee,2025-03-08,Monthly,900,No,0,UPI,Aman Sharma,Evening,Yes,Instagram,21.8,73,Active,6000,"Prolift Fitness Gym, Wadi, Nagpur"
PFG20250652,Arjun Sharma,Male,19,Housewife,2025-11-19,Quarterly,3000,Yes,2500,UPI,Rohit Patil,Morning,Yes,Existing Member,25.4,70,Active,6000,"Prolift Fitness Gym, Wadi, Nagpur"
PFG20250464,Atharva Deshmukh,Male,28,Government Employee,2025-11-17,Half Yearly,5000,No,0,Card,Aman Sharma,Morning,Yes,Friend Referral,20.3,61,Active,6000,"Prolift Fitness Gym, Wadi, Nagpur"
PFG20250345,Harsh Wankhede,Male,23,Student,2025-01-06,Monthly,900,Yes,3000,UPI,Shubham Kale,Evening,Yes,Banner,25.1,73,Inactive,6000,"Prolift Fitness Gym, Wadi, Nagpur"
PFG20250173,Krishna Gupta,Male,18,Government Employee,2025-05-10,Monthly,900,No,0,UPI,Aman Sharma,Evening,Yes,Google,28.0,100,Active,6000,"Prolift Fitness Gym, Wadi, Nagpur"
PFG20250848,Krishna Mishra,Male,28,Student,2025-11-04,Quarterly,3000,No,0,Cash,Akshay Deshmukh,Morning,Yes,Existing Member,31.6,87,Active,6000,"Prolift Fitness Gym, Wadi, Nagpur"
PFG20250455,Yash Rao,Male,25,Housewife,2025-11-13,Monthly,900,No,0,UPI,Rohit Patil,Morning,Yes,Google,32.3,100,Active,6000,"Prolift Fitness Gym, Wadi, Nagpur"
PFG20251114,Arjun Deshmukh,Male,18,Student,2025-11-04,Monthly,900,No,0,UPI,Akshay Deshmukh,Evening,Yes,Walk-in,19.2,87,Active,6000,"Prolift Fitness Gym, Wadi, Nagpur"
PFG20250170,Atharva Mishra,Male,21,Freelancer,2025-10-23,Monthly,900,No,0,Card,Rohit Patil,Morning,Yes,Google,26.1,54,Active,6000,"Prolift Fitness Gym, Wadi, Nagpur"
PFG20250771,Aditya Yadav,Male,30,Business,2025-09-26,Half Yearly,5000,No,0,UPI,Aman Sharma,Morning,No,Existing Member,33.1,96,Inactive,6000,"Prolift Fitness Gym, Wadi, Nagpur"
PFG20250590,Sahil Rao,Male,21,Housewife,2025-06-12,Monthly,900,No,0,Card,Aman Sharma,Morning,No,Walk-in,21.2,48,Active,6000,"Prolift Fitness Gym, Wadi, Nagpur"
PFG20250086,Atharva Gupta,Male,28,Housewife,2025-11-06,Yearly,8000,Yes,3000,UPI,Akshay Deshmukh,Evening,No,Friend Referral,28.5,65,Active,6000,"Prolift Fitness Gym, Wadi, Nagpur"
PFG20250335,Krishna Thakur,Male,27,Student,2025-10-18,Half Yearly,5000,No,0,Cash,Akshay Deshmukh,Evening,Yes,Instagram,19.2,79,Active,6000,"Prolift Fitness Gym, Wadi, Nagpur"
PFG20250937,Krishna Chaudhary,Male,25,Business,2025-06-23,Yearly,8000,Yes,2500,UPI,Akshay Deshmukh,Morning,No,Walk-in,25.9,102,Active,6000,"Prolift Fitness Gym, Wadi, Nagpur"
PFG20251007,Yash Verma,Male,26,Student,2025-03-12,Quarterly,3000,No,0,Card,Shubham Kale,Morning,Yes,Friend Referral,19.8,69,Active,6000,"Prolift Fitness Gym, Wadi, Nagpur"
PFG20250443,Harsh Rao,Male,27,Working Professional,2025-11-10,Monthly,900,No,0,UPI,Shubham Kale,Evening,Yes,Friend Referral,19.8,74,Active,6000,"Prolift Fitness Gym, Wadi, Nagpur"
PFG20250968,Atharva Tiwari,Male,23,Business,2025-10-13,Quarterly,3000,No,0,UPI,Rohit Patil,Morning,Yes,Walk-in,20.1,58,Active,6000,"Prolift Fitness Gym, Wadi, Nagpur"
PFG20250378,Sahil Tiwari,Male,30,Government Employee,2025-05-17,Monthly,900,No,0,Cash,Akshay Deshmukh,Morning,No,Friend Referral,18.7,50,Inactive,6000,"Prolift Fitness Gym, Wadi, Nagpur"
PFG20250031,Muskan Joshi,Female,28,Student,2025-12-24,Monthly,900,No,0,UPI,Akshay Deshmukh,Morning,Yes,Friend Referral,30.3,83,Inactive,6000,"Prolift Fitness Gym, Wadi, Nagpur"
PFG20250900,Pranav Joshi,Male,23,Housewife,2025-12-18,Quarterly,3000,No,0,Cash,Aman Sharma,Evening,Yes,Instagram,26.0,55,Active,6000,"Prolift Fitness Gym, Wadi, Nagpur"
PFG20250668,Arjun Patil,Male,24,Student,2025-02-01,Monthly,900,No,0,Cash,Akshay Deshmukh,Evening,No,Friend Referral,23.0,80,Inactive,6000,"Prolift Fitness Gym, Wadi, Nagpur"
PFG20250962,Pranav Patil,Male,19,Freelancer,2025-11-12,Quarterly,3000,Yes,4000,UPI,Aman Sharma,Morning,Yes,Existing Member,24.0,49,Active,6000,"Prolift Fitness Gym, Wadi, Nagpur"
PFG20251113,Aditya Patel,Male,27,Freelancer,2025-03-20,Quarterly,3000,No,0,Card,Akshay Deshmukh,Morning,No,Friend Referral,21.3,90,Active,6000,"Prolift Fitness Gym, Wadi, Nagpur"
PFG20250053,Siddharth Patel,Male,27,Student,2025-01-10,Yearly,8000,No,0,UPI,Rohit Patil,Evening,Yes,Banner,28.7,103,Active,6000,"Prolift Fitness Gym, Wadi, Nagpur"
PFG20250859,Aditya Jain,Male,29,Housewife,2025-02-03,Monthly,900,No,0,Cash,Akshay Deshmukh,Evening,No,Existing Member,26.0,101,Active,6000,"Prolift Fitness Gym, Wadi, Nagpur"
PFG20251142,Simran Gupta,Female,24,Government Employee,2025-10-03,Monthly,900,No,0,Cash,Rohit Patil,Morning,Yes,Banner,22.1,71,Active,6000,"Prolift Fitness Gym, Wadi, Nagpur"
PFG20250476,Riya Rao,Female,28,Working Professional,2025-12-13,Monthly,900,No,0,UPI,Aman Sharma,Evening,No,Friend Referral,18.7,83,Active,6000,"Prolift Fitness Gym, Wadi, Nagpur"
PFG20250061,Vivaan Joshi,Male,21,Student,2025-01-18,Quarterly,3000,No,0,UPI,Rohit Patil,Evening,Yes,Walk-in,26.6,80,Active,6000,"Prolift Fitness Gym, Wadi, Nagpur"
PFG20251130,Vivaan Deshmukh,Male,18,Housewife,2025-02-20,Monthly,900,No,0,Card,Rohit Patil,Morning,No,Banner,24.2,75,Active,6000,"Prolift Fitness Gym, Wadi, Nagpur"
PFG20250781,Om Borkar,Male,28,Government Employee,2025-02-15,Yearly,8000,Yes,4000,UPI,Rohit Patil,Evening,No,Friend Referral,20.1,56,Active,6000,"Prolift Fitness Gym, Wadi, Nagpur"
PFG20250020,Atharva Sharma,Male,23,Student,2025-11-18,Yearly,8000,Yes,4000,UPI,Akshay Deshmukh,Morning,Yes,Instagram,31.2,61,Active,6000,"Prolift Fitness Gym, Wadi, Nagpur"
PFG20250007,Arjun Jain,Male,20,Housewife,2025-02-11,Quarterly,3000,No,0,Cash,Akshay Deshmukh,Evening,No,Friend Referral,24.5,91,Active,6000,"Prolift Fitness Gym, Wadi, Nagpur"
PFG20251112,Aarav Joshi,Male,26,Working Professional,2025-06-22,Half Yearly,5000,Yes,3000,UPI,Aman Sharma,Morning,Yes,Banner,20.6,55,Active,6000,"Prolift Fitness Gym, Wadi, Nagpur"
PFG20250755,Ananya Mishra,Female,29,Business,2025-12-27,Monthly,900,No,0,Cash,Aman Sharma,Evening,Yes,Friend Referral,23.4,54,Active,6000,"Prolift Fitness Gym, Wadi, Nagpur"
PFG20250442,Vedant Verma,Male,26,Freelancer,2025-11-05,Monthly,900,No,0,UPI,Rohit Patil,Evening,No,Instagram,27.9,91,Active,6000,"Prolift Fitness Gym, Wadi, Nagpur"
PFG20250645,Atharva Rao,Male,24,Housewife,2025-03-10,Half Yearly,5000,No,0,Cash,Rohit Patil,Morning,Yes,Existing Member,26.4,53,Inactive,6000,"Prolift Fitness Gym, Wadi, Nagpur"
PFG20250823,Arjun Thakur,Male,25,Government Employee,2025-09-05,Monthly,900,No,0,UPI,Shubham Kale,Evening,No,Banner,31.0,56,Active,6000,"Prolift Fitness Gym, Wadi, Nagpur"
PFG20251170,Ananya Thakur,Female,19,Housewife,2025-02-01,Quarterly,3000,No,0,UPI,Aman Sharma,Evening,Yes,Instagram,19.5,57,Active,6000,"Prolift Fitness Gym, Wadi, Nagpur"
PFG20250394,Sahil Mishra,Male,19,Freelancer,2025-10-03,Monthly,900,Yes,4000,UPI,Rohit Patil,Evening,Yes,Friend Referral,20.6,60,Active,6000,"Prolift Fitness Gym, Wadi, Nagpur"
PFG20250540,Siddharth Wankhede,Male,20,Freelancer,2025-01-06,Half Yearly,5000,Yes,2500,UPI,Aman Sharma,Evening,No,Friend Referral,23.7,100,Active,6000,"Prolift Fitness Gym, Wadi, Nagpur"
PFG20250209,Aman Tiwari,Male,30,Freelancer,2025-05-19,Monthly,900,No,0,UPI,Aman Sharma,Morning,Yes,Friend Referral,23.0,105,Active,6000,"Prolift Fitness Gym, Wadi, Nagpur"
PFG20250375,Nikita Gupta,Female,19,Student,2025-06-18,Monthly,900,No,0,UPI,Akshay Deshmukh,Evening,Yes,Friend Referral,32.1,62,Inactive,6000,"Prolift Fitness Gym, Wadi, Nagpur"
PFG20250694,Aman Wankhede,Male,29,Working Professional,2025-06-04,Quarterly,3000,No,0,UPI,Aman Sharma,Evening,Yes,Friend Referral,31.1,74,Active,6000,"Prolift Fitness Gym, Wadi, Nagpur"
PFG20250220,Sneha Verma,Female,21,Student,2025-03-17,Quarterly,3000,No,0,UPI,Shubham Kale,Evening,Yes,Friend Referral,30.9,66,Active,6000,"Prolift Fitness Gym, Wadi, Nagpur"
PFG20250586,Rahul Gupta,Male,25,Working Professional,2025-08-02,Quarterly,3000,No,0,Cash,Aman Sharma,Evening,No,Friend Referral,27.3,66,Inactive,6000,"Prolift Fitness Gym, Wadi, Nagpur"
PFG20250609,Vivaan Gupta,Male,27,Freelancer,2025-02-25,Monthly,900,No,0,Cash,Aman Sharma,Morning,Yes,Instagram,26.1,54,Active,6000,"Prolift Fitness Gym, Wadi, Nagpur"
PFG20250599,Tanvi Joshi,Female,29,Business,2025-07-28,Monthly,900,No,0,UPI,Akshay Deshmukh,Morning,No,Friend Referral,24.9,92,Active,6000,"Prolift Fitness Gym, Wadi, Nagpur"
PFG20250754,Pranav Wankhede,Male,25,Government Employee,2025-01-13,Quarterly,3000,No,0,Card,Aman Sharma,Evening,No,Instagram,22.9,92,Active,6000,"Prolift Fitness Gym, Wadi, Nagpur"
PFG20251067,Shubham Verma,Male,28,Student,2025-07-15,Quarterly,3000,No,0,UPI,Akshay Deshmukh,Morning,No,Walk-in,26.9,56,Active,6000,"Prolift Fitness Gym, Wadi, Nagpur"
PFG20250902,Shruti Rao,Female,24,Freelancer,2025-05-17,Monthly,900,No,0,UPI,Akshay Deshmukh,Morning,Yes,Instagram,25.4,85,Active,6000,"Prolift Fitness Gym, Wadi, Nagpur"
PFG20250628,Ankit Joshi,Male,25,Working Professional,2025-10-27,Half Yearly,5000,No,0,UPI,Akshay Deshmukh,Evening,Yes,Existing Member,27.5,57,Active,6000,"Prolift Fitness Gym, Wadi, Nagpur"
PFG20250574,Aarav Gupta,Male,20,Government Employee,2025-06-14,Monthly,900,No,0,UPI,Shubham Kale,Evening,No,Existing Member,18.6,64,Inactive,6000,"Prolift Fitness Gym, Wadi, Nagpur"
PFG20250041,Aman Chaudhary,Male,22,Business,2025-12-15,Yearly,8000,Yes,4000,UPI,Akshay Deshmukh,Morning,Yes,Google,25.1,70,Active,6000,"Prolift Fitness Gym, Wadi, Nagpur"
PFG20250591,Nikhil Patil,Male,26,Government Employee,2025-04-03,Monthly,900,No,0,Card,Shubham Kale,Evening,No,Walk-in,19.4,71,Active,6000,"Prolift Fitness Gym, Wadi, Nagpur"
PFG20250922,Nikhil Patil,Male,26,Housewife,2025-03-28,Yearly,8000,No,0,UPI,Shubham Kale,Morning,Yes,Walk-in,21.4,91,Active,6000,"Prolift Fitness Gym, Wadi, Nagpur"
PFG20250532,Rohan Deshmukh,Male,19,Freelancer,2025-12-10,Monthly,900,No,0,Card,Rohit Patil,Evening,Yes,Banner,19.2,83,Active,6000,"Prolift Fitness Gym, Wadi, Nagpur"
PFG20250242,Neha Borkar,Female,23,Business,2025-06-08,Monthly,900,No,0,Cash,Aman Sharma,Morning,Yes,Walk-in,22.7,78,Active,6000,"Prolift Fitness Gym, Wadi, Nagpur"
PFG20251104,Riya Verma,Female,21,Freelancer,2025-11-22,Monthly,900,Yes,2500,UPI,Shubham Kale,Morning,No,Existing Member,25.4,60,Active,6000,"Prolift Fitness Gym, Wadi, Nagpur"
PFG20250004,Siddharth Sharma,Male,22,Freelancer,2025-12-27,Half Yearly,5000,No,0,UPI,Aman Sharma,Morning,No,Instagram,29.5,54,Active,6000,"Prolift Fitness Gym, Wadi, Nagpur"
PFG20250656,Aditya Jain,Male,23,Working Professional,2025-05-15,Quarterly,3000,No,0,UPI,Aman Sharma,Evening,No,Google,26.0,68,Active,6000,"Prolift Fitness Gym, Wadi, Nagpur"
PFG20250619,Aman Sharma,Male,28,Freelancer,2025-10-08,Monthly,900,Yes,2500,Cash,Rohit Patil,Evening,Yes,Walk-in,19.7,103,Inactive,6000,"Prolift Fitness Gym, Wadi, Nagpur"
PFG20250851,Akash Joshi,Male,21,Business,2025-06-09,Monthly,900,Yes,3000,UPI,Akshay Deshmukh,Evening,Yes,Walk-in,32.6,61,Active,6000,"Prolift Fitness Gym, Wadi, Nagpur"
PFG20251168,Om Kulkarni,Male,20,Government Employee,2025-04-24,Quarterly,3000,No,0,Card,Aman Sharma,Morning,Yes,Friend Referral,21.7,101,Inactive,6000,"Prolift Fitness Gym, Wadi, Nagpur"
PFG20250149,Aditi Joshi,Female,18,Student,2025-03-21,Monthly,900,No,0,UPI,Shubham Kale,Morning,Yes,Walk-in,18.3,81,Active,6000,"Prolift Fitness Gym, Wadi, Nagpur"
PFG20250359,Priya Yadav,Female,19,Student,2025-08-16,Monthly,900,No,0,Card,Shubham Kale,Evening,Yes,Existing Member,27.1,61,Active,6000,"Prolift Fitness Gym, Wadi, Nagpur"
PFG20250536,Nikhil Mishra,Male,25,Housewife,2025-01-05,Quarterly,3000,No,0,Cash,Akshay Deshmukh,Morning,Yes,Existing Member,19.5,99,Active,6000,"Prolift Fitness Gym, Wadi, Nagpur"
PFG20250823,Arjun Thakur,Male,25,Government Employee,2025-06-20,Quarterly,3000,No,0,UPI,Shubham Kale,Evening,No,Banner,18.7,67,Active,6000,"Prolift Fitness Gym, Wadi, Nagpur"
PFG20250042,Yash Kale,Male,23,Freelancer,2025-02-26,Monthly,900,No,0,UPI,Akshay Deshmukh,Morning,Yes,Friend Referral,26.5,91,Active,6000,"Prolift Fitness Gym, Wadi, Nagpur"
PFG20250330,Nikhil Gupta,Male,21,Working Professional,2025-12-19,Yearly,8000,No,0,UPI,Akshay Deshmukh,Evening,No,Walk-in,31.5,97,Active,6000,"Prolift Fitness Gym, Wadi, Nagpur"
PFG20250761,Pranav Mishra,Male,26,Student,2025-11-19,Quarterly,3000,No,0,UPI,Shubham Kale,Evening,No,Google,32.1,76,Active,6000,"Prolift Fitness Gym, Wadi, Nagpur"
PFG20250343,Aman Chaudhary,Male,28,Working Professional,2025-02-18,Monthly,900,No,0,UPI,Rohit Patil,Morning,Yes,Google,28.4,87,Active,6000,"Prolift Fitness Gym, Wadi, Nagpur"
PFG20250554,Harsh Rao,Male,30,Working Professional,2025-12-04,Quarterly,3000,No,0,Cash,Shubham Kale,Evening,Yes,Friend Referral,26.3,60,Active,6000,"Prolift Fitness Gym, Wadi, Nagpur"
PFG20250918,Vivaan Patel,Male,27,Student,2025-06-05,Monthly,900,No,0,Cash,Shubham Kale,Morning,No,Friend Referral,28.1,101,Active,6000,"Prolift Fitness Gym, Wadi, Nagpur"
PFG20250698,Arjun Joshi,Male,22,Business,2025-01-06,Monthly,900,No,0,Cash,Shubham Kale,Morning,Yes,Friend Referral,21.4,82,Active,6000,"Prolift Fitness Gym, Wadi, Nagpur"
PFG20250888,Muskan Borkar,Female,20,Business,2025-02-13,Monthly,900,No,0,UPI,Akshay Deshmukh,Evening,Yes,Existing Member,29.8,55,Inactive,6000,"Prolift Fitness Gym, Wadi, Nagpur"
PFG20250702,Akash Mishra,Male,21,Government Employee,2025-12-16,Monthly,900,No,0,UPI,Aman Sharma,Morning,Yes,Friend Referral,32.5,72,Active,6000,"Prolift Fitness Gym, Wadi, Nagpur"
PFG20251175,Riya Joshi,Female,26,Housewife,2025-11-06,Yearly,8000,Yes,2500,Card,Akshay Deshmukh,Morning,Yes,Friend Referral,22.3,80,Active,6000,"Prolift Fitness Gym, Wadi, Nagpur"
PFG20250943,Siddharth Mishra,Male,28,Business,2025-04-11,Half Yearly,5000,No,0,Cash,Rohit Patil,Evening,Yes,Walk-in,24.6,96,Inactive,6000,"Prolift Fitness Gym, Wadi, Nagpur"
PFG20250802,Ishita Yadav,Female,20,Working Professional,2025-11-21,Monthly,900,Yes,3000,Cash,Rohit Patil,Evening,No,Friend Referral,28.3,77,Active,6000,"Prolift Fitness Gym, Wadi, Nagpur"
PFG20250438,Shubham Borkar,Male,30,Business,2025-06-19,Monthly,900,No,0,Card,Rohit Patil,Morning,Yes,Banner,30.0,91,Active,6000,"Prolift Fitness Gym, Wadi, Nagpur"
PFG20250279,Aarav Deshmukh,Male,24,Government Employee,2025-02-20,Yearly,8000,No,0,Cash,Aman Sharma,Evening,No,Friend Referral,24.5,83,Active,6000,"Prolift Fitness Gym, Wadi, Nagpur"
PFG20250273,Aman Kale,Male,24,Business,2025-04-23,Quarterly,3000,No,0,UPI,Akshay Deshmukh,Morning,No,Friend Referral,27.5,104,Inactive,6000,"Prolift Fitness Gym, Wadi, Nagpur"
PFG20250562,Shubham Wankhede,Male,24,Student,2025-06-12,Monthly,900,Yes,3000,Cash,Aman Sharma,Morning,Yes,Friend Referral,31.0,93,Active,6000,"Prolift Fitness Gym, Wadi, Nagpur"
PFG20250239,Ritesh Verma,Male,26,Working Professional,2025-09-11,Monthly,900,No,0,UPI,Akshay Deshmukh,Morning,Yes,Banner,26.8,62,Active,6000,"Prolift Fitness Gym, Wadi, Nagpur"
PFG20250890,Ishita Patel,Female,27,Housewife,2025-03-09,Yearly,8000,Yes,4000,UPI,Shubham Kale,Evening,Yes,Banner,24.0,49,Active,6000,"Prolift Fitness Gym, Wadi, Nagpur"
PFG20250512,Aarav Patil,Male,26,Government Employee,2025-10-13,Monthly,900,No,0,UPI,Aman Sharma,Morning,Yes,Instagram,26.7,64,Inactive,6000,"Prolift Fitness Gym, Wadi, Nagpur"
PFG20251103,Krishna Tiwari,Male,18,Student,2025-07-16,Half Yearly,5000,Yes,3000,Card,Rohit Patil,Morning,No,Friend Referral,31.7,64,Active,6000,"Prolift Fitness Gym, Wadi, Nagpur"
PFG20250767,Karan Deshmukh,Male,28,Freelancer,2025-12-05,Monthly,900,No,0,Cash,Shubham Kale,Evening,No,Walk-in,29.0,93,Active,6000,"Prolift Fitness Gym, Wadi, Nagpur"
PFG20251077,Muskan Gupta,Female,30,Government Employee,2025-12-02,Yearly,8000,Yes,2500,UPI,Shubham Kale,Evening,No,Google,27.1,93,Active,6000,"Prolift Fitness Gym, Wadi, Nagpur"
PFG20250917,Rahul Chaudhary,Male,20,Working Professional,2025-04-19,Monthly,900,No,0,UPI,Rohit Patil,Morning,No,Instagram,28.8,85,Active,6000,"Prolift Fitness Gym, Wadi, Nagpur"
PFG20250025,Aditi Yadav,Female,21,Housewife,2025-10-13,Monthly,900,No,0,UPI,Shubham Kale,Evening,No,Walk-in,31.7,63,Active,6000,"Prolift Fitness Gym, Wadi, Nagpur"
PFG20250117,Vedant Verma,Male,23,Business,2025-02-16,Quarterly,3000,Yes,2500,UPI,Rohit Patil,Morning,No,Friend Referral,21.0,76,Inactive,6000,"Prolift Fitness Gym, Wadi, Nagpur"
PFG20250013,Ankit Kale,Male,29,Business,2025-10-25,Monthly,900,No,0,UPI,Akshay Deshmukh,Evening,No,Instagram,23.1,62,Active,6000,"Prolift Fitness Gym, Wadi, Nagpur"
PFG20250187,Krishna Yadav,Male,26,Housewife,2025-12-02,Quarterly,3000,No,0,UPI,Rohit Patil,Morning,Yes,Friend Referral,22.8,71,Active,6000,"Prolift Fitness Gym, Wadi, Nagpur"
PFG20250960,Vivaan Jain,Male,29,Freelancer,2025-03-21,Monthly,900,No,0,UPI,Aman Sharma,Morning,Yes,Instagram,27.5,49,Active,6000,"Prolift Fitness Gym, Wadi, Nagpur"
PFG20250633,Pranav Jain,Male,25,Freelancer,2025-12-11,Monthly,900,No,0,UPI,Aman Sharma,Morning,Yes,Walk-in,30.4,80,Active,6000,"Prolift Fitness Gym, Wadi, Nagpur"
PFG20250141,Ankit Tiwari,Male,29,Student,2025-02-25,Quarterly,3000,No,0,Card,Shubham Kale,Evening,Yes,Friend Referral,20.3,59,Active,6000,"Prolift Fitness Gym, Wadi, Nagpur"
PFG20250973,Om Borkar,Male,20,Student,2025-01-15,Yearly,8000,Yes,4000,UPI,Aman Sharma,Morning,No,Walk-in,29.5,90,Inactive,6000,"Prolift Fitness Gym, Wadi, Nagpur"
PFG20250874,Rahul Gupta,Male,26,Housewife,2025-02-05,Half Yearly,5000,No,0,Cash,Akshay Deshmukh,Evening,Yes,Instagram,18.7,52,Active,6000,"Prolift Fitness Gym, Wadi, Nagpur"
PFG20250661,Aarav Tiwari,Male,30,Housewife,2025-06-06,Yearly,8000,No,0,Cash,Rohit Patil,Evening,Yes,Instagram,31.7,58,Active,6000,"Prolift Fitness Gym, Wadi, Nagpur"
PFG20250457,Pranav Mishra,Male,24,Government Employee,2025-09-15,Monthly,900,No,0,UPI,Shubham Kale,Evening,No,Walk-in,30.1,81,Active,6000,"Prolift Fitness Gym, Wadi, Nagpur"
PFG20250180,Kavya Kale,Female,26,Government Employee,2025-02-20,Quarterly,3000,No,0,UPI,Rohit Patil,Evening,Yes,Walk-in,21.1,53,Active,6000,"Prolift Fitness Gym, Wadi, Nagpur"
PFG20251034,Nikita Yadav,Female,27,Student,2025-03-01,Monthly,900,No,0,UPI,Akshay Deshmukh,Morning,Yes,Instagram,26.5,101,Active,6000,"Prolift Fitness Gym, Wadi, Nagpur"
PFG20250568,Yash Verma,Male,29,Government Employee,2025-01-15,Half Yearly,5000,No,0,UPI,Shubham Kale,Morning,Yes,Banner,20.8,56,Active,6000,"Prolift Fitness Gym, Wadi, Nagpur"
PFG20250689,Ankit Verma,Male,29,Housewife,2025-04-04,Half Yearly,5000,No,0,UPI,Aman Sharma,Morning,Yes,Friend Referral,26.5,105,Active,6000,"Prolift Fitness Gym, Wadi, Nagpur"
PFG20250094,Krishna Patil,Male,26,Business,2025-01-09,Monthly,900,No,0,UPI,Akshay Deshmukh,Evening,No,Friend Referral,25.6,76,Active,6000,"Prolift Fitness Gym, Wadi, Nagpur"
PFG20250232,Nikita Jain,Female,23,Student,2025-04-21,Quarterly,3000,Yes,4000,UPI,Akshay Deshmukh,Morning,Yes,Friend Referral,31.4,88,Active,6000,"Prolift Fitness Gym, Wadi, Nagpur"
PFG20250003,Sneha Joshi,Female,28,Business,2025-07-14,Yearly,8000,Yes,3000,Cash,Shubham Kale,Evening,Yes,Walk-in,28.8,93,Inactive,6000,"Prolift Fitness Gym, Wadi, Nagpur"
PFG20250536,Nikhil Mishra,Male,25,Housewife,2025-02-07,Quarterly,3000,Yes,2500,UPI,Akshay Deshmukh,Morning,Yes,Google,29.1,59,Active,6000,"Prolift Fitness Gym, Wadi, Nagpur"
PFG20250111,Harsh Yadav,Male,18,Working Professional,2025-07-08,Quarterly,3000,No,0,Card,Rohit Patil,Morning,No,Instagram,32.1,86,Active,6000,"Prolift Fitness Gym, Wadi, Nagpur"
PFG20251128,Vedant Verma,Male,28,Student,2025-10-28,Monthly,900,No,0,Cash,Shubham Kale,Morning,Yes,Google,20.9,54,Active,6000,"Prolift Fitness Gym, Wadi, Nagpur"
PFG20250691,Yash Thakur,Male,19,Student,2025-01-18,Yearly,8000,Yes,2500,UPI,Akshay Deshmukh,Morning,Yes,Banner,26.4,81,Inactive,6000,"Prolift Fitness Gym, Wadi, Nagpur"
PFG20251084,Aditi Tiwari,Female,25,Student,2025-05-03,Half Yearly,5000,No,0,UPI,Rohit Patil,Morning,Yes,Friend Referral,19.4,77,Active,6000,"Prolift Fitness Gym, Wadi, Nagpur"
PFG20250857,Yash Jain,Male,26,Government Employee,2025-01-14,Monthly,900,No,0,Cash,Rohit Patil,Morning,Yes,Friend Referral,20.1,53,Inactive,6000,"Prolift Fitness Gym, Wadi, Nagpur"
PFG20250190,Karan Thakur,Male,30,Business,2025-11-22,Monthly,900,No,0,UPI,Rohit Patil,Morning,No,Existing Member,20.4,93,Active,6000,"Prolift Fitness Gym, Wadi, Nagpur"
PFG20250241,Pooja Wankhede,Female,21,Business,2025-01-06,Monthly,900,No,0,UPI,Akshay Deshmukh,Morning,Yes,Google,30.8,89,Active,6000,"Prolift Fitness Gym, Wadi, Nagpur"
PFG20250622,Siddharth Patel,Male,22,Student,2025-12-22,Monthly,900,No,0,Cash,Rohit Patil,Evening,Yes,Existing Member,32.5,66,Active,6000,"Prolift Fitness Gym, Wadi, Nagpur"
PFG20250748,Vedant Sharma,Male,20,Working Professional,2025-04-08,Quarterly,3000,No,0,UPI,Akshay Deshmukh,Morning,Yes,Friend Referral,28.7,88,Active,6000,"Prolift Fitness Gym, Wadi, Nagpur"
PFG20250032,Krishna Mishra,Male,26,Working Professional,2025-08-08,Monthly,900,No,0,UPI,Aman Sharma,Evening,Yes,Existing Member,33.1,95,Active,6000,"Prolift Fitness Gym, Wadi, Nagpur"
PFG20250906,Vivaan Yadav,Male,22,Student,2025-10-22,Quarterly,3000,No,0,UPI,Shubham Kale,Morning,No,Existing Member,27.8,61,Active,6000,"Prolift Fitness Gym, Wadi, Nagpur"
PFG20250395,Vivaan Thakur,Male,26,Housewife,2025-11-17,Monthly,900,No,0,Cash,Aman Sharma,Morning,Yes,Instagram,19.5,54,Active,6000,"Prolift Fitness Gym, Wadi, Nagpur"
PFG20250063,Aman Yadav,Male,24,Student,2025-05-22,Yearly,8000,Yes,3000,Card,Shubham Kale,Evening,No,Banner,20.9,72,Active,6000,"Prolift Fitness Gym, Wadi, Nagpur"
PFG20250616,Arjun Kale,Male,26,Government Employee,2025-06-19,Quarterly,3000,No,0,Card,Akshay Deshmukh,Evening,Yes,Instagram,32.1,77,Active,6000,"Prolift Fitness Gym, Wadi, Nagpur"
PFG20250964,Siddharth Kulkarni,Male,28,Working Professional,2025-03-10,Monthly,900,Yes,4000,UPI,Shubham Kale,Morning,Yes,Google,30.8,65,Active,6000,"Prolift Fitness Gym, Wadi, Nagpur"
PFG20250524,Nikita Deshmukh,Female,19,Business,2025-01-07,Quarterly,3000,No,0,UPI,Aman Sharma,Morning,No,Instagram,20.1,65,Active,6000,"Prolift Fitness Gym, Wadi, Nagpur"
PFG20251005,Yash Rao,Male,21,Housewife,2025-10-21,Quarterly,3000,No,0,UPI,Rohit Patil,Morning,No,Friend Referral,30.0,49,Active,6000,"Prolift Fitness Gym, Wadi, Nagpur"
PFG20250583,Pranav Deshmukh,Male,30,Business,2025-04-14,Monthly,900,No,0,UPI,Akshay Deshmukh,Morning,Yes,Friend Referral,23.6,104,Active,6000,"Prolift Fitness Gym, Wadi, Nagpur"
PFG20250737,Karan Jain,Male,26,Business,2025-05-07,Yearly,8000,Yes,4000,Cash,Shubham Kale,Evening,Yes,Friend Referral,26.9,65,Active,6000,"Prolift Fitness Gym, Wadi, Nagpur"
PFG20251163,Simran Sharma,Female,19,Housewife,2025-03-18,Quarterly,3000,Yes,3000,UPI,Shubham Kale,Evening,No,Google,26.0,79,Inactive,6000,"Prolift Fitness Gym, Wadi, Nagpur"
PFG20250185,Aarav Wankhede,Male,28,Working Professional,2025-12-19,Quarterly,3000,No,0,UPI,Akshay Deshmukh,Evening,Yes,Friend Referral,23.5,51,Inactive,6000,"Prolift Fitness Gym, Wadi, Nagpur"
PFG20250853,Aditya Thakur,Male,24,Student,2025-01-23,Half Yearly,5000,Yes,3000,Cash,Shubham Kale,Morning,Yes,Instagram,26.9,67,Active,6000,"Prolift Fitness Gym, Wadi, Nagpur"
PFG20251187,Shubham Borkar,Male,27,Working Professional,2025-08-25,Monthly,900,No,0,UPI,Akshay Deshmukh,Evening,Yes,Instagram,19.9,85,Active,6000,"Prolift Fitness Gym, Wadi, Nagpur"
PFG20250585,Pranav Sharma,Male,28,Working Professional,2025-08-27,Half Yearly,5000,No,0,UPI,Rohit Patil,Morning,No,Friend Referral,30.3,62,Inactive,6000,"Prolift Fitness Gym, Wadi, Nagpur"
PFG20250733,Om Wankhede,Male,28,Working Professional,2025-03-10,Monthly,900,No,0,UPI,Aman Sharma,Evening,No,Banner,23.2,88,Active,6000,"Prolift Fitness Gym, Wadi, Nagpur"
PFG20250811,Krishna Thakur,Male,30,Working Professional,2025-03-22,Half Yearly,5000,No,0,UPI,Aman Sharma,Morning,Yes,Instagram,33.3,61,Active,6000,"Prolift Fitness Gym, Wadi, Nagpur"
PFG20250904,Yash Yadav,Male,20,Government Employee,2025-06-28,Quarterly,3000,No,0,Cash,Aman Sharma,Morning,Yes,Instagram,32.3,82,Active,6000,"Prolift Fitness Gym, Wadi, Nagpur"
PFG20250812,Om Tiwari,Male,29,Student,2025-02-21,Monthly,900,No,0,UPI,Shubham Kale,Morning,Yes,Friend Referral,26.3,88,Active,6000,"Prolift Fitness Gym, Wadi, Nagpur"
PFG20250122,Krishna Borkar,Male,20,Government Employee,2025-12-11,Yearly,8000,Yes,2500,UPI,Akshay Deshmukh,Evening,Yes,Friend Referral,31.9,101,Inactive,6000,"Prolift Fitness Gym, Wadi, Nagpur"
PFG20250720,Krishna Patil,Male,26,Government Employee,2025-02-22,Monthly,900,No,0,UPI,Aman Sharma,Evening,Yes,Google,20.3,76,Active,6000,"Prolift Fitness Gym, Wadi, Nagpur"
PFG20251101,Aarav Patel,Male,21,Government Employee,2025-10-03,Yearly,8000,Yes,2500,Cash,Shubham Kale,Morning,No,Instagram,21.0,51,Active,6000,"Prolift Fitness Gym, Wadi, Nagpur"
PFG20250707,Sahil Deshmukh,Male,30,Freelancer,2025-11-11,Quarterly,3000,No,0,Card,Akshay Deshmukh,Morning,No,Instagram,27.8,67,Active,6000,"Prolift Fitness Gym, Wadi, Nagpur"
PFG20250095,Atharva Jain,Male,20,Housewife,2025-01-03,Monthly,900,Yes,3000,UPI,Shubham Kale,Evening,No,Friend Referral,24.9,100,Active,6000,"Prolift Fitness Gym, Wadi, Nagpur"
PFG20250413,Harsh Patel,Male,21,Business,2025-02-09,Monthly,900,No,0,Cash,Aman Sharma,Evening,No,Google,27.7,95,Active,6000,"Prolift Fitness Gym, Wadi, Nagpur"
PFG20250368,Aditya Borkar,Male,27,Housewife,2025-01-22,Monthly,900,No,0,UPI,Shubham Kale,Evening,Yes,Friend Referral,19.3,56,Active,6000,"Prolift Fitness Gym, Wadi, Nagpur"
PFG20250660,Atharva Patel,Male,28,Working Professional,2025-02-09,Quarterly,3000,No,0,Card,Aman Sharma,Morning,Yes,Friend Referral,32.4,69,Active,6000,"Prolift Fitness Gym, Wadi, Nagpur"
PFG20250777,Om Joshi,Male,27,Business,2025-08-04,Monthly,900,Yes,3000,UPI,Rohit Patil,Evening,Yes,Friend Referral,20.6,59,Active,6000,"Prolift Fitness Gym, Wadi, Nagpur"
PFG20250595,Arjun Gupta,Male,24,Business,2025-01-04,Half Yearly,5000,No,0,Cash,Aman Sharma,Morning,Yes,Banner,30.2,104,Active,6000,"Prolift Fitness Gym, Wadi, Nagpur"
PFG20250426,Pooja Thakur,Female,30,Working Professional,2025-08-16,Quarterly,3000,No,0,UPI,Rohit Patil,Morning,Yes,Instagram,26.5,92,Active,6000,"Prolift Fitness Gym, Wadi, Nagpur"
PFG20250505,Nikita Jain,Female,18,Student,2025-03-25,Monthly,900,No,0,UPI,Shubham Kale,Morning,Yes,Friend Referral,32.0,100,Active,6000,"Prolift Fitness Gym, Wadi, Nagpur"
PFG20250305,Riya Jain,Female,28,Student,2025-01-26,Quarterly,3000,Yes,3000,Cash,Rohit Patil,Evening,No,Google,26.0,93,Active,6000,"Prolift Fitness Gym, Wadi, Nagpur"
PFG20250858,Sahil Jain,Male,26,Student,2025-09-03,Quarterly,3000,No,0,Cash,Shubham Kale,Evening,No,Google,21.5,102,Active,6000,"Prolift Fitness Gym, Wadi, Nagpur"
PFG20250116,Sneha Sharma,Female,26,Business,2025-11-27,Monthly,900,Yes,4000,UPI,Akshay Deshmukh,Morning,Yes,Walk-in,25.5,100,Active,6000,"Prolift Fitness Gym, Wadi, Nagpur"
PFG20250846,Rohan Jain,Male,25,Government Employee,2025-11-13,Monthly,900,No,0,Cash,Shubham Kale,Evening,No,Google,32.3,61,Inactive,6000,"Prolift Fitness Gym, Wadi, Nagpur"
PFG20250459,Harsh Deshmukh,Male,30,Freelancer,2025-01-09,Monthly,900,No,0,Cash,Shubham Kale,Morning,Yes,Walk-in,22.3,66,Active,6000,"Prolift Fitness Gym, Wadi, Nagpur"
PFG20251106,Vivaan Mishra,Male,19,Student,2025-04-18,Monthly,900,No,0,Cash,Aman Sharma,Evening,Yes,Friend Referral,24.5,70,Active,6000,"Prolift Fitness Gym, Wadi, Nagpur"
